bookID,title,authors,average_rating,isbn,isbn13,language_code,  num_pages,ratings_count,text_reviews_count,publication_date,publisher
20343,The Various,Steve Augarde,3.71,440420296,9.78044E+12,eng,448,825,98,11/08/2005,Yearling
20351,Truman Capote: In Which Various Friends  Enemies  Acquaintances  and Detractors Recall His Turbulent Career,George Plimpton,4.08,385491735,9.78039E+12,eng,498,908,56,11/10/1998,Anchor
20355,The Burnt Orange Heresy,Charles Willeford,3.9,786706686,9.78079E+12,eng,144,564,49,12/20/1999,Carroll & Graf
20367,Ewan McGregor: From Junkie to Jedi,Brian J. Robb,2.8,859652769,9.78086E+12,eng,144,10,1,05/05/1999,Plexus Publishing
20381,Shadow Twin,Gardner Dozois/George R.R. Martin/Daniel Abraham,3.57,1596060298,9.7816E+12,eng,114,65,7,06/01/2005,Subterranean Press
20394,Der Prophet,Kahlil Gibran,4.23,3530268038,9.78353E+12,ger,95,9,0,09/01/2001,Benziger
20398,Le prophète,Kahlil Gibran,4.23,2844541844,9.78284E+12,fre,172,1,0,10/08/2002,Dervy
20408,The Complete Stories of Robert Louis Stevenson: Strange Case of Dr. Jekyll and Mr. Hyde and Nineteen Other Tales,Robert Louis Stevenson/Barry Menikoff,4.13,375761357,9.78038E+12,eng,818,439,12,10/08/2002,Modern Library
20410,The Complete Short Stories Of Robert Louis Stevenson: With A Selection Of The Best Short Novels,Robert Louis Stevenson/Charles Neider,4.21,030680882X,9.78031E+12,eng,720,52,12,8/22/1998,Da Capo Press
20413,A Child's Garden of Verses,Robert Louis Stevenson/Tasha Tudor,4.3,689823827,9.78069E+12,eng,67,22227,431,02/01/1999,Simon & Schuster Books for Young Readers
20417,Have Space Suit—Will Travel,Robert A. Heinlein,3.9,1416505490,9.78142E+12,eng,276,23541,661,02/08/2005,Pocket Books
20420,Practicalities,Marguerite Duras/Barbara Bray,3.98,802133118,9.7808E+12,eng,143,226,19,10/22/1993,Grove Press
20422,Le ravissement de Lol V. Stein,Marguerite Duras,3.66,2070368106,9.78207E+12,fre,192,485,38,6/25/1976,Gallimard
20423,India Song,Marguerite Duras/Barbara Bray,3.57,802131352,9.7808E+12,eng,146,289,9,1/13/1994,Grove Press
20424,Clown,Quentin Blake,3.98,805059334,9.78081E+12,en-US,32,384,47,9/15/1998,Henry Holt and Co. (BYR)
20425,The Spiral Stair (Arabel and Mortimer  #6),Joan Aiken/Quentin Blake,4.33,1903015073,9.7819E+12,eng,62,35,5,08/01/2000,Barn Owl Books
20429,A Near Thing for Captain Najork (Captain Najork #2),Russell Hoban/Quentin Blake,4.18,1567923232,9.78157E+12,eng,32,76,11,10/01/2006,David R. Godine
20468,Cover Her Face (Adam Dalgliesh #1),P.D. James/Neville Teller/Robin Ellis/Sian Phillips/Hugh Grant,3.93,563528273,9.78056E+12,eng,2,17,4,05/07/2002,BBC Physical Audio
20498,Reptiles and Amphibians (Smithsonian Handbooks),Mark O'Shea/Tim Halliday/Jonathan Metcalf,4,789493934,9.78079E+12,eng,256,56,5,10/01/2002,DK Publishing (Dorling Kindersley)
20501,The Camera (Ansel Adams Photography  #1),Ansel Adams/Robert Hardy Baker,4.16,821221841,9.78082E+12,eng,195,5961,65,06/01/1995,Little  Brown and Company
20502,The Negative (Ansel Adams Photography  #2),Ansel Adams/Robert Hardy Baker,4.4,821221868,9.78082E+12,en-US,265,1384,32,06/01/1995,Little  Brown and Company
20505,The Print (Ansel Adams Photography  #3),Ansel Adams/Robert Hardy Baker,4.37,821221876,9.78082E+12,en-US,203,997,14,06/01/1995,Little  Brown and Company
20509,The Changing Status of the Artist,Emma Barker/Nick Webb/Kim W. Woods,3.93,300077424,9.7803E+12,eng,260,8,0,03/01/1999,Yale University Press
20517,Vicars of Christ: A History of the Popes,Charles A. Coulombe,3.94,806523700,9.78081E+12,en-US,492,31,2,07/01/2003,Citadel
20518,The Big Bing: Black Holes of Time Management  Gaseous Executive Bodies  Exploding Careers  and Other Theories on the Origins of the Business Universe,Stanley Bing,3.11,60529571,9.78006E+12,en-US,368,27,6,01/03/2006,Harper Business
20519,What Would Machiavelli Do?: The Ends Justify the Meanness,Stanley Bing,3.45,66620104,9.78007E+12,eng,176,464,58,7/28/2004,Harper Business
20525,William James: In the Maelstrom of American Modernism,Robert D. Richardson Jr.,4.25,618433252,9.78062E+12,eng,622,353,42,11/09/2006,Houghton Mifflin Harcourt
20531,Cliffs Notes on Wright's Black Boy,Carl Senna/CliffsNotes/Richard Wright,3.75,822002426,9.78082E+12,eng,56,3,0,05/05/1971,Cliffs Notes
20547,The Wit and Wisdom of Abraham Lincoln: A Book of Quotations,Abraham Lincoln/Bob Blaisdell,4.15,486440974,9.78049E+12,eng,96,461,33,08/08/2005,Dover Publications
20549,Speeches and Writings 1832–1858,Abraham Lincoln/Don E. Fehrenbacher,4.36,940450437,9.78094E+12,eng,898,1180,21,10/01/1989,Library of America
20552,Selected Speeches and Writings,Abraham Lincoln/Gore Vidal,4.22,679737316,9.78068E+12,eng,515,172,12,2/18/1992,Vintage Books USA
20562,George Eliot: The Last Victorian,Kathryn  Hughes,4.05,815411219,9.78082E+12,eng,416,176,25,07/02/2001,Cooper Square Press
20564,The Mill on the Floss,George Eliot/A.S. Byatt,3.79,141439629,9.78014E+12,eng,579,41816,1337,2/27/2003,Penguin Classics
20567,Scenes of Clerical Life,George Eliot/Thomas A. Noble,3.78,019283780X,9.78019E+12,eng,310,2369,62,1/24/2002,Oxford University Press
20645,Terry Jones' Medieval Lives,Terry Jones/Alan Ereira,4.02,563522755,9.78056E+12,eng,240,1950,155,05/05/2005,BBC Books
20646,Terry Jones' Fairy Tales,Terry Jones/Michael Foreman,4.25,140322620,9.78014E+12,eng,160,182,19,06/01/1993,Puffin
20657,Some Ether,Nick Flynn,4.16,1555973035,9.78156E+12,eng,85,1683,87,05/01/2000,Graywolf Press
20660,Tin House: Evil (Volume 8 no. 3),Chris Adrian/Nick Flynn/Francine Prose/Josip Novakovich/Moonshine,3.9,977698947,9.78098E+12,eng,224,29,1,04/06/2007,Tin House Magazine
20661,A Note Slipped Under the Door: Teaching from Poems We Love,Nick Flynn/Shirley McPhillips/Philippa Stratton,4.12,1571103201,9.78157E+12,eng,256,57,5,01/01/2000,Stenhouse Publishers
20668,The Trouble with Testosterone and Other Essays on the Biology of the Human Predicament,Robert M. Sapolsky,4.11,684838915,9.78068E+12,eng,288,1106,85,4/24/1998,Scribner
20671,Monkeyluv: And Other Essays on Our Lives as Animals,Robert M. Sapolsky,4.17,743260163,9.78074E+12,en-CA,209,1024,102,10/10/2006,Scribner
20677,Literary Criticism  Vol. 1: Essays on Literature / American Writers / English Writers,Henry James/Leon Edel/Mark Wilson,4.26,940450224,9.78094E+12,eng,1504,27,4,12/01/1984,Library of America
20679,Advanced Statistics Demystified,Larry J. Stephens,4,71432426,9.78007E+12,eng,324,9,0,06/07/2004,McGraw-Hill Education
20687,Lilly's Big Day,Kevin Henkes,4.2,60742364,9.78006E+12,en-US,40,3177,205,3/28/2006,Greenwillow Books
20692,Chester's Way,Kevin Henkes,4.22,688154727,9.78069E+12,eng,32,5218,294,9/22/1997,Greenwillow Books
20694,Julius  the Baby of the World,Kevin Henkes,4.28,688143881,9.78069E+12,eng,32,6697,348,9/21/1995,Greenwillow Books
20738,Forms of Talk,Erving Goffman,3.81,081221112X,9.78081E+12,eng,344,82,2,03/01/1981,University of Pennsylvania Press
20741,Interaction Ritual - Essays on Face-to-Face Behavior,Erving Goffman,4.05,394706315,9.78039E+12,eng,288,308,9,01/12/1982,Pantheon
20749,Study Bible: NIV,Anonymous,4.7,310929555,9.78031E+12,eng,2198,4166,186,10/01/2002,Zondervan Publishing House
20775,My Lord Eternity (Immortal Rogues  #2),Debbie Raleigh/Alexandra Ivy,3.73,821775502,9.78082E+12,eng,256,407,14,10/01/2003,Zebra
20781,Aesop's Fables,Aesop/Ann McGovern,4.05,590438808,9.78059E+12,eng,80,108,10,11/01/1963,Scholastic Paperbacks
20794,Once A Wolf: How Wildlife Biologists Fought to Bring Back the Gray Wolf,Stephen R. Swinburne/Jim Brandenburg,4.06,618111204,9.78062E+12,eng,48,43,21,2/26/2001,HMH Books for Young Readers
20800,Conversations with Don DeLillo,Don DeLillo/Thomas DePietro,4.06,1578067049,9.78158E+12,en-US,183,111,7,1/13/2005,University Press of Mississippi
20807,Inventing America: Jefferson's Declaration of Independence,Garry Wills,3.93,618257764,9.78062E+12,eng,432,161,16,11/14/2002,Mariner Books
20809,Lincoln at Gettysburg: The Words That Remade America,Garry Wills,4.14,743299639,9.78074E+12,eng,320,6876,197,11/14/2006,Simon  Schuster
20810,Venice: Lion City: The Religion of Empire,Garry Wills,3.76,671047647,9.78067E+12,eng,416,124,20,09/03/2002,Washington Square Press
20812,Four Weddings and a Funeral,Richard Curtis,3.75,312143400,9.78031E+12,eng,128,47,4,4/15/1996,St. Martin's Griffin
20813,Halloween,Richard Curtis,4.13,553262963,9.78055E+12,eng,166,13,0,09/01/1982,Bantam
20833,Janet  My Mother and Me: A Memoir of Growing Up with Janet Flanner and Natalia Danesi Murray,William Murray,3.5,684809664,9.78068E+12,eng,320,36,8,2/17/2000,Simon & Schuster
20848,Catch That Pass!,Matt Christopher,3.91,316139246,9.78032E+12,eng,130,290,23,09/01/1989,Little  Brown Books for Young Readers
20862,Divide and Conquer (Tom Clancy's Op-Center  #7),Jeff Rovin/Tom Clancy/Steve Pieczenik,3.8,425174808,9.78043E+12,eng,372,2560,30,06/12/2000,Berkley
20865,Death Match (Tom Clancy's Net Force Explorers  #18),Diane Duane/Tom Clancy/Steve Pieczenik,4.17,042518448X,9.78043E+12,eng,192,136,1,07/01/2003,Berkley
20867,Line of Control (Tom Clancy's Op-Center  #8),Jeff Rovin/Tom Clancy/Steve Pieczenik,3.86,425180050,9.78043E+12,eng,384,3488,29,06/05/2001,Berkley
20868,Sea of Fire (Tom Clancy's Op-Center  #10),Jeff Rovin/Tom Clancy/Steve Pieczenik,3.89,425190919,9.78043E+12,eng,400,1267,24,6/24/2003,Berkley Books
20869,One is the Loneliest Number (Tom Clancy's Net Force Explorers  #3),Diane Duane/Tom Clancy/Steve Pieczenik,3.95,425164179,9.78043E+12,eng,182,452,1,04/01/1999,Berkley Publishing Group
20873,Aliens: Nightmare Asylum,Steve Perry,3.67,553561588,9.78055E+12,en-US,277,1118,54,04/01/1993,Spectra Books
20876,The Omega Cage (Matador  #4),Steve Perry/Michael Reaves,3.78,441623824,9.78044E+12,eng,256,522,18,04/01/1988,Ace
20879,The 97th Step (Matador  #5),Steve Perry,4.22,441581056,9.78044E+12,eng,304,744,9,12/01/1989,Ace
20891,A Friar's Bloodfeud (Knights Templar  #20),Michael Jecks,4.1,755323009,9.78076E+12,eng,500,220,14,06/05/2006,Headline
20895,Death Ship of Dartmouth (Knights Templar  #21),Michael Jecks,4.06,755323017,9.78076E+12,eng,352,7,1,06/01/2006,Headline Book Publishing
20913,The John Deere Two-Cylinder Tractor Encyclopedia: The Complete Model-by-Model History,Don Macmillan/Wayne G. Broehl Jr.,4.75,076032963X,9.78076E+12,eng,256,4,0,5/15/2007,Voyageur Press
20928,Phantoms,Rosalind M. Greenberg,3.38,886773482,9.78089E+12,eng,270,13,0,04/04/1989,DAW
20929,Fantasy Gone Wrong,Martin H. Greenberg/Brittiany A. Koren/Brian Stableford/Mickey Zucker Reichert/Fiona Patton/Jim C. Hines/Esther M. Friesner/Donald J. Bingle/Alan Dean Foster/Devon Monk/Phaedra M. Weldon/Christina F. York/Jana Paniccia/Josepha Sherman/Susan Sizemore/Michael Jasper/Janny Wurts/Lisanne Norman,3.45,756403804,9.78076E+12,eng,309,229,33,09/05/2006,DAW
20930,The Ghosts in Baker Street: New Tales of Sherlock Holmes,Martin H. Greenberg/Daniel Stashower,3.58,078671400X,9.78079E+12,en-US,320,51,6,01/09/2006,Running Press
20932,Christmas Bestiary,Martin H. Greenberg/Jack Nimersheim/Jane Yolen/Jack C. Haldeman II/Harry Turtledove/Laura Resnick/Mike Resnick/Karen Haber/Jane Lindskold/Lawrence Schimel/Barry N. Malzberg/Tanya Huff/Michelle Sagara West/Mark Aronson/Stefan R. Dziemianowicz/Jennifer Roberson/Kristine Kathryn Rusch/Elizabeth Ann Scarborough/Barbara Delaplace/Barb Jernigan/Blake Cahoon,3.62,886775280,9.78089E+12,eng,315,21,3,11/03/1992,DAW
20934,Black Cats and Broken Mirrors,John Helfers/Esther M. Friesner/Nina Kiriki Hoffman/Bruce Holland Rogers/Peter Crowther/R. Davis/Charles de Lint/Elizabeth Ann Scarborough/Michelle Sagara West/Nancy Springer/Dean Wesley Smith/Kristine Kathryn Rusch/Josepha Sherman/Jane Lindskold/Genevieve Gorman/Kristin Schwengel/Jean-François Podevin/Zane Stillings/Carol Rondou,3.38,886777887,9.78089E+12,eng,320,63,7,06/01/1998,DAW
20935,Time Twisters,Jean Rabe/Martin H. Greenberg/Stephen Leigh/Gene DeWeese/Joe Masdon/Donald J. Bingle/Skip Williams/Penny Williams/Pierce Askegren/Nancy Virginia Varian/Wes Nicholson/John Helfers/Chris Pierson/Harry Turtledove/Kevin J. Anderson/Robert E. Vardeman/Jackie Cassada/James M. Ward/Jon L. Breen/Linda P. Baker,3.36,756404053,9.78076E+12,eng,306,35,6,01/02/2007,DAW
20941,The Western Canon: The Books and School of the Ages,Harold Bloom,3.86,1573225142,9.78157E+12,eng,546,2141,167,09/01/1995,Riverhead Books
20942,Shakespeare: The Invention of the Human,Harold Bloom,4.02,157322751X,9.78157E+12,eng,745,3001,182,09/01/1999,The Berkley Publishing Group
20944,The American Religion,Harold Bloom,3.76,978721004,9.78098E+12,en-GB,305,288,40,10/01/2006,Chu Hartley Publishers LLC
20949,American Caesar: Douglas MacArthur 1880-1964,William Manchester,4.15,316544981,9.78032E+12,eng,811,10014,232,9/30/1978,Little  Brown & Company (Boston/Toronto)
20954,Winchester Shotguns,Dennis Adler/R.L. Wilson,5,785821082,9.78079E+12,eng,372,2,0,5/15/2008,Chartwell Books
20957,Colossians and Philemon: A Critical and Exegetical Commentary (International Critical Commentary),R. McL. Wilson,5,567044718,9.78057E+12,eng,512,1,0,12/07/2005,T&T Clark Int'l
20962,Maurice Sendak's Seven Little Monsters: What Time is It? - Book #4,Arthur Yorinks/Raymond Jafelice,2.75,078681778X,9.78079E+12,eng,24,4,1,04/05/2004,Volo
20971,Meditations for Manifesting: Morning and Evening Meditations to Literally Create Your Heart's Desire,Wayne W. Dyer,4.02,156170315X,9.78156E+12,eng,1,338,12,06/01/1995,Hay House
20972,There's a Spiritual Solution to Every Problem,Wayne W. Dyer,4.27,60192305,9.78006E+12,eng,288,5738,129,8/21/2001,Harper
21004,Michael Smith Elements of Style,Michael S.  Smith/Diane Dorrans Saeks,4.17,847827623,9.78085E+12,eng,212,18,1,11/22/2005,Rizzoli International Publications
21010,Spares,Michael Marshall Smith,4.13,6512674,9.78001E+12,eng,317,2566,160,11/02/1998,HarperCollins
21012,One of Us,Michael Marshall Smith,4.04,553580698,9.78055E+12,eng,368,1302,52,07/06/1999,Bantam
21016,The Secret City (Pyrates  #1),Chris Archer,4.11,439368510,9.78044E+12,eng,184,231,17,02/01/2003,Scholastic Paperbacks
21029,The Theory and Practice of Group Psychotherapy,Irvin D. Yalom/Molyn Leszcz,4.17,465092845,9.78047E+12,en-US,688,7888,119,07/06/2005,Basic Books
21031,When Nietzsche Wept,Irvin D. Yalom,4.32,60748125,9.78006E+12,eng,310,25063,1031,01/04/2005,Harper Perennial
21032,Existential Psychotherapy,Irvin D. Yalom,4.39,465021476,9.78047E+12,en-US,544,3689,103,12/08/1980,Basic Books
21059,Crown of Stars (Crown of Stars  #7),Kate Elliott,3.91,756404061,9.78076E+12,eng,609,2169,54,01/02/2007,DAW
21060,Crown Duel (Crown & Court #1-2),Sherwood Smith,4.19,142301515,9.78014E+12,eng,471,22971,896,06/10/2002,Firebird
21062,A Rose for the Crown,Anne Easter Smith,4.02,743276876,9.78074E+12,eng,650,4685,264,3/14/2006,Simon & Schuster
21063,The Bloody Crown of Conan (Conan the Cimmerian  #2),Robert E. Howard/Gary Gianni/Patrice Louinet,4.3,345461525,9.78035E+12,eng,366,3875,97,11/23/2004,Del Rey Ballantine Random House
21070,Rough Crossings: Britain  the Slaves and the American Revolution,Simon Schama,3.98,006053916X,9.78006E+12,eng,496,747,87,4/25/2006,Ecco / HarperCollins
21071,Landscape and Memory,Simon Schama,4.17,679735127,9.78068E+12,eng,672,900,80,11/05/1996,Vintage
21073,The Embarrassment of Riches: An Interpretation of Dutch Culture in the Golden Age,Simon Schama,4.06,679781242,9.78068E+12,en-US,720,1783,86,12/08/1997,Vintage
21075,Citizens: A Chronicle of the French Revolution,Simon Schama,3.99,141017279,9.78014E+12,en-GB,825,90,12,08/05/2004,Penguin
21089,The Feelings Book: The Care & Keeping of Your Emotions,Lynda Madison/Bonnie Timmons/Norm Bendell,4.16,1584855282,9.78158E+12,eng,104,782,51,09/01/2002,American Girl Publishing Inc
21091,A Smart Girl's Guide to Money: How to Make It  Save It  And Spend It,Nancy Holyoke/Ali Douglass,4.14,1593691033,9.78159E+12,en-GB,95,536,65,03/01/2006,American Girl Publishing Inc
21093,What Would You Do? (American Girl Library),Patti Kelley Criswell/Norm Bendell,4.26,1584858745,9.78158E+12,en-US,63,77,5,07/01/2004,American Girl Publishing Inc
21107,The Halloween Activity Book: Creepy  Crawly  Hairy  Scary Things to Do,Mymi Doinet/Benjamin Chaud,2,811832791,9.78081E+12,eng,32,1,1,08/01/2002,Chronicle Books
21114,The Capricorn Stone,Madeleine Brent,3.91,044920149X,9.78045E+12,eng,346,574,33,05/12/1983,Fawcett
21116,Golden Urchin,Madeleine Brent,4.09,449213897,9.78045E+12,en-GB,384,66,10,11/12/1987,Fawcett
21119,The Ethics of Ambiguity,Simone de Beauvoir/Bernard Frechtman,4.15,080650160X,9.78081E+12,eng,162,4114,153,06/01/2000,Citadel
21121,She Came to Stay,Simone de Beauvoir,3.91,6540805,9.78001E+12,en-GB,416,2040,88,10/09/1995,Flamingo
21122,The Coming of Age,Simone de Beauvoir/Patrick O'Brian,3.88,039331443X,9.78039E+12,en-GB,592,227,14,6/17/1996,W. W. Norton  Company
21125,A Transatlantic Love Affair: Letters to Nelson Algren,Simone de Beauvoir/Nelson Algren/Sylvie Le Bon de Beauvoir/Vanessa Kling/Ellen Gordon Reeves,4.01,1565845609,9.78157E+12,eng,560,235,16,09/01/1999,The New Press
21126,La force de l'âge,Simone de Beauvoir,4.15,2070377822,9.78207E+12,fre,786,192,17,11/14/1986,Folio
21143,What Life Was Like When Rome Ruled the World: The Roman Empire  100 BC - AD 200 (What Life Was Like),Time-Life Books,3.85,783554524,9.78078E+12,eng,192,91,9,5/24/1999,Time Life Medical
21151,Sudden Fiction International: 60 Short-Short Stories,Robert Shapard/James Thomas,3.76,393306135,9.78039E+12,en-US,352,306,29,10/17/1989,W. W. Norton  Company
21152,Sudden Fiction: American Short-Short Stories,Robert Shapard/James Thomas,3.84,879052651,9.78088E+12,eng,264,476,48,12/31/1983,Gibbs Smith
21173,Sarah Bernhardt,Elizabeth Silverthorne/Betty McCollum,4.25,791074587,9.78079E+12,eng,136,4,0,01/01/2004,Chelsea House Publishers
21179,The Art of Controversy (The Essays of Arthur Schopenhauer),Thomas Bailey Saunders,3.85,141916130X,9.78142E+12,eng,76,17,3,6/17/2004,Kessinger Publishing
21182,The Wisdom of Life,Arthur Schopenhauer/Thomas Bailey Saunders,4.14,486435504,9.78049E+12,eng,96,1487,77,03/08/2004,Dover Publications
21187,For All Time (Time Travelers  #4),Caroline B. Cooney,3.9,440229316,9.78044E+12,eng,261,1618,65,07/08/2003,Laurel Leaf Library
21188,Wanted!,Caroline B. Cooney,3.69,590988492,9.78059E+12,en-US,230,1969,193,07/01/1997,Scholastic Paperbacks
21191,The Time Travelers: Volume One,Caroline B. Cooney,3.94,553494805,9.78055E+12,en-US,420,302,29,01/10/2006,Laurel Leaf
21194,The Stranger,Caroline B. Cooney,3.53,590456806,9.78059E+12,eng,198,55,11,11/01/1993,Scholastic
21199,Every Night Italian: Every Night Italian,Giuliano Hazan/Marcella Hazan/Dana Gallagher,3.79,684800284,9.78068E+12,eng,256,70,2,01/12/2000,Scribner
21200,More Classic Italian Cooking,Marcella Hazan,4.48,345314034,9.78035E+12,eng,465,64,3,07/12/1984,Ballantine Books
21214,Practice Makes Perfect: Italian Verb Tenses,Paola Nanni-Tate,4,71451382,9.78007E+12,eng,252,9,1,11/23/2005,McGraw-Hill Companies
21220,Effigies (Faye Longchamp  #3),Mary Anna Evans,4.03,1590583426,9.78159E+12,eng,301,460,47,1/15/2007,Poisoned Pen Press
21223,The Cambridge Companion to Schopenhauer,Christopher Janaway,3.83,521629241,9.78052E+12,eng,494,23,3,1/20/2000,Cambridge University Press
21230,Stormie: A Story of Forgiveness and Healing,Stormie Omartian,4.4,1565078322,9.78157E+12,eng,192,430,44,09/01/1997,Harvest House Publishers
21242,The Orion Mystery: Unlocking the Secrets of the Pyramids,Robert Bauval/Adrian Geoffrey Gilbert,3.94,517884542,9.78052E+12,eng,352,1123,36,8/22/1995,Three Rivers Press
21245,Orion (Orion  #1),Ben Bova,3.72,812532473,9.78081E+12,eng,432,1386,54,12/15/1992,Tor Science Fiction
21248,Lake Orion (Images of America: Michigan),James E. Ingram/Lori Grove,4.5,738539562,9.78074E+12,eng,128,1,0,7/19/2006,Arcadia Publishing
21266,Rick Steves' Europe Through the Back Door,Rick Steves,4.24,1566918081,9.78157E+12,eng,808,3569,70,09/12/2017,Avalon Travel
21276,A Dangerous Man (Hank Thompson  #3),Charlie Huston,4.07,034548133X,9.78035E+12,eng,286,2735,162,9/19/2006,Ballantine Books
21277,Already Dead (Joe Pitt  #1),Charlie Huston,3.79,034547824X,9.78035E+12,en-US,268,8447,631,12/27/2005,Del Rey
21278,Caught Stealing (Hank Thompson  #1),Charlie Huston,4.04,345464788,9.78035E+12,eng,240,4797,431,5/31/2005,Ballantine Books
21280,Ultimate Annuals  Volume 2,Charlie Huston/Mike Carey/Brian Michael Bendis/Robert Kirkman/Mike Deodato/Ryan Sook/Stuart Immonen/Frazier Irving,3.21,785123717,9.78079E+12,eng,160,105,8,02/07/2007,Marvel
21282,Dead I Well May Be (Dead Trilogy #1),Adrian McKinty,3.97,743470567,9.78074E+12,eng,384,2594,243,8/31/2004,Pocket Books
21283,The Dead Yard (Michael Forsythe #2),Adrian McKinty,4.12,743499484,9.78074E+12,eng,364,1506,101,12/26/2006,Pocket Books
21284,The Lighthouse Land (Lighthouse Trilogy #1),Adrian McKinty,3.6,081095480X,9.78081E+12,eng,387,861,114,10/01/2006,Harry N. Abrams
21290,Spider Mountain (Cam Richter  #2),P.T. Deutermann,3.92,031233379X,9.78031E+12,eng,309,461,41,12/26/2006,St. Martin's Press
21294,The Edge of Honor,P.T. Deutermann,3.97,312953968,9.78031E+12,eng,626,168,16,5/15/1995,St. Martin's Paperbacks
21295,The Firefly,P.T. Deutermann,3.77,312994818,9.78031E+12,eng,528,317,31,11/30/2004,St. Martin's Paperbacks
21315,Diary of a Spider,Doreen Cronin/Harry Bliss,4.25,60001534,9.78006E+12,en-US,40,8134,292,7/26/2005,HarperCollins
21318,The Snow Spider (Snow Spider Trilogy  #1),Jenny Nimmo,3.7,439846757,9.78044E+12,en-US,146,2762,228,09/01/2006,Orchard Books (NY)
21320,Ultimate Spider-Man  Volume 16: Deadpool,Brian Michael Bendis/Mark Bagley,3.7,785119272,9.78079E+12,eng,184,1474,58,9/13/2006,Marvel
21321,Ultimate Spider-Man  Volume 7,Brian Michael Bendis/Mark Bagley,4.1,078512148X,9.78079E+12,eng,344,272,9,10/04/2006,Marvel
21322,Fables: 1001 Nights of Snowfall,Bill Willingham/Esao Andrews/John Bolton/Mark Buckingham/James Jean/Derek Kirk Kim/Tara  McPherson/Jill Thompson/Mark Wheatley/Michael Wm. Kaluta/Charles Vess/Brian Bolland,4.14,1401203671,9.7814E+12,eng,140,13759,538,10/18/2006,Vertigo
21323,Cold Fire / Hideaway / The Key to Midnight,Dean Koontz/Leigh Nichols,4.18,399146261,9.7804E+12,eng,784,19670,13,8/28/2000,Putnam Adult
21324,Fables  Vol. 8: Wolves,Bill Willingham/Mark Buckingham/Steve Leialoha/Shawn McManus/Andrew Pepoy,4.27,1401210015,9.7814E+12,eng,160,18799,568,12/20/2006,Vertigo
21325,Fables  Vol. 4: March of the Wooden Soldiers,Bill Willingham/Mark Buckingham/Craig Hamilton/Steve Leialoha/P. Craig Russell,4.29,1401202225,9.7814E+12,eng,231,26055,785,11/30/2004,Vertigo
21326,Fables  Vol. 1: Legends in Exile,Bill Willingham/Terry Moore/Mike Allred/Lan Medina/Mark Buckingham/Matthew Sturges/Steve Leialoha/Craig Hamilton/Russ Braun/James Jean/Tony Akins/Eric Shanower/Shawn McManus/Jae Lee/Chrissie Zullo/David Petersen,3.97,1563899426,9.78156E+12,eng,128,119292,2866,12/31/2002,Vertigo
21327,Fables  Vol. 7: Arabian Nights (and Days),Bill Willingham/Mark Buckingham/Steve Leialoha/Jim Fern/Jimmy Palmiotti/Andrew Pepoy,4.09,1401210007,9.7814E+12,eng,143,15575,547,07/05/2006,Vertigo
21328,Fables  Vol. 6: Homelands,Bill Willingham/David Hahn/Mark Buckingham/Lan Medina/Steve Leialoha,4.28,1401205003,9.7814E+12,eng,190,21472,637,1/27/2006,Vertigo
21329,Fables  Vol. 3: Storybook Love,Bill Willingham/Bryan Talbot/Lan Medina/Mark Buckingham/Linda Medley/Steve Leialoha/James Jean,4.13,140120256X,9.7814E+12,eng,190,32814,906,05/01/2004,Vertigo
21330,Fables  Vol. 5: The Mean Seasons,Bill Willingham/Mark Buckingham/Steve Leialoha/Tony Akins/Jimmy Palmiotti,4.19,1401204864,9.7814E+12,eng,166,20703,611,4/30/2005,Vertigo
21332,The Choice: A Fable of Free Trade and Protectionism,Russell Roberts/Russ Roberts,3.75,131433547,9.78013E+12,eng,132,350,31,09/01/2006,Pearson
21338,Brewer's Dictionary of Phrase and Fable,John Ayto,4.38,61121207,9.78006E+12,en-US,1326,40,4,8/15/2006,Collins Reference
21341,Jack of Fables  Vol. 1: The (Nearly) Great Escape,Bill Willingham/Matthew Sturges/Tony Akins/Andrew Pepoy,3.58,1401212220,9.7814E+12,eng,128,4372,271,2/28/2007,Vertigo
21342,Math Fables,Greg Tang/Heather Cahoon,4.03,043945400X,9.78044E+12,eng,40,0,0,01/01/1949,Scholastic Inc.
21343,The Five Dysfunctions of a Team: A Leadership Fable,Patrick Lencioni,4.04,787960756,9.78079E+12,eng,227,65444,2866,04/11/2002,Jossey-Bass
21348,Aesop's Fables,Aesop/Laura Harris/Laura Gibbs,4.05,192840509,9.78019E+12,eng,306,97136,947,04/10/2003,Oxford University Press
21352,Icebound,David Axton/Dean Koontz/Paul Michael,3.76,739341413,9.78074E+12,eng,0,46,12,03/06/2007,Random House Audio
21353,Odd Thomas (Odd Thomas #1),Dean Koontz/David Baker,3.97,739301764,9.78074E+12,eng,11,106,32,12/09/2003,Random House Audio Publishing Group
21362,Seize the Night (Moonlight Bay  #2),Dean Koontz/Keith Szarabajka,4.08,553479016,9.78055E+12,eng,12,23534,390,12/29/1998,Random House Audio Publishing Group
21365,From the Corner of His Eye,Dean Koontz/Stephen Lang,4.03,553502697,9.78055E+12,en-US,0,29,3,12/26/2000,Random House Audio Publishing Group
21370,The Good Guy,Dean Koontz/Richard Ferrrone,3.82,739332937,9.78074E+12,eng,9,115,24,5/29/2007,Random House Audio Publishing Group
21402,Pompeii,Robert   Harris/Michael Cumpsty,3.82,739341774,9.78074E+12,eng,0,7,1,09/05/2006,Random House Audio
21425,3rd Degree,James Patterson/Andrew Gross/Carolyn McCormick,4.02,1586215981,9.78159E+12,eng,7,76,9,03/01/2004,Hachette Audio
21426,2nd Chance (Women's Murder Club #2),James Patterson/Melissa Leo/Jeremy Piven/Andrew Gross,4.04,1594831165,9.78159E+12,eng,5,28,4,2/27/2006,Little  Brown & Company
21430,The Big Bad Wolf,James Patterson/Peter J. Fernandez/Denis O'Hare,3.99,1586215809,9.78159E+12,eng,8,101,13,11/01/2003,Little  Brown & Company
21437,Pop Goes the Weasel,James Patterson/Roger Rees/Keith David,4,1594836116,9.78159E+12,en-GB,460,49,5,11/13/2006,Little  Brown & Company
21484,The Winds of War (The Henry Family  #1),Herman Wouk,4.37,316952664,9.78032E+12,eng,896,47239,1251,02/05/2002,Back Bay Books
21489,Hollywood Station (Hollywood Station  #1),Joseph Wambaugh,3.73,316066141,9.78032E+12,en-US,340,2104,220,01/03/2007,Little Brown and Company
21491,The Choirboys,Joseph Wambaugh,4.06,752851314,9.78075E+12,eng,368,4227,126,4/18/2002,Orion
21493,Fire Lover: A True Story,Joseph Wambaugh,3.72,006009527X,9.78006E+12,eng,352,840,113,4/30/2002,William Morrow
21494,Floaters,Joseph Wambaugh,3.52,553575953,9.78055E+12,eng,291,567,38,03/03/1997,Bantam
21495,The New Centurions,Joseph Wambaugh,3.94,440164176,9.78044E+12,eng,368,2180,66,03/01/1987,Dell
21498,The Black Marble,Joseph Wambaugh,3.83,440613965,9.78044E+12,en-US,416,936,45,09/02/1998,Dell
21505,The Secrets of Harry Bright,Joseph Wambaugh,3.76,722189141,9.78072E+12,eng,307,605,26,05/07/1987,Sphere
21508,Lines and Shadows,Joseph Wambaugh,3.8,553763253,9.78055E+12,en-US,416,680,43,11/01/1995,Bantam
21527,Hollywood Tough (Shane Scully  #3),Stephen J. Cannell/Paul Michael/Michael Prichard,3.86,1559278226,9.78156E+12,eng,10,825,49,01/07/2003,Macmillan Audio
21530,Cold Hit (Shane Scully #5),Stephen J. Cannell/Scott Brick,3.85,1593977735,9.78159E+12,eng,11,15,6,08/01/2005,Macmillan Audio
21534,Trunk Music (Harry Bosch  #5; Harry Bosch Universe  #6),Michael Connelly/Dick Hill,4.18,1423323386,9.78142E+12,eng,13,126,26,11/28/2006,Brilliance Audio
21535,Angels Flight (Harry Bosch  #6),Michael Connelly/Dick Hill,4.18,159737685X,9.7816E+12,eng,9,106,20,7/25/2005,Brilliance Audio
21536,The Black Echo (Harry Bosch  #1; Harry Bosch Universe  #1),Michael Connelly/Dick Hill,4.1,1423323254,9.78142E+12,eng,12,209,54,11/25/2006,Brilliance Audio
21538,The Closers (Harry Bosch  #11; Harry Bosch Universe  #14),Michael Connelly/Len Cariou,4.13,1594830207,9.78159E+12,eng,12,198,28,05/01/2005,Hachette Audio
21539,Echo Park (Harry Bosch  #12; Harry Bosch Universe  #16),Michael Connelly/Len Cariou,4.12,1594835896,9.78159E+12,eng,11,174,35,10/09/2006,Little  Brown & Company
21543,The Poet (Jack McEvoy  #1; Harry Bosch Universe  #5),Michael Connelly/Buck Schirner,4.2,1423323238,9.78142E+12,eng,15,115,33,6/25/2006,Brilliance Audio
21544,The Concrete Blonde (Harry Bosch  #3),Michael Connelly/Dick Hill,4.16,1596009209,9.7816E+12,en-US,12,132,28,5/25/2005,Brilliance Audio
21545,The Best American Mystery Stories 2003,Michael Connelly/Otto Penzler,3.6,618390723,9.78062E+12,eng,1,5,2,11/04/2003,Mariner Books
21550,Hundred-Dollar Baby (Spenser  #34),Robert B. Parker/Joe Mantegna,3.82,739318659,9.78074E+12,eng,0,57,11,10/24/2006,Random House Audio
21552,The Spenser Collection: Volume I (Spenser  #27-28),Robert B. Parker/Joe Mantegna,4.26,739340190,9.78074E+12,en-US,0,77,3,5/30/2006,RH Audio
21553,School Days (Spenser  #33),Robert B. Parker/Joe Mantegna,3.87,739318616,9.78074E+12,en-US,0,24,3,9/27/2005,Random House Audio Publishing Group
21557,Potshot (Spenser  #28),Robert B. Parker/Joe Mantegna,3.89,553702467,9.78055E+12,eng,0,2,0,04/01/2003,RH Audio Price-less
21581,Chance (Spenser  #23),Robert B. Parker/Burt Reynolds,4.1,787107123,9.78079E+12,en-US,4,13,2,04/01/1996,Audio Literature
21608,The Accidental Time Machine,Joe Haldeman,3.7,441014992,9.78044E+12,eng,278,6572,660,08/07/2007,Ace
21609,A Separate War and Other Stories,Joe Haldeman/Connie Willis,3.68,441014070,9.78044E+12,en-US,270,342,35,08/01/2006,Ace Books
21611,The Forever War (The Forever War  #1),Joe Haldeman,4.15,60510862,9.78006E+12,eng,278,108783,4005,09/02/2003,Voyager
21613,Worlds Enough and Time (Worlds #3),Joe Haldeman,3.7,688090257,9.78069E+12,eng,332,336,13,05/01/1992,William Morrow & Company
21615,The Coming,Joe Haldeman,3.09,441008763,9.78044E+12,eng,278,690,71,11/01/2001,Ace
21618,Forever Peace (The Forever War  #2),Joe Haldeman,3.74,441005667,9.78044E+12,eng,351,16338,422,10/01/1998,Ace Books
21621,Dealing in Futures,Joe Haldeman,3.73,451452585,9.78045E+12,en-US,352,193,12,11/01/1993,Roc
21624,Study War No More: A Selection of Alternatives,Joe Haldeman/William Nabors/Harry Harrison/Damon Knight/Harlan Ellison/Ben Bova/Poul Anderson/Isaac Asimov/Mack Reynolds/Alec Effinger,3.56,380405199,9.78038E+12,eng,323,97,2,10/01/1978,Avon
21626,Not of Woman Born,Constance Ash/Nina Kiriki Hoffman/Patricia A. McKillip/Walter Jon Williams/Debra Doyle/James D. Macdonald/Kara Dalkey/Michael Armstrong/Richard Parks/Sage Walker/Susan Palwick/William F. Wu/Jack McDevitt/Janni Lee Simner/Robert Silverberg,3.82,451456815,9.78045E+12,eng,288,60,11,03/01/1999,Roc
21629,Worlds Apart (Worlds 2),Joe Haldeman,3.69,380716828,9.78038E+12,eng,227,485,8,6/28/1992,Avon Books (AvoNova)
21638,Train_man  Volume 3 (Train_man),Hidenori Hara/Hitori Nakano,3.94,1421508508,9.78142E+12,eng,200,102,15,2/13/2007,VIZ Media LLC
21665,The Best American Mystery Stories 2004,Nelson DeMille/Otto Penzler,3.55,618497420,9.78062E+12,eng,0,3,0,10/14/2004,Mariner Books
21671,Mystic River,Dennis Lehane,4.18,60584750,9.78006E+12,eng,416,109447,2859,02/01/2001,William Morrow Paperbacks
21673,Mystic River,Dennis Lehane,4.18,593047508,9.78059E+12,eng,401,44,3,03/05/2001,Bantam Press
21682,Coronado: Stories,Dennis Lehane,3.38,006113967X,9.78006E+12,eng,240,2907,261,08/08/2006,William Morrow
21683,Prayers for Rain (Kenzie & Gennaro  #5),Dennis Lehane,4.09,380730367,9.78038E+12,eng,375,16329,619,05/02/2000,HarperTorch
21685,A Drink Before the War (Kenzie & Gennaro  #1),Dennis Lehane,3.95,156029022,9.78016E+12,eng,282,29089,1523,9/15/2003,Mariner Books
21686,Shutter Island,Dennis Lehane,4.09,038073186X,9.78038E+12,eng,369,134985,6300,4/27/2004,HarperTorch
21703,The Best American Mystery Stories 2002,James Ellroy/Otto Penzler/John Biguenet/Michael Connelly/Thomas H. Cook/Sean Doolittle/Brendan DuBois/David Edgerley Gates/Joe Gores/James Grady/Clark Howard/Stuart M. Kaminsky/Joe R. Lansdale/Michael Malone/Annette Meyers/Joyce Carol Oates/Robert B. Parker/F.X. Toole/Daniel Waterman/Scott Wolven/Fred Melton,3.58,618258078,9.78062E+12,eng,1,0,0,10/15/2002,Mariner Books
21704,The Black Dahlia (L.A. Quartet  #1),James Ellroy,3.75,446698873,9.78045E+12,eng,348,70771,1815,8/16/2006,Mysterious Press
21705,The Black Dahlia Files: The Mob  the Mogul  and the Murder That Transfixed Los Angeles,Donald H. Wolfe,3.84,60582502,9.78006E+12,en-US,448,635,57,09/05/2006,Harper Paperbacks
21710,Corroborating Evidence: The Black Dahlia Murder,William T. Rasmussen,3.39,865344922,9.78087E+12,eng,234,12,1,10/30/2005,Sunstone Press
21712,Childhood Shadows: The Hidden Story of the Black Dahlia Murder,Mary  Pacios,3.5,1585004847,9.78159E+12,eng,292,50,4,12/19/1999,Authorhouse
21717,Triptych (Will Trent  #1),Karin Slaughter,4.13,385339461,9.78039E+12,eng,393,42325,2011,8/15/2006,Delacorte Press
21718,Blindsighted (Grant County  #1),Karin Slaughter,4.09,380820889,9.78038E+12,eng,418,53996,2171,10/01/2002,HarperTorch
21719,Kisscut (Grant County  #2),Karin Slaughter,4.09,60534044,9.78006E+12,eng,436,25675,1096,9/30/2003,HarperTorch
21720,Beyond Reach (Grant County  #6),Karin Slaughter,4.19,038533947X,9.78039E+12,eng,404,19136,979,7/31/2007,Delacorte Press
21721,A Faint Cold Fear (Grant County  #3),Karin Slaughter,4.08,60534052,9.78006E+12,eng,422,25119,900,7/27/2004,Harper
21722,Faithless (Grant County  #5),Karin Slaughter,4.12,440242916,9.78044E+12,en-US,549,21130,708,7/25/2006,Dell Publishing Company
21723,Like A Charm,Karin Slaughter/Peter Robinson/John Connolly/Denise Mina/Mark Billingham,3.48,60583312,9.78006E+12,en-US,384,22,4,5/26/2015,William Morrow Paperbacks
21725,Like a Charm,Karin Slaughter/Denise Mina/John Harvey/Kelley Armstrong/John Connolly/Emma Donoghue/Jane Haddam/Laura Lippman/Peter Robinson/Fidelis Morgan/Peter Moore Smith/Lynda La Plante/Jerrilyn Farmer/Lee Child/Mark Billingham,3.48,99462257,9.7801E+12,eng,384,1322,88,06/03/2004,Arrow
21735,The Enemy (Jack Reacher  #8),Lee Child/Dick Hill,4.16,1593553943,9.78159E+12,eng,14,178,35,05/11/2004,Brilliance Audio
21739,The Visitor (Jack Reacher  #4),Lee Child/Hayward Morse/Garrick Hagon,4.09,1860428789,9.78186E+12,eng,15,4,0,10/01/2004,Soundings
21742,Tripwire (Jack Reacher  #3),Lee Child/Dick Hill,4.09,1567408346,9.78157E+12,eng,3,16,3,07/08/1999,Nova Audio Books
21743,Killing Floor (Jack Reacher  #1),Lee Child/Dick Hill,4.05,159355558X,9.78159E+12,en-US,3,124,27,04/10/2004,Brilliance Audio
21745,Without Fail (Jack Reacher  #6),Lee Child/Dick Hill,4.15,1590860624,9.78159E+12,eng,14,64395,1617,5/17/2002,Brilliance Audio
21746,The Enemy (Jack Reacher  #8),Lee Child/Dick Hill,4.16,1590864093,9.78159E+12,eng,14,4,0,05/11/2004,Brilliance Audio
21747,One Shot (Jack Reacher  #9),Lee Child/Dick Hill,4.21,1593555199,9.78159E+12,eng,12,138,26,6/14/2005,Brilliance Audio
21749,Bad Luck and Trouble (Jack Reacher  #11),Lee Child,4.18,739340670,9.78074E+12,eng,13,53,15,5/15/2007,Random House Audio
21751,The Enemy (Jack Reacher  #8),Lee Child,4.16,1423319613,9.78142E+12,en-US,6,10,3,4/28/2007,Brilliance Audio
21752,The Visitor (Jack Reacher  #4),Lee Child/Hayward Morse,4.09,1860429165,9.78186E+12,eng,14,7,1,05/01/2002,Soundings
21753,Echo Burning (Jack Reacher  #5),Lee Child,4.01,1423319524,9.78142E+12,eng,5,40,14,2/28/2007,Brilliance Audio
21756,Tripwire (Jack Reacher  #3),Lee Child/Dick Hill,4.09,1593358725,9.78159E+12,en-US,14,3,1,11/25/2004,Brilliance Audio
21758,The Enemy (Jack Reacher  #8),Lee Child/Dick Hill,4.16,1593354746,9.78159E+12,eng,14,3,2,06/10/2004,Brilliance Audio
21759,Tripwire (Jack Reacher  #3),Lee Child/Dick Hill,4.09,1593555601,9.78159E+12,eng,14,11,1,11/25/2004,Brilliance Audio
21763,Tripwire (Jack Reacher  #3),Lee Child/Dick Hill,4.09,1593357389,9.78159E+12,eng,14,18,4,11/25/2004,Brilliance Audio
21764,The Enemy (Jack Reacher  #8),Lee Child/Dick Hill,4.16,1593353154,9.78159E+12,eng,14,1,0,06/10/2004,Brilliance Audio
21765,Blood on the Moon: The Assassination of Abraham Lincoln,Edward Steers Jr.,4.13,813191513,9.78081E+12,eng,360,497,58,10/01/2005,University Press of Kentucky
21766,The Blood of the Moon: Understanding the Historic Struggle Between Islam and Western Civilization,George Grant,3.69,785265430,9.78079E+12,eng,224,70,8,12/16/2001,Thomas Nelson
21767,Blood on the Moon (Lloyd Hopkins  #1),James Ellroy,3.44,140009528X,9.7814E+12,eng,272,1612,100,05/10/2005,Vintage
21768,Blood Moon Over Bengal,Morag McKendrick Pippin,3.47,843954523,9.78084E+12,eng,337,20,6,10/01/2004,Leisure Books
21773,Blood Moon Over Britain,Morag McKendrick Pippin,3.44,843955821,9.78084E+12,eng,323,17,4,12/01/2005,Leisure Books
21776,The Silent Gondoliers,William Goldman,3.81,345442636,9.78035E+12,eng,128,1339,136,01/02/2001,Del Rey
21779,The Season: A Candid Look at Broadway,William Goldman,4.1,879100230,73999768442,eng,448,291,35,07/01/2004,Limelight
21782,Heat,William Goldman,3.37,446300004,9.78045E+12,eng,244,242,17,09/01/1986,Warner Books (NY)
21783,Tinsel,William Goldman,3.19,440187354,9.78044E+12,eng,399,258,14,6/15/1980,Dell
21784,William Goldman: Four Screenplays,William Goldman,4.29,155783198X,73999254907,en-US,504,17,1,05/01/2000,Applause Books
21787,The Princess Bride,William Goldman,4.26,345418263,9.78035E+12,eng,456,703676,13878,7/15/2003,Ballantine Books
21799,Hype and Glory,William Goldman/P. Gethers,3.67,679734783,9.78068E+12,eng,306,129,14,3/13/1991,Villard
21803,La princesa prometida,William Goldman,4.26,8427030975,9.78843E+12,spa,480,39,7,6/14/2005,Planeta Publishing
21806,Boys and Girls Together,William Goldman,3.67,345439732,9.78035E+12,eng,768,753,59,7/31/2001,Ballantine Books
21819,Wait Till Next Year: The Story of a Season When What Should've Happened Didn't  and What Could've Gone Wrong Did,William Goldman/Mike Lupica,3.94,553053191,9.78055E+12,en-US,363,90,11,11/01/1988,Bantam
21823,The Princess Bride: S. Morgenstern's Classic Tale of True Love and High Adventure,William Goldman,4.26,151730857,9.78015E+12,eng,283,460,73,09/01/1973,Harcourt  Brace  Jovanovich
21829,Creepers,David Morrell,3.66,1593153570,9.78159E+12,en-CA,388,4513,515,9/26/2005,CDS Books
21830,The Totem,David Morrell,3.58,446691909,9.78045E+12,eng,448,1152,76,04/01/2003,Grand Central Publishing
21832,The League of Night and Fog (Mortalis  #3),David Morrell,4.1,446691925,9.78045E+12,eng,448,2564,64,04/01/2003,Grand Central Publishing
21836,Scavenger (Frank Balenger  #2),David Morrell,3.6,1593154410,9.78159E+12,eng,368,1760,190,3/13/2007,Vanguard Press
21837,The Fraternity of the Stone (Mortalis  #2),David Morrell,4.16,074723891X,9.78075E+12,eng,448,2646,68,7/16/1992,Headline
21838,The Brotherhood of the Rose (Mortalis  #1),David Morrell,4.14,747238901,9.78075E+12,eng,416,5422,163,7/16/1992,Headline Book Publishing
21841,The Protector (Cavanaugh #1),David Morrell,3.94,446530689,9.78045E+12,eng,401,2222,80,5/19/2003,Warner Books (NY)
21845,Assumed Identity,David Morrell,3.78,446600709,9.78045E+12,eng,512,1118,46,09/01/1994,Vision
21848,Double Image,David Morrell,3.55,2253172286,9.78225E+12,fre,510,3,1,04/10/2002,Le Livre de Poche
21862,La Cinquième profession,David Morrell,3.99,2253060704,9.78225E+12,fre,539,9,2,06/01/1992,Le Livre de Poche
21874,The Last Kingdom (The Saxon Stories  #1),Bernard Cornwell/Jamie Glover,4.25,61126578,9.78006E+12,eng,6,16,1,7/25/2006,HarperAudio
21895,The Last Kingdom (The Saxon Stories  #1),Bernard Cornwell/Tom Sellwood,4.25,792734750,9.78079E+12,en-GB,13,48,19,02/01/2005,Audiogo
21906,The Last Kingdom (The Saxon Stories  #1),Bernard Cornwell/Jamie Glover,4.25,60759259,9.78006E+12,eng,6,39,9,1/25/2005,HarperAudio
21928,Time To Hunt (Bob Lee Swagger  #3),Stephen Hunter/Beau Bridges,4.26,055345580X,9.78055E+12,eng,0,11,1,5/18/1998,Random House Audio
21930,Black Light (Bob Lee Swagger  #2),Stephen Hunter/Beau Bridges,4.13,055347748X,9.78055E+12,en-US,4,17,0,05/01/1996,Random House Audio Publishing Group
21931,The Day Before Midnight,Stephen Hunter/Philip Bosco,4.01,553452118,9.78055E+12,eng,0,1,0,12/01/1989,Random House Audio
21932,Hot Springs (Earl Swagger  #1),Stephen Hunter/Jay O. Sanders,4.13,743500261,9.78074E+12,eng,0,3,0,06/01/2000,Simon & Schuster Audio
21933,Point Of Impact (Bob Lee Swagger  #1),Stephen Hunter/Beau Bridges,4.27,739344242,9.78074E+12,eng,0,15,1,01/09/2007,RH Audio
21934,Dirty White Boys,Stephen Hunter/Will Patten,4.05,1570421927,9.78157E+12,eng,0,1,1,05/01/2006,Hachette Audio
21947,Bevor es Nacht wird. Ein Leben in Havanna,Reinaldo Arenas,4.17,3423129867,9.78342E+12,ger,400,16,2,07/01/2002,dtv
21969,The Book of the Dead  (Pendergast  #7; Diogenes  #3),Douglas Preston/Lincoln Child/Scott Brick,4.13,1594832285,9.78159E+12,eng,0,112,16,5/30/2006,Grand Central Publishing
21972,Relic (Pendergast #1),Douglas Preston/Lincoln Child,4.02,1423330412,9.78142E+12,eng,473,152,41,2/25/2007,Brilliance Audio
21974,The Wheel of Darkness (Pendergast  #8),Douglas Preston/Lincoln Child,3.93,1594839417,9.78159E+12,en-US,0,41,9,8/28/2007,Grand Central Publishing
21980,Tyrannosaur Canyon,Douglas Preston/Scott Sowers,3.8,1593977794,9.78159E+12,eng,12,79,18,8/23/2005,MacMillan Audio
21991,Waterworks,E.L. Doctorow/Sam Waterston,3.44,679433724,9.78068E+12,eng,0,16,2,5/31/1994,Random House Audio
21996,The Devil in the White City: Murder  Magic  and Madness at the Fair That Changed America,Erik Larson/Tony Goldwyn,3.99,739303406,9.78074E+12,eng,447,421575,23793,02/11/2003,Random House Audio Publishing Group
22017,King Icahn,Mark      Stevens/Carol Bloom Stevens,3.97,525936130,9.78053E+12,eng,336,35,1,06/01/1993,Dutton Books
22026,The Sicilian,Mario Puzo,3.97,345441702,9.78035E+12,eng,416,16557,502,05/01/2001,Ballantine Books
22027,The Dark Arena,Mario Puzo,3.35,345441699,9.78035E+12,eng,288,1554,54,05/01/2001,Ballantine Books
22028,Omerta,Mario Puzo,3.71,345432401,9.78035E+12,eng,369,12374,330,05/01/2001,Ballantine Books
22035,Fools Die,Mario Puzo,3.72,451160193,9.78045E+12,eng,544,5197,215,10/01/1979,Signet
22036,The Godfather,Mario Puzo/Peter Bart/Robert Thompson,4.37,451217403,9.78045E+12,eng,448,180,17,10/04/2005,New American Library
22037,The Fortunate Pilgrim,Mario Puzo,3.83,345476727,9.78035E+12,eng,304,3232,222,9/28/2004,Ballantine Books
22060,On the Road to Perdition — Oasis  Sanctuary  and Detour — (Road to Perdition  #2),Max Allan Collins/José Luis García-López/Steve Lieber/Josef Rubinstein/Rob Leigh/Bob Lappan,3.66,1401203574,9.7814E+12,eng,294,168,14,12/01/2004,DC Comics
22061,Oasis (On the Road to Perdition  #1),Max Allan Collins/Steve Lieber/Josef Rubinstein/Rob Leigh/José Luis García-López/Bob Lappan,3.55,1401200680,9.7814E+12,eng,96,76,5,05/01/2003,DC Comics
22063,Double Dealer (CSI: Crime Scene Investigation  #1),Max Allan Collins/Mike Flaherty,3.67,743444043,9.78074E+12,en-US,320,1029,53,04/01/2003,Pocket Books
22065,The London Blitz Murders (Disaster Series  #5),Max Allan Collins,3.72,425198057,9.78043E+12,eng,272,209,35,05/04/2004,Berkley
22067,The Last Quarry (Quarry #7),Max Allan Collins,3.93,843955937,9.78084E+12,eng,201,673,68,08/01/2006,Hard Crime Case
22068,Snake Eyes (CSI: Crime Scene Investigation  #8),Max Allan Collins,3.77,743496655,9.78074E+12,en-US,288,457,18,09/01/2006,Pocket Star
22070,A Killing in Comics (Jack & Maggie Starr  #1),Max Allan Collins/Terry Beatty,3.65,042521365X,9.78043E+12,eng,272,151,29,05/01/2007,Berkley Trade
22072,The War of the Worlds Murder (Disaster Series  #6),Max Allan Collins,3.71,425204014,9.78043E+12,eng,256,196,38,07/05/2005,Berkley
22076,From a Buick 8,Stephen King,3.45,743211375,9.78074E+12,eng,356,53587,1330,9/24/2002,Scribner
22077,The Michael Crichton Collection: Jurassic Park / The Lost World / The Andromeda Strain,Michael Crichton/Chris Noth/Anthony Heald,4.29,375415807,9.78038E+12,eng,0,107,3,06/09/2000,Random House Audio
22082,Jurassic Park,Michael Crichton,4.02,345418956,9.78035E+12,en-US,400,27,5,6/23/1997,Ballantine Books
22095,Binary,John Lange,3.53,394479874,9.78039E+12,eng,213,94,10,12/31/1972,Alfred A. Knopf
22114,Un train d'or pour la Crimée,Michael Crichton,3.86,226607007X,9.78227E+12,fre,342,16,3,1/13/1999,Pocket
22120,The Voices of Morebath: Reformation and Rebellion in an English Village,Eamon Duffy,3.69,300098251,9.7803E+12,eng,232,361,39,08/11/2003,Yale University Press
22121,Imperial Life in the Emerald City: Inside Iraq's Green Zone,Rajiv Chandrasekaran,4.02,1400044871,9.7814E+12,eng,320,4545,477,9/19/2006,Knopf
22123,The Coming Economic Collapse: How You Can Thrive When Oil Costs $200 a Barrel,Stephen Leeb/Glen C. Strathy,3.4,446699004,9.78045E+12,en-US,211,34,3,02/01/2007,Business Plus
22126,Betrayal of Trust: The Collapse of Global Public Health,Laurie Garrett/Steven M. Wolinsky,4.12,786884401,9.78079E+12,eng,768,1126,50,8/15/2001,Hachette Books
22127,Crash Proof: How to Profit from the Coming Economic Collapse,Peter D. Schiff/John Downes,3.78,470043601,9.78047E+12,eng,272,1086,89,02/01/2007,John Wiley & Sons
22128,Patriots (The Coming Collapse),James Wesley, Rawles,3.63,156384155X,9.78156E+12,eng,342,38,4,1/15/1999
22133,The World  the Text  and the Critic,Edward W. Said/إدوارد سعيد,4.18,674961870,9.78067E+12,eng,336,198,6,06/10/2006,Harvard University Press
22135,Culture and Imperialism,Edward W. Said,4.15,679750541,9.78068E+12,eng,380,4053,123,5/31/1994,Vintage
22141,La economía Long Tail,Chris Anderson/Federico Villegas Silva Lezama,3.81,8493464260,9.78849E+12,spa,318,24,3,07/01/2007,Ediciones Urano
22146,Prioritizing Web Usability,Jakob Nielsen/Hoa Loranger,3.94,321350316,9.78032E+12,en-US,406,599,16,4/20/2006,New Riders Publishing
22148,Homepage Usability: 50 Websites Deconstructed,Jakob Nielsen/Marie Tahir,3.74,073571102X,9.78074E+12,eng,336,341,12,11/15/2001,New Riders Publishing
22155,Let My People Go Surfing: The Education of a Reluctant Businessman,Yvon Chouinard,4.22,143037838,9.78014E+12,eng,272,7838,681,09/05/2006,Penguin Books
22160,And Then There Were None,Agatha Christie/Hugh Fraser,4.26,1572704497,9.78157E+12,eng,0,214,49,10/15/2004,Audiogo
22163,The Wild Trees: A Story of Passion and Daring,Richard   Preston,4.09,1400064899,9.7814E+12,eng,294,5588,942,8/23/2007,Random House (NY)
22166,The Boat of Dreams: A Christmas Story,Richard   Preston/George Henry Jennings,3.29,074324592X,9.78074E+12,eng,111,115,22,10/28/2003,Touchstone Books
22175,Strange Pilgrims,Gabriel García Márquez,4.03,1400034698,9.7814E+12,eng,208,6952,422,11/14/2006,Vintage
22176,Doce cuentos peregrinos,Gabriel García Márquez,4.03,1400034949,9.7814E+12,spa,192,3205,195,11/14/2006,Vintage
22186,Would I Lie to You (Gossip Girl  #10),Cecily von Ziegesar,3.59,316011835,9.78032E+12,eng,192,7948,135,10/04/2006,Little  Brown Young Readers
22188,Gossip Girl (Gossip Girl  #1),Cecily von Ziegesar,3.52,316910333,9.78032E+12,eng,224,54400,2271,04/01/2002,Little  Brown and Company
22192,All I Want is Everything (Gossip Girl  #3),Cecily von Ziegesar,3.55,316912123,9.78032E+12,eng,240,16452,412,05/07/2003,Poppy
22193,You're the One That I Want (Gossip Girl  #6),Cecily von Ziegesar,3.71,316735167,9.78032E+12,eng,224,17875,204,10/06/2004,Little  Brown Young Readers
22195,The Zero,Jess Walter,3.51,60898658,9.78006E+12,eng,336,1976,297,8/29/2006,Harper
22196,Zero: The Biography of a Dangerous Idea,Charles Seife,3.96,285635948,9.78029E+12,eng,248,131,19,10/12/2000,Souvenir Press
22197,Zero Debt: The Ultimate Guide to Financial Freedom,Lynnette Khalfani,3.74,1932450750,9.78193E+12,eng,204,49,10,08/01/2004,Advantage World Press
22198,The Hunt for Zero Point: Inside the Classified World of Antigravity Technology,Nick Cook,4.12,767906284,9.78077E+12,en-US,320,323,37,12/18/2007,Broadway Books
22199,Year Zero,Jeff Long,3.6,1416534423,9.78142E+12,eng,416,2164,139,07/01/2006,Atria Books
22200,Count Zero (Sprawl  #2),William Gibson,4.01,441013678,9.78044E+12,en-US,308,37360,799,03/07/2006,Ace Books
22201,Triple Zero  (Star Wars: Republic Commando  #2),Karen Traviss,4.24,345490096,9.78035E+12,eng,393,5130,163,2/28/2006,Del Rey Books
22202,Bravo Two Zero,Andy McNab,4.09,552153575,9.78055E+12,eng,416,9151,269,11/01/2005,Corgi
22205,This Lullaby,Sarah Dessen,4.03,142501557,9.78014E+12,eng,345,163599,4453,03/08/2004,Speak
22207,Lullabies for Little Criminals,Heather O'Neill,3.98,60875070,9.78006E+12,eng,330,18419,1371,10/17/2006,Harper Perennial
22208,Hush! A Thai Lullaby,Minfong Ho/Holly Meade,4.03,531071669,9.78053E+12,eng,32,1315,197,03/01/2000,Scholastic Inc.
22209,Lullaby Town (Elvis Cole  #3),Robert Crais,4.14,752817000,9.78075E+12,eng,296,8359,319,04/01/2008,Orion
22219,The Iliad (SparkNotes Literature Guides),SparkNotes/Homer,3.65,1586633716,9.78159E+12,eng,88,23,3,01/10/2002,SparkNotes
22221,The Iliad,Homer,3.86,471377589,9.78047E+12,eng,150,3834,134,10/28/1999,John Wiley & Sons
22225,The Princess Bride (Long  Tall Texans  #15),Diana Palmer,3.89,373192827,9.78037E+12,eng,192,634,32,1/23/1998,Silhouette Romance
22226,The Sultan's Bought Bride  (Princess Brides  #1),Jane Porter,3.74,037312418X,9.78037E+12,eng,192,224,20,8/25/2004,Harlequin Presents
22227,The Sheik & the Princess Bride (Desert Rogues  #8),Susan   Mallery,3.95,373246471,9.78037E+12,eng,256,506,22,10/25/2004,Silhouette Special Edition
22229,The Prince Kidnaps a Bride (Lost Princesses  #3),Christina Dodd,3.79,60561181,9.78006E+12,eng,384,2103,84,11/28/2006,Avon
22230,Stargirl (Stargirl  #1),Jerry Spinelli,3.76,440416779,9.78044E+12,eng,186,1969,252,05/11/2004,Laurel Leaf
22233,Love  Stargirl (Stargirl  #2),Jerry Spinelli,3.82,375813756,9.78038E+12,en-US,274,713,110,8/14/2007,Knopf Books for Young Readers
22235,Stargirl LitPlans on CD,Mary B. Collins,4.86,158337292X,9.78158E+12,eng,210,5,0,9/15/2005,Teacher's Pet Publications
22237,Son of the Mob (Son of the Mob  #1),Gordon Korman,3.72,786815930,9.78079E+12,eng,262,5977,620,09/01/2004,Little  Brown Books for Young Readers
22238,Hollywood Hustle (Son of the Mob  #2),Gordon Korman,3.64,786809191,9.78079E+12,eng,268,1615,145,04/01/2006,Hyperion Paperbacks
22239,For the Sins of My Father: A Mafia Killer  His Son  and the Legacy of a Mob Life,Albert Demeo/Mary Jane Ross,4.05,767906896,9.78077E+12,eng,288,966,108,09/09/2003,Broadway Books
22242,El ojo de fuego,Lewis Perdue,3.66,848974615X,9.78849E+12,spa,496,18,1,02/01/2007,Puzzle-Via Magna
22265,Neptune Noir: Unauthorized Investigations into Veronica Mars,Rob Thomas/Leah Wilson/Heather Havrilesky/Amy Berner/Lynne Edwards/John  Ramos/Alafair Burke/Chris McCubbin/Lawrence Watt-Evans/Lani Diane Rich/Geoff Klock/Judy Fitzwater/Evelyn Vaughn/Joyce Millman/Amanda Ann Klein/Kristen Kidder/Jesse Hassenger/Gwen Ellery/Misty Hook/Samantha Bornemann,3.63,1933771135,9.78193E+12,eng,224,925,112,04/10/2007,Smart Pop
22268,The Soloist,Nicholas Christopher,3.3,1593761228,9.78159E+12,eng,320,56,9,11/27/2006,Counterpoint
22277,Kenang-Kenangan Seorang Geisha (Memoirs of a Geisha),Arthur Golden,4.11,9833346685,9.78983E+12,msa,784,28,6,07/01/2006,Marshall Cavendish Editions
22278,Memoirs of a Geisha,Arthur Golden,4.11,701169699,9.7807E+12,eng,452,57,8,10/05/2000,Chatto & Windus
22283,Survivor,Chuck Palahniuk,3.92,009928264X,9.7801E+12,eng,289,49307,1637,08/03/2000,Vintage
22284,Diary,Chuck Palahniuk,3.61,1400032814,9.7814E+12,eng,262,65139,2120,9/14/2004,Anchor
22285,Rant,Chuck Palahniuk,3.81,385517874,9.78039E+12,eng,320,55592,2516,05/01/2007,Doubleday Books
22286,Clown Girl,Monica Drake/Chuck Palahniuk,3.39,976631156,9.78098E+12,eng,297,6015,327,01/04/2007,Hawthorne Books
22287,Choke,Chuck Palahniuk,3.7,99422689,9.7801E+12,en-GB,293,1557,115,08/01/2002,Vintage
22288,Haunted,Chuck Palahniuk,3.59,1400032822,9.7814E+12,eng,419,78280,3745,04/11/2006,Anchor
22289,Fugitives and Refugees: A Walk in Portland  Oregon,Chuck Palahniuk,3.51,1400047838,9.7814E+12,en-US,176,8460,415,07/08/2003,Crown Journeys/Crown Publishers/Crown Publishing Group/Random House
22292,Haunted,Chuck Palahniuk/Erik Darling/Arthur Morey/Scott Brick/Lorna Raver/Marc Cashman/Kimberly Farr/Renee Randman,3.59,739302868,9.78074E+12,eng,14,57,23,05/10/2005,Random House Audio
22293,Nonfiction,Chuck Palahniuk,3.57,224063022,9.78022E+12,eng,233,213,15,08/05/2004,Jonathan Cape
22296,Haunted,Chuck Palahniuk,3.59,224064452,9.78022E+12,eng,416,173,15,05/01/2005,Jonathan Cape
22297,Survivant,Chuck Palahniuk/Freddy Michalski,3.92,2070756270,9.78207E+12,fre,365,14,0,02/04/2001,Gallimard
22298,Fantasmas,Chuck Palahniuk/Javier Calvo,3.59,9879397509,9.78988E+12,spa,442,116,13,8/28/2006,Mondadori
22302,Error humano,Chuck Palahniuk/Javier Calvo,3.57,8439711867,9.78844E+12,spa,253,11,1,5/31/2005,Mondadori
22304,Life After God,Douglas Coupland,3.79,743231511,9.78074E+12,eng,291,9882,338,07/01/2002,Simon & Schuster
22306,City of Glass: Douglas Coupland's Vancouver,Douglas Coupland,3.83,1550548182,9.78155E+12,en-US,152,807,40,05/01/2003,Douglas & McIntyre
22307,Terry: Terry Fox and His Marathon of Hope,Douglas Coupland,4.34,1553651529,9.78155E+12,eng,176,256,22,08/04/2005,Douglas & McIntyre
22311,All Families Are Psychotic,Douglas Coupland,3.67,7117531,9.78001E+12,eng,279,361,32,07/01/2002,Harper Perennial
22312,Shampoo Planet,Douglas Coupland,3.5,743231538,9.78074E+12,eng,282,8283,202,03/01/2008,Scribner Book Company
22321,All Tomorrow's Parties (Bridge  #3),William Gibson,3.91,425190447,9.78043E+12,eng,339,13020,316,02/04/2003,Berkley Books
22322,Spook Country (Blue Ant  #2),William Gibson,3.69,399154302,9.7804E+12,eng,371,16342,1258,08/07/2007,Putnam Adult
22323,Burning Chrome (Sprawl  #0),William Gibson/Bruce Sterling/Jonathan Davis/Dennis Holland/Kevin Pariseau/Victor Bevine/Jay Snyder/Brian Nishil/L.J. Ganser/Oliver Wyman/Eric Michael Summerer/Marc Vietor,4.06,60539828,9.78006E+12,eng,224,30566,585,7/29/2003,Harper Voyager
22325,Idoru (Bridge #2),William Gibson,3.8,425190455,9.78043E+12,eng,308,17632,388,01/07/2003,Berkley Trade
22326,Virtual Light (Bridge  #1),William Gibson,3.85,140157727,9.78014E+12,eng,304,18228,358,10/26/1996,Penguin Books Ltd
22331,Stable Strategies and Others,Eileen Gunn/Howard Waldrop/William Gibson,3.77,189239118X,9.78189E+12,eng,208,104,19,09/01/2004,Tachyon Publications
22332,Cyberpunk and Cyberculture: Science Fiction and the Work of William Gibson,Dani Cavallaro,3.77,485006073,9.78049E+12,eng,258,62,4,9/13/2001,Bloomsbury Academic
22337,The Neil Gaiman Audio Collection,Neil Gaiman,4.24,60732989,9.78006E+12,eng,1,1666,208,8/31/2004,HarperFestival
22338,The Day I Swapped My Dad for Two Goldfish,Neil Gaiman/Dave McKean,4.03,60587032,9.78006E+12,en-US,64,284,31,9/26/2006,HarperCollins
22339,Death: The Time of Your Life (Death of the Endless  #2),Neil Gaiman/Chris Bachalo/Mark Buckingham/Mark Pennington/Claire Danes,4.22,1563893339,9.78156E+12,eng,95,12377,198,12/01/1997,Vertigo
22344,Creatures of the Night,Neil Gaiman/Michael Zulli,3.83,1569719365,9.78157E+12,eng,46,1706,171,12/27/2004,Dark Horse Books
22345,New X-Men  Volume 4: Riot at Xavier's,Grant Morrison/Frank Quitely,4.06,785110674,9.78079E+12,eng,120,2113,54,11/15/2006,Marvel
22347,The Invisibles  Volume 1: Say You Want a Revolution,Grant Morrison/Steve Yeowell/Jill Thompson/Dennis Cramer/Peter Milligan,3.95,1563892677,9.78156E+12,eng,224,8822,372,06/01/1996,DC Comics
22348,The Mystery Play,Grant Morrison/Jon J. Muth,3.44,1563891891,9.78156E+12,en-US,80,688,40,08/01/1995,Vertigo
22350,Kid Eternity,Grant Morrison/Duncan Fegredo,3.41,1401209335,9.7814E+12,eng,144,693,44,02/01/2006,Vertigo
22351,New X-Men  Volume 1: E Is for Extinction,Grant Morrison/Frank Quitely,4.06,785108114,9.78079E+12,eng,144,7602,135,9/27/2006,Marvel
22354,Seven Soldiers of Victory  Volume 1,Grant Morrison/Ryan Sook/Mick Gray/Frazer Irving/J.H. Williams III/Simone Bianchi/Cameron Stewart,3.79,1401209254,9.7814E+12,eng,224,2046,98,01/04/2006,DC Comics
22355,Doom Patrol  Vol. 1: Crawling from the Wreckage (Doom Patrol  #1),Grant Morrison/Richard Case/Doug Braithwaite/Scott Hanna/Carlos Garzon/John Nyberg,4.08,1563890348,9.78156E+12,eng,192,5447,235,4/17/2000,Vertigo
22356,The Filth,Grant Morrison/Chris Weston/Gary Erskine,3.75,1401200133,9.7814E+12,en-US,320,3907,266,06/01/2004,Vertigo
22360,Doom Patrol  Vol. 5: Magic Bus,Grant Morrison/Richard Case/Ken Steacy/Stan Woch/Philip Bond/Mark McKenna/Scott Hanna,4.27,1401212026,9.7814E+12,eng,203,1363,52,04/01/2007,Vertigo
22362,JLA  Vol. 1: New World Order,Grant Morrison/Howard Porter/John Dell,3.98,156389369X,9.78156E+12,en-US,93,3714,96,04/01/1997,DC Comics
22363,Batman: Gothic,Grant Morrison/Klaus Janson,3.79,1563890283,9.78156E+12,eng,128,4294,123,07/01/1998,DC Comics
22364,JLA: Earth 2,Grant Morrison/Frank Quitely,3.97,1563896311,9.78156E+12,eng,96,5165,143,10/01/2000,DC Comics
22365,New X-Men: Omnibus,Grant Morrison/Marc Silvestri/Chris Bachalo/John Paul Leon/Frank Quitely/Leinil Francis Yu/Igor Kordey/Ethan Van Sciver/Keron Grant/Tom Derenick/Phil Jimenez,4.23,785123261,9.78079E+12,eng,1096,2952,112,12/06/2006,Marvel
22366,Superfolks,Robert  Mayer/Grant Morrison,3.48,312339925,9.78031E+12,eng,240,429,57,03/09/2005,St. Martin's Griffin
22373,Kill Your Boyfriend,Grant Morrison/Philip Bond/D'Israeli/Daniel Vozzo,3.57,156389453X,9.78156E+12,en-US,55,1269,66,12/31/1998,DC Comics Vertigo
22374,Batman: Arkham Asylum - A Serious House on Serious Earth,Grant Morrison/Dave McKean,4.1,1401204252,9.7814E+12,eng,216,51984,1469,01/11/2005,DC Comics
22380,JLA: Tierra 2,Grant Morrison/Frank Quitely/Rafael De la Iglesia,3.97,987224975X,9.78987E+12,spa,96,7,2,11/25/2005,Sticker Design (DC Comics)
22390,Doom Patrol  Vol. 4: Musclebound,Grant Morrison/Richard Case/Mike Dringenberg/Mark McKenna/Jamie Hewlett/Steve Yeowell/Rian Hughes,4.15,1401209998,9.7814E+12,eng,256,2322,77,8/30/2006,Vertigo
22392,New X-Men  Volume 7: Here Comes Tomorrow,Grant Morrison/Marc Silvestri,3.75,785113452,9.78079E+12,eng,112,1797,55,11/15/2006,Marvel
22394,The Invisibles  Vol. 7: The Invisible Kingdom,Grant Morrison/Philip Bond/Warren Pleece/Sean Phillips/Jay Stephens/Frank Quitely/Steve Yeowell,4.2,1401200192,9.7814E+12,en-US,288,3346,83,12/01/2002,DC Comics Vertigo
22398,The Invisibles  Vol. 3: Entropy in the U.K.,Grant Morrison/Phil Jimenez/John Stokes/Tommy Lee Edwards/Paul Johnson/Steve Yeowell/Dick Giordano/Mark Buckingham/Mark Pennington,4.21,1563897288,9.78156E+12,en-US,232,4084,86,08/01/2001,Vertigo
22399,Invisible,Pete Hautman,3.84,689869037,9.78069E+12,eng,160,2311,347,11/28/2006,Simon Pulse
22401,The Invisibles  Vol. 4: Bloody Hell in America,Grant Morrison/Phil Jimenez/John Stokes,4.17,1563894440,9.78156E+12,en-US,104,3882,74,02/01/1998,Vertigo
22406,The Invisibles  Vol. 6: Kissing Mister Quimper,Grant Morrison/Chris Weston/Ivan Reis,4.24,1563896001,9.78156E+12,en-US,224,3852,63,02/01/2000,DC Comics Vertigo
22408,Invisible Residents: The Reality of Underwater UFOs,Ivan T. Sanderson/David Hatcher Childress,3.73,1931882207,9.78193E+12,en-US,100,62,7,9/15/2005,Adventures Unlimited Press
22409,The Invisibles  Vol. 5: Counting to None,Grant Morrison/Phil Jimenez/John Stokes,4.19,1563894890,9.78156E+12,en-US,240,4270,67,03/01/1999,Vertigo
22414,The Invisible Heart: An Economic Romance,Russell Roberts/Russ Roberts,3.74,262681358,9.78026E+12,eng,282,609,90,2/22/2002,MIT Press
22417,Transmetropolitan  Vol. 2: Lust for Life,Warren Ellis/Darick Robertson,4.34,1563894815,9.78156E+12,eng,208,15496,281,02/01/1999,Vertigo
22418,Transmetropolitan  Vol. 3: Year of the Bastard,Warren Ellis/Darick Robertson/Rodney Ramos,4.41,1563895684,9.78156E+12,eng,144,13360,193,09/01/1999,Vertigo
22420,Transmetropolitan  Vol. 5: Lonely City,Warren Ellis/Darick Robertson/Rodney Ramos/Patrick Stewart,4.41,1563897229,9.78156E+12,eng,144,11372,146,07/01/2001,Vertigo
22421,Transmetropolitan  Vol. 4: The New Scum,Warren Ellis/Darick Robertson/Rodney Ramos/Keith Akin,4.39,1563896273,9.78156E+12,eng,133,13331,146,09/01/2000,Vertigo
22423,Transmetropolitan  Vol. 8: Dirge,Warren Ellis/Darick Robertson/Rodney Ramos,4.47,1563899531,9.78156E+12,eng,140,9963,90,04/01/2003,Vertigo
22424,Transmetropolitan  Vol. 10: One More Time,Warren Ellis/Darick Robertson/Rodney Ramos,4.51,1401202179,9.7814E+12,eng,144,10308,184,06/01/2004,Vertigo
22425,Transmetropolitan  Vol. 9: The Cure,Warren Ellis/Darick Robertson/Rodney Ramos,4.44,1563899884,9.78156E+12,eng,144,10331,90,12/01/2003,Vertigo
22426,Transmetropolitan  Vol. 7: Spider's Thrash,Warren Ellis/Darick Robertson/Rodney Ramos/Darren Aronofsky,4.32,1563898942,9.78156E+12,eng,144,12633,88,11/01/2002,Vertigo
22431,Created in Darkness by Troubled Americans: The Best of McSweeney's Humor Category,Dave Eggers/Kevin Shay/Lee Epstein/Suzanne Kleid/McSweeney's Publishing,3.75,1400076854,9.7814E+12,eng,249,1791,146,6/14/2005,Vintage
22434,The Fabric of the Cosmos: Space  Time and the Texture of Reality,Brian Greene,4.11,141011114,9.78014E+12,en-US,592,340,22,2/24/2005,Penguin
22436,The Meaning of Relativity (Science Library),Albert Einstein/Brian Greene,4.32,691120277,9.78069E+12,en-US,200,26,2,11/21/2004,Princeton University Press
22438,The Fabric of the Cosmos: Space  Time and the Texture of Reality,Brian Greene,4.11,736697500,9.78074E+12,eng,16,19,5,2/24/2004,Books on Tape
22443,Underground! The Disinformation Guide to Ancient Civilizations  Astonishing Archaeology and Hidden History,Preston Peet,3.84,1932857192,9.78193E+12,eng,343,157,5,10/01/2005,Disinformation Company
22445,Under the Influence: The Disinformation Guide to Drugs,Preston Peet,3.64,1932857001,9.78193E+12,eng,312,58,3,01/01/2004,The Disinformation Company (NYC)
22448,You are Being Lied To: The Disinformation Guide to Media Distortion  Historical Whitewashes  and Cultural Myths,Russ Kick,3.87,966410076,9.78097E+12,eng,399,1010,34,04/01/2001,Disinformation Company
22459,The Origin of Species,Charles Darwin/Philip Appleman,3.98,393978672,9.78039E+12,en-US,134,33,3,3/15/2002,W.W. Norton & Company
22460,Red Herrings and White Elephants: The Origins of the Phrases We Use Every Day,Albert Jack/Ann Page,3.73,60843373,9.78006E+12,en-US,272,71,5,11/01/2005,Harper
22461,The Origin of Species,Charles Darwin/Julian Huxley,3.98,451529065,9.78045E+12,eng,576,805,75,09/02/2003,Signet Classics
22463,The Origin of Species,Charles Darwin,3.98,785819118,9.78079E+12,eng,703,78431,1355,05/01/2004,Castle Books
22470,The Origin of Satan: How Christians Demonized Jews  Pagans and Heretics,Elaine Pagels,3.9,679731180,9.78068E+12,eng,240,5729,209,4/30/1996,Vintage
22472,Discourse on the Origin of Inequality,Jean-Jacques Rousseau,3.82,486434141,9.78049E+12,eng,73,9975,210,06/04/2004,Dover Publications
22473,On the Origins of War and the Preservation of Peace,Donald Kagan,4.01,385423756,9.78039E+12,eng,573,520,30,01/01/1996,Anchor
22474,The Origins of Totalitarianism,Hannah Arendt,4.28,805242252,9.78081E+12,eng,674,77,11,03/01/2004,Schocken Books
22478,The Origin of Consciousness in the Breakdown of the Bicameral Mind,Julian Jaynes,4.25,618057072,9.78062E+12,eng,491,3473,426,8/15/2000,Mariner Books
22482,Final Fantasy Origins - Official Strategy Guide,Casey Loe/Laura Parkinson,3.96,744002532,9.78074E+12,eng,256,25,1,04/09/2003,Bradygames
22483,Social Origins of Dictatorship and Democracy: Lord and Peasant in the Making of the Modern World,Barrington Moore Jr./James C. Scott/Edward Friedman,3.98,807050733,9.78081E+12,eng,592,823,37,09/01/1993,Beacon Press
22485,Smithsonian Intimate Guide to Human Origins,Carl Zimmer,4.02,61196673,9.78006E+12,eng,176,173,17,02/06/2007,Harper Perennial
22486,Economic Origins of Dictatorship and Democracy,Daron Acemoğlu/James A. Robinson,3.97,521855268,9.78052E+12,eng,416,158,10,10/01/2005,Cambridge University Press
22489,"African Origins of the Major ""Western Religions""",Yosef A.A. Ben-Jochannan,4.54,933121296,9.78093E+12,eng,363,129,6,12/01/1991,Black Classic Press
22493,The Origins of the Civil Rights Movements: Black Communities Organizing for Change,Aldon D. Morris,4.05,29221307,9.78003E+12,en-US,368,151,13,9/15/1986,Free Press
22495,The Origin of the Bible,F.F. Bruce/Philip W. Comfort/Carl F.H. Henry/J.I. Packer,3.86,842383670,9.78084E+12,en-US,352,79,11,12/17/2003,Tyndale House Publishers
22499,Country of Origin,Don  Lee,3.47,039332706X,9.78039E+12,eng,320,317,41,4/17/2005,W. W. Norton  Company
22508,The Making of a Philosopher: My Journey Through Twentieth-Century Philosophy,Colin McGinn,3.65,60957603,9.78006E+12,eng,256,226,31,07/08/2003,Harper Perennial
22514,The Beatles and Philosophy: Nothing You Can Think that Can't Be Thunk,Michael Baur/Steven Baur/James S. Spiegel,3.63,812696069,9.78081E+12,eng,288,157,14,10/25/2006,Open Court
22515,The Gospel According to the Beatles,Steve Turner,3.77,664229832,9.78066E+12,eng,254,126,23,08/03/2006,Westminster John Knox Press
22538,JPod,Douglas Coupland,3.69,1596911042,9.7816E+12,en-US,448,617,72,5/16/2006,Bloomsbury
22539,Hairstyles of the Damned,Joe Meno,3.72,188845170X,9.78189E+12,eng,270,5298,468,09/01/2004,Akashic Books/Punk Planet Books
22541,Just Visiting This Planet: Merlin Answers More Questions about Everything Under the Sun  Moon  and Stars,Neil deGrasse Tyson/Stephen Tyson,4.17,385488378,9.78039E+12,eng,352,86,4,7/13/1998,Main Street Books
22542,Merlin's Tour of the Universe,Neil deGrasse Tyson,4.02,385488351,9.78039E+12,eng,318,305,27,7/14/1997,Main Street Books
22543,Death by Black Hole: And Other Cosmic Quandaries,Neil deGrasse Tyson,4.1,393062244,9.78039E+12,eng,384,9837,552,1/17/2007,W. W. Norton  Company
22547,Tales from the Dark Tower,Joseph Vargo/Christine Filipak/Eric Muss-Barnes/Jalone J. Haessig/Joseph Iorillo/Robert Michaels/Russell Novotny/James Pipik,4.23,967575605,9.78097E+12,en-US,282,54,5,10/01/2003,Monolith Graphics
22549,The Dark Tower (The Dark Tower #7),Stephen King,4.28,340827211,9.78034E+12,eng,686,362,40,9/21/2004,Hodder & Stoughton
22550,The Gunslinger,Stephen King,3.96,670032549,9.78067E+12,eng,231,2309,230,6/23/2003,Viking
22553,Gunslinger Girl  Vol. 1,Yu Aida/Hiroshi Aida,3.87,1413900208,9.78141E+12,eng,175,911,42,12/29/2003,ADV Manga
22554,Gunslinger,Ed Dorn,4.11,822309327,9.78082E+12,eng,224,247,24,8/22/1989,Duke University Press Books
22557,Wasteland of Flint,Thomas Harlan,3.79,765341131,9.78077E+12,eng,512,291,38,02/01/2004,Tor Books
22559,Cities in Dust (Wasteland #1),Antony Johnston/Christopher Mitten,3.55,1932664599,9.78193E+12,eng,160,576,73,4/20/2010,Oni Press
22562,Slim to None: A Journey Through the Wasteland of Anorexia Treatment,Jennifer Hendricks/Gordon Hendricks,3.63,71433716,9.78007E+12,eng,384,580,21,02/04/2004,McGraw-Hill Education
22575,Sit  Walk  Stand,Watchman Nee,4.42,842358935,9.78084E+12,eng,80,2663,141,11/04/1977,Tyndale House Publishers
22576,Prayers for the Assassin (Assassin Trilogy #1),Robert Ferrigno,3.76,141650768X,9.78142E+12,eng,458,791,95,10/31/2006,Pocket Star Books
22580,Voices From the Street,Philip K. Dick,3.29,765316927,9.78077E+12,en-US,301,698,104,1/23/2007,Tor Books
22583,The Minority Report: 18 Classic Stories,Philip K. Dick/James Tiptree Jr.,4.19,806523794,9.78081E+12,eng,380,456,40,05/01/2002,Citadel
22584,Flow My Tears  the Policeman Said,Philip K. Dick,3.91,1857983416,9.78186E+12,eng,204,26767,1075,11/08/2001,Gollancz
22586,The Crack in Space,Philip K. Dick,3.46,1400030064,9.7814E+12,eng,188,1878,142,03/08/2005,Vintage
22590,Ubik,Philip K. Dick/David Alabort/Manuel Espín,4.09,8498000831,9.7885E+12,spa,288,63422,2486,05/01/2006,La factoría de ideas
22591,The Best of Philip K. Dick,Philip K. Dick/John Brunner,4.22,345253590,9.78035E+12,eng,450,622,33,02/12/1978,Del Rey Books (NY)
22595,Vulcan's Hammer,Philip K. Dick,3.52,1400030129,9.7814E+12,eng,165,1561,97,08/10/2004,Vintage
22602,Carly's Sound,Ali Vali,4.21,1933110457,9.78193E+12,eng,212,454,11,06/01/2006,Bold Strokes Books
22616,The System of Objects,Jean Baudrillard/James Benedict,4.01,1844670538,9.78184E+12,eng,224,1002,27,1/17/2006,Verso
22618,The Intelligence of Evil or the Lucidity Pact,Jean Baudrillard/Chris     Turner,3.89,1845203348,9.78185E+12,eng,215,247,9,12/01/2005,Bloomsbury Academic
22620,Introducing Baudrillard,Chris Horrocks/Zoran Jevtić,3.32,1840460873,9.78184E+12,eng,176,165,25,8/13/1997,Icon Books
22623,Existentialism and Human Emotions,Jean-Paul Sartre,3.84,806509023,9.78081E+12,eng,96,4190,147,12/01/2000,Citadel
22624,Nausea,Jean-Paul Sartre/James  Wood/Robert Baldick,3.92,014118549X,9.78014E+12,eng,253,1590,140,11/30/2000,Penguin Books
22626,From Socrates to Sartre: The Philosophic Quest,T.Z. Lavine,3.94,553251619,9.78055E+12,eng,426,932,70,01/01/1985,Bantam
22632,The Trial and Death of Socrates (Euthyphro  Apology  Crito  Phaedo (death scene only)),Plato/G.M.A. Grube/John M. Cooper,4.08,872205541,9.78087E+12,eng,58,26252,344,06/01/2001,Hackett Publishing Company
22633,The Trial of Queen Caroline: The Scandalous Affair that Nearly Ended a Monarchy,Jane Robins,3.39,743255909,9.78074E+12,eng,384,52,8,08/07/2006,Free Press
22649,Bookends,Jane Green,3.72,767907817,9.78077E+12,eng,368,37153,822,5/27/2003,Broadway Books
22656,Jemima J.: For those who love Faking Friends and My Sweet Revenge by Jane Fallon,Jane Green,3.65,140276904,9.78014E+12,eng,450,683,66,08/06/1998,Penguin Books
22669,Open House,Elizabeth Berg,3.7,613997638,9.78061E+12,eng,0,0,0,05/01/2001,Turtleback Books
22677,Feeling Better  Getting Better  Staying Better: Profound Self-Help Therapy for Your Emotions,Albert Ellis,3.76,1886230358,9.78189E+12,eng,272,51,6,06/01/2001,Impact
22680,American Sphinx: The Character of Thomas Jefferson,Joseph J. Ellis,3.92,679764410,9.78068E+12,eng,440,20178,590,04/07/1998,Vintage
22681,Line Of Vision,David Ellis,3.81,425183769,9.78043E+12,en-US,448,609,82,02/05/2002,G.P. Putnam's Sons
22686,The Other Woman,Jane Green,3.7,452287146,9.78045E+12,eng,389,29112,651,06/06/2006,Berkley
22687,No Other Woman (No Other  #2),Shannon Drake,3.78,380781360,9.78038E+12,eng,391,299,7,06/01/1996,Avon Books
22690,The Other Woman (Dundee  Idaho  #7),Brenda Novak,4.11,373713444,9.78037E+12,eng,299,560,33,05/09/2006,Harlequin Special Releases
22691,The Other Woman,Ann  O'Leary,3.64,1562802348,9.78156E+12,eng,213,77,6,4/28/1999,Naiad Press
22697,Sins of a Shaker Summer (Sister Rose Callahan  #3),Deborah Woodworth,3.52,380792044,9.78038E+12,eng,272,58,6,03/09/1999,Avon
22715,InuYasha Ani-Manga  Vol. 1 (Inuyasha Ani-Manga  #1),Rumiko Takahashi,4.36,1591162025,9.78159E+12,eng,206,5862,55,1/14/2004,VIZ Media LLC
22718,Pusteblume,Marian Keyes,3.81,3453189345,9.78345E+12,ger,560,59,0,05/01/2001,Heyne
22724,¿Quién te lo ha contado?,Marian Keyes,3.79,8497936736,9.7885E+12,spa,648,169,9,12/30/2005,DeBolsillo
22725,Une vie de rêve,Marian Keyes,3.69,271443813X,9.78271E+12,fre,593,11,4,05/04/2005,Pocket
22726,Por los pelos,Marian Keyes,3.81,1400002214,9.7814E+12,spa,592,34,5,9/17/2002,Plaza y Janes
22727,Under the Duvet,Marian Keyes,3.52,141007478,9.78014E+12,eng,304,401,43,7/28/2009,Penguin UK
22733,Rachel se va de viaje (La familia Walsh  #2),Marian Keyes,3.95,8497599179,9.7885E+12,spa,595,204,21,3/30/2003,DeBolsillo
22736,Yeats ist tot!,Joseph O'Connor/Diethard Herles/Pauline McLynn/Gerard Stembridge/Frank McCourt/Conor McPherson/Gene Kerrigan/Gina Moxley/Marian Keyes/Anthony Cronin/Owen O'Neill/Hugo Hamilton/Charlie O'Neill/Tom Humphries/Donal O'Kelly,3.4,3548603254,9.78355E+12,ger,332,11,2,04/01/2003,List Taschenbuch
22739,Le Club de la dernière chance,Marian Keyes,3.81,2266130609,9.78227E+12,fre,608,6,0,06/05/2003,Pocket
22741,Les vacances de Rachel (Walsh Family  #2),Marian Keyes/Roxane Azimi,3.95,2266108271,9.78227E+12,fre,563,7,1,05/02/2002,Pocket
22743,Rachel se va de viaje (La familia Walsh  #2),Marian Keyes,3.95,840132954X,9.7884E+12,spa,594,7,0,1/31/2003,DeBolsillo
22745,Auszeit für Engel Walsh Family  #3),Marian Keyes,3.75,3453868579,9.78345E+12,ger,477,16,1,02/01/2003,Heyne
22763,Open House,Elizabeth Berg,3.7,99461269,9.7801E+12,en-GB,314,61,6,9/29/2003,Arrow Books
22774,Slightly Settled (Slightly  #2),Wendy Markham,3.68,373250479,9.78037E+12,en-US,312,4756,84,1/23/2004,Red Dress Ink
22784,犬夜叉 8,Rumiko Takahashi,4.26,4091252087,9.78409E+12,jpn,192,16,0,11/18/1998,小学館
22786,犬夜叉 7,Rumiko Takahashi,4.27,4091252079,9.78409E+12,jpn,192,15,0,08/08/1998,小学館
22789,犬夜叉 24,Rumiko Takahashi,4.26,4091256449,9.78409E+12,jpn,192,11,1,12/18/2001,小学館
22799,犬夜叉 28,Rumiko Takahashi,4.29,4091256481,9.78409E+12,jpn,192,12,1,12/05/2002,小学館
22801,犬夜叉 4,Rumiko Takahashi,4.29,4091252044,9.78409E+12,jpn,192,15,0,12/10/1997,小学館
22802,犬夜叉 22,Rumiko Takahashi,4.25,4091256422,9.78409E+12,jpn,192,13,1,08/09/2001,小学館
22803,犬夜叉 26,Rumiko Takahashi,4.28,4091256465,9.78409E+12,jpn,192,11,1,6/18/2002,小学館
22804,犬夜叉 12,Rumiko Takahashi,4.25,4091255825,9.78409E+12,jpn,192,13,0,9/18/1999,小学館
22805,犬夜叉 17,Rumiko Takahashi,4.25,4091255876,9.78409E+12,jpn,192,14,1,08/09/2000,小学館
22807,犬夜叉 14,Rumiko Takahashi,4.3,4091255841,9.78409E+12,jpn,192,13,1,2/18/2000,小学館
22816,犬夜叉 10,Rumiko Takahashi,4.28,4091252109,9.78409E+12,jpn,192,15,0,4/17/1999,小学館
22817,犬夜叉 1,Rumiko Takahashi,4.27,409125201X,9.78409E+12,jpn,192,41,3,4/18/1997,小学館
22820,犬夜叉  27,Rumiko Takahashi,4.28,4091256473,9.78409E+12,jpn,192,12,1,9/18/2002,小学館
22821,The Return of Lum  Volume 3: Sweet Revenge (Urusei Yatsura  #4),Rumiko Takahashi,3.97,1569311935,9.78157E+12,en-US,216,32,1,03/08/1997,Viz Media
22822,The Return of Lum  Volume 5: Feudal Furor (Urusei Yatsura  #6),Rumiko Takahashi,4.04,1569312109,9.78157E+12,en-US,200,27,0,12/06/1997,Viz Media
22826,Lamu: Urusei Yatsura  3,Rumiko Takahashi,4.08,8484497283,9.78848E+12,spa,416,38,0,8/30/2005,Glénat
22831,The Return of Lum  Volume 1: Urusei Yatsura (Urusei Yatsura  #2),Rumiko Takahashi,4.11,1569310351,9.78157E+12,eng,208,72,4,06/05/1995,Viz Media
22832,Lum: Urusei Yatsura. Perfect Collection (Urusei Yatsura  #1),Rumiko Takahashi,3.97,156931019X,9.78157E+12,en-US,400,131,7,06/05/1997,Viz Media
22834,らんま½ 12,Rumiko Takahashi,4.06,409126512X,9.78409E+12,jpn,176,0,0,9/18/2002,小学館 [Shōgakukan]
22835,Ranma 1/2  Vol. 12 (Ranma ½ (US 2nd)  #12),Rumiko Takahashi,4.11,1591162866,9.78159E+12,eng,200,1102,19,8/17/2004,VIZ Media LLC
22861,Your and My Secret  Vol. 1,Ai Morinaga,3.54,1413901433,9.78141E+12,eng,174,406,31,07/06/2004,ADV Manga
22867,A Man Rides Through (Mordant's Need  #2),Stephen R. Donaldson,4.02,345459849,9.78035E+12,eng,672,11246,148,06/03/2003,Del Rey
22868,The One Tree (The Second Chronicles of Thomas Covenant  #2),Stephen R. Donaldson,3.98,6163831,9.78001E+12,en-GB,479,174,3,11/18/1996,Fontana
22871,The Gap Into Madness: Chaos and Order (Gap  #4),Stephen R. Donaldson,4.15,553071793,9.78055E+12,eng,617,4544,69,06/01/1994,Spectra
22874,The Gap Into Vision: Forbidden Knowledge (Gap  #2),Stephen R. Donaldson,3.99,553297600,9.78055E+12,en-US,480,5020,101,7/21/2010,Bantam
22875,The One Tree (The Second Chronicles of Thomas Covenant  #2),Stephen R. Donaldson,3.98,345418476,9.78035E+12,eng,496,15389,109,6/23/1997,Del Rey
22877,The Gap Into Power: A Dark and Hungry God Arises (Gap  #3),Stephen R. Donaldson,4.08,553562606,9.78055E+12,eng,518,5460,89,10/21/2009,Spectra
22883,Pretty Face  Vol. 1,Yasuhiro Kano,3.83,1421513684,9.78142E+12,eng,192,494,40,08/07/2007,VIZ Media LLC
22885,Not Just a Pretty Face: Dolls and Human Figurines in Alaska Native Cultures,Molly C. Lee/Angela J. Linn/Chase Hensel/James H. Barker,3.5,1889963852,9.78189E+12,eng,80,2,0,03/01/2006,University of Alaska Press
22888,Just Another Pretty Face (Hollywood Dynasty  #2),Candace Schuler,3.89,373255594,9.78037E+12,eng,215,17,1,7/23/1993,Harlequin Temptation
22889,Skylight Confessions,Alice Hoffman,3.64,316058785,9.78032E+12,eng,264,6754,744,01/01/2007,Little Brown and Company
22892,The Foretelling,Alice Hoffman,3.84,316154091,9.78032E+12,eng,182,2646,247,09/01/2006,Little  Brown Books for Young Readers
22893,Incantation,Alice Hoffman,3.88,316010197,9.78032E+12,eng,166,5653,800,10/01/2006,Little  Brown Books for Young Readers
22896,Practical Magic (Practical Magic #1),Alice Hoffman,3.78,425190374,9.78043E+12,eng,286,54261,4232,08/05/2003,Penguin
22898,The Probable Future,Alice Hoffman,3.83,345455916,9.78035E+12,eng,352,11910,965,06/01/2004,Ballantine Books
22904,The Complete Stories,Franz Kafka/Nahum N. Glatzer/John Updike/Willa Muir/Edwin Muir/Tania Stern/James Stern/Ernst Kaiser/Eithne Wilkins,4.35,805210555,9.78081E+12,eng,486,20028,381,11/14/1995,Schocken
22911,Amerika,Franz Kafka/Willa Muir/Edwin Muir/Klaus Mann/E.L. Doctorow,3.75,805210644,9.78081E+12,eng,336,17981,522,07/02/1996,Schocken
22912,Collected Stories,Franz Kafka/Willa Muir/Edwin Muir/Gabriel Josipovici,4.35,679423036,9.78068E+12,eng,566,445,30,10/26/1993,Knopf
22913,Kafka: Toward a Minor Literature,Gilles Deleuze/Félix Guattari/Franz Kafka,4.17,816615152,9.78082E+12,eng,136,1287,45,10/31/1986,Univ Of Minnesota Press
22914,The Annotated Brothers Grimm,Jacob Grimm/Wilhelm Grimm/Maria Tatar/A.S. Byatt/George Cruikshank/Paul Hey/Walter Crane/Warwick Goble/Kay Nielsen/Arthur Rackham,4.46,393058484,9.78039E+12,eng,462,3132,103,9/17/2004,W. W. Norton  Company
22915,The Complete Brothers Grimm Fairy Tales,Jacob Grimm/Wilhelm Grimm,4.3,517229250,9.78052E+12,en-US,680,4420,165,10/03/2006,Gramercy Books
22916,The Complete Fairy Tales of The Brothers Grimm,Jacob Grimm/Wilhelm Grimm/Jack D. Zipes/Johnny Gruelle,4.3,553382160,9.78055E+12,eng,762,877,55,01/01/2003,Bantam
22931,Beyond Innocence (Beyond Duet  #1),Emma Holly,3.62,515130990,9.78052E+12,en-US,295,1421,68,07/01/2001,Jove
22932,Emma  Vol. 01,Kaoru Mori/森 薫,3.83,1401211321,9.7814E+12,eng,183,3515,339,9/20/2006,CMX
22944,Drum Into Silence (Drums of Chaos  #3),Jo Clayton/Kevin Andrew Murphy,3.41,812551249,9.78081E+12,en-GB,399,1,0,02/01/2004,Tor Fantasy
22945,Dance Down the Stars (Duel of Sorcery: Dancer  #3),Jo Clayton,3.74,886776171,9.78089E+12,eng,368,35,0,09/01/1994,DAW
22947,Drum Calls (Drums of Chaos  #2),Jo Clayton,3.72,812551230,9.78081E+12,eng,341,29,1,07/01/1998,Tor Books
22948,Fire in the Sky (Diadem: Shadowsong  #1),Jo Clayton,3.87,886776503,9.78089E+12,eng,352,63,2,05/01/1995,DAW
22950,Quester's Endgame,Jo Clayton,3.98,886771382,9.78089E+12,eng,372,159,6,07/01/1986,DAW
22951,Shadowkill (Diadem: Shadith's Quest  #3),Jo Clayton/Jo Clayton,3.99,886774675,9.78089E+12,eng,400,68,1,04/01/1991,DAW
22966,Lidia's Family Table,Lidia Matticchio Bastianich/David Nussbaum/Christopher Hirsheimer,4.22,1400040353,9.7814E+12,eng,448,532,23,11/23/2004,Knopf Publishing Group
22967,Lidia's Italy,Lidia Matticchio Bastianich/Tanya Bastianich Manuali/David Nussbaum/Christopher Hirsheimer,4.21,1400040361,9.7814E+12,en-US,384,637,24,04/10/2007,Knopf Publishing Group
22969,La Cucina Di Lidia: Recipes and Memories from Italy's Adriatic Coast,Lidia Matticchio Bastianich/Jay Jacobs,4.14,767914228,9.78077E+12,en-GB,288,48,3,04/08/2003,Clarkson Potter
22991,Blood Wedding and Yerma,Federico García Lorca/W.S. Merwin/Langston Hughes,3.84,1559360801,9.78156E+12,en-US,160,885,32,05/01/1994,Theatre Communications Group
22994,Selected Verse,Federico García Lorca/Christopher Maurer,4.43,374528551,9.78037E+12,eng,432,189,14,06/09/2004,Farrar  Straus and Giroux
23000,Operation Wandering Soul,Richard Powers,3.61,006097611X,9.78006E+12,eng,352,379,33,04/02/2002,Harper Perennial
23001,Galatea 2.2,Richard Powers,3.72,312423136,9.78031E+12,eng,329,2155,191,01/01/2004,Picador
23002,Three Farmers on Their Way to a Dance,Richard Powers,3.82,60975091,9.78006E+12,eng,352,742,49,12/01/1994,Harper Perennial
23003,Christian Theology: An Introduction,Alister E. McGrath,4.04,1405153601,9.78141E+12,eng,534,1178,48,11/13/2006,Blackwell Publishers
23007,The Time of Our Singing,Richard Powers,4.25,99453835,9.7801E+12,eng,631,1836,245,02/05/2004,Vintage
23009,The Christian Theology Reader,Alister E. McGrath,4.17,140515358X,9.78141E+12,eng,744,244,11,09/01/2006,Blackwell Publishers
23010,Prisoner's Dilemma,Richard Powers,3.87,60977086,9.78006E+12,en-US,352,543,45,04/02/2002,Harper Perennial
23011,In the Beginning: The Story of the King James Bible and How it Changed a Nation  a Language  and a Culture,Alister E. McGrath,3.97,385722168,9.78039E+12,eng,354,515,76,2/19/2002,Anchor
23013,Gain,Richard Powers,3.77,99284464,9.7801E+12,eng,355,710,54,11/01/2001,Vintage
23017,Presidential Power and the Modern Presidents: The Politics of Leadership from Roosevelt to Reagan,Richard E. Neustadt,3.77,29227968,9.78003E+12,eng,384,293,17,03/01/1991,Free Press
23022,The Grotesque,Patrick McGrath,3.62,679776214,9.78068E+12,eng,178,815,58,1/28/1997,Vintage
23023,Port Mungo,Patrick McGrath,3.32,1400075483,9.7814E+12,eng,242,412,36,6/14/2005,Vintage
23032,Entre Amis: An Interactive Approach,Michael D. Oates/Larbi Oukada,3.39,618506918,9.78062E+12,eng,528,23,4,3/17/2005,Heinle
23036,Experience,Martin Amis,3.96,99285827,9.7801E+12,eng,401,71,5,04/05/2001,Vintage
23037,Heavy Water and Other Stories,Martin Amis,3.39,037570115X,9.78038E+12,eng,208,1071,49,3/14/2000,Vintage
23042,Visiting Mrs Nabokov and Other Excursions,Martin Amis,3.7,99461870,9.7801E+12,eng,288,545,16,04/07/2005,Vintage
23045,Intimacy And Other Stories,Hanif Kureishi,3.58,057121200X,9.78057E+12,eng,205,46,3,07/09/2001,Faber and Faber
23046,The Buddha of Suburbia,Hanif Kureishi,3.73,571200435,9.78057E+12,en-US,284,384,25,04/05/2000,Faber and Faber
23056,Image-Music-Text,Roland Barthes/Stephen Heath,4.1,6861350,9.78001E+12,eng,220,3209,41,9/13/1993,Fontana Press
23057,Camera Lucida: Reflections on Photography,Roland Barthes/Richard Howard,3.97,795000375,9.7808E+12,eng,119,75,5,06/01/2001,Hill and Wang
23060,The Fashion System,Roland Barthes/Matthew    Ward/Richard Howard,3.54,520071778,9.78052E+12,eng,351,228,10,7/25/1990,University of California Press
23061,The Responsibility of Forms: Critical Essays on Music  Art  and Representation,Roland Barthes/Richard Howard,3.95,520072383,9.78052E+12,eng,320,93,3,02/07/1991,University of California Press
23063,The Pleasure of the Text,Roland Barthes/Richard Miller,4.02,224011871,9.78022E+12,eng,80,19,1,02/12/1976,Jonathan Cape
23065,How to Travel with a Salmon & Other Essays,Umberto Eco/William Weaver,3.85,99428636,9.7801E+12,eng,229,110,12,4/16/2001,Vintage
23066,How to Travel with a Salmon and Other Essays,Umberto Eco/William Weaver,3.85,151001367,9.78015E+12,eng,248,3532,153,12/01/1994,Houghton Mifflin
23080,Le Nom de la rose,Umberto Eco/Jean-Noël Schifano,4.12,2253033138,9.78225E+12,fre,755,745,49,11/02/1983,Le Livre de Poche
23114,Os libros arden mal,Manuel Rivas,3.36,849782461X,9.7885E+12,glg,741,36,2,6/24/2006,Edicións Xerais de Galicia  S.A.
23158,The Age of Access: The New Culture of Hypercapitalism  Where All of Life Is a Paid-For Experience,Jeremy Rifkin/Ralph Fowler,3.82,1585420824,9.78159E+12,eng,320,228,12,03/05/2001,Tarcher
23183,The Book of Questions,Pablo Neruda/William O'Daly,4.04,1556591608,9.78156E+12,eng,96,2180,224,04/01/2001,Copper Canyon Press
23186,Bugs for Lunch/Insectos para el almuerzo,Margery Facklam/Sylvia Long/Liliana Valenzuela,3.78,1570915067,9.78157E+12,spa,32,4,1,07/01/2002,Charlesbridge
23194,My Story as told by Water: Confessions  Druidic Rants  Reflections  Bird-watchings  Fish-stalkings  Visions  Songs and Prayers Refracting Light  from Living Rivers  in the Age of the Industrial Dark,David James Duncan,4.1,1578050499,9.78158E+12,eng,304,679,53,7/17/2001,Sierra Club Books
23201,Pilgrims and Other Stories,Elizabeth Gilbert,3.13,330351745,9.78033E+12,eng,288,1411,182,04/09/1998,Picador
23202,The Last American Man,Elizabeth Gilbert,3.81,142002836,9.78014E+12,eng,271,7966,960,5/27/2003,Riverhead Books
23203,Pilgrims Pa,Elizabeth Gilbert,3.13,395924855,9.7804E+12,eng,224,10,2,9/17/1998,Mariner Books
23204,Stern Men,Elizabeth Gilbert,3.41,061812733X,9.78062E+12,eng,304,4308,542,06/08/2001,Mariner Books
23206,A Writer's Workbook: Daily Exercises for the Writing Life,Caroline Sharp/Elizabeth Gilbert,3.72,031228621X,9.78031E+12,eng,176,152,16,6/14/2002,St. Martin's Griffin
23217,Size 14 Is Not Fat Either (Heather Wells  #2),Meg Cabot,3.83,60525126,9.78006E+12,eng,344,27424,1038,11/28/2006,William Morrow Paperbacks
23218,Missing You (1-800-Where-R-You  #5),Meg Cabot,4.17,60874309,9.78006E+12,eng,268,11056,366,12/26/2006,HarperTempest
23219,Queen of Babble (Queen of Babble  #1),Meg Cabot,3.69,60851988,9.78006E+12,eng,309,60787,1693,5/23/2006,William Morrow
23220,Size 12 Is Not Fat (Heather Wells  #1),Meg Cabot,3.74,60525118,9.78006E+12,eng,345,75856,2408,12/27/2005,William Morrow Paperbacks
23221,How to Be Popular,Meg Cabot,3.55,60880120,9.78006E+12,eng,288,19363,876,8/31/2006,HarperTempest
23222,Valentine Princess (The Princess Diaries  #7.75),Meg Cabot,3.67,60847182,9.78006E+12,eng,96,9517,219,12/12/2006,HarperTeen
23224,Darkest Hour (The Mediator  #4),Meg Cabot,4.17,60725141,9.78006E+12,eng,316,30471,671,12/28/2004,HarperCollins
23226,She Went All the Way,Meg Cabot,3.7,60085444,9.78006E+12,eng,357,12470,441,12/03/2002,Avon
23227,Are We There Yet?,David Levithan,3.49,037582846X,9.78038E+12,eng,215,3089,281,07/12/2005,Alfred A. Knopf
23228,Boy Meets Boy,David Levithan,3.84,375832998,9.78038E+12,eng,185,59799,3373,05/10/2005,Alfred A. Knopf
23229,This Is Push: New Stories from the Edge,David Levithan/Patricia McCormick/Matthue Roth/Kevin Waltman/Samantha Schutz/Coe Booth/Eddie de Oliveira/Tanuja Desai Hidier/Kevin Brooks/Chris Wooding/Markus Zusak/Brian James/Kristen Kemp/Eireann Corrigan/Christopher Krovatin/Billy Merrell,3.63,439890284,9.78044E+12,eng,240,223,23,02/01/2007,Push
23232,The Realm of Possibility,David Levithan,3.93,375836578,9.78038E+12,eng,210,14625,1190,05/09/2006,Ember
23233,Ten Things I Hate about You,David Levithan,4.11,439087309,9.78044E+12,eng,170,1435,65,06/01/1999,Scholastic
23235,Where We Are  What We See: The Best Young Writers and Artists in America,David Levithan,3.76,439736463,9.78044E+12,eng,288,41,0,05/01/2005,Push
23236,Aphrodite's Passion (Superhero Central #2),Julie Kenner,3.62,505524740,9.78051E+12,eng,352,534,33,04/01/2002,Love Spell
23237,The Manolo Matrix (Codebreaker Trilogy #2),Julie Kenner,3.62,743496140,9.78074E+12,eng,352,651,34,02/01/2006,Downtown Press
23238,The Cat's Fancy,Julie Kenner,3.57,505523973,9.78051E+12,eng,391,244,27,08/01/2000,Love Spell
23239,Demons Are Forever (Demon-Hunting Soccer Mom  #3),Julie Kenner,3.89,425215385,9.78043E+12,eng,292,2368,162,07/03/2007,Berkley Publishing Group
23240,Aphrodite's Secret (Superhero Central #3),Julie Kenner,3.7,505525097,9.78051E+12,eng,369,410,20,05/06/2003,Love Spell
23242,The Good Ghouls' Guide to Getting Even (Beth Frasier #1),Julie Kenner,3.59,425213919,9.78043E+12,eng,256,901,73,04/03/2007,Berkley Trade
23243,Aphrodite's Flame (Superhero Central #4),Julie Kenner,3.67,505525755,9.78051E+12,eng,338,385,16,08/01/2004,Love Spell
23244,Carpe Demon (Demon-Hunting Soccer Mom  #1),Julie Kenner,3.64,515142212,9.78052E+12,eng,320,4811,585,10/31/2006,Jove
23249,Perfect Circle,Sean Stewart,3.8,1931520119,9.78193E+12,eng,243,679,69,06/01/2004,Small Beer Press
23257,The Great Philosophers: An Introduction to Western Philosophy,Bryan Magee/Myles Burnyeat/Martha C. Nussbaum/Anthony Kenny/Bernard Williams/Anthony Quinton/Michael  Ayres/John Passmore/Geoffrey Warnock/Peter Singer/Frederick Charles Copleston/J. P. Stern/Hubert L. Dreyfus/Sidney Morgenbesser/A.J. Ayer/John Rogers Searle,4.07,019289322X,9.78019E+12,eng,352,359,18,1/18/2001,Oxford University Press  USA
23260,Talking Philosophy: Dialogues with Fifteen Leading Philosophers,Bryan Magee/Isaiah Berlin/Charles Taylor/Herbert Marcuse/William Barrett/Anthony Quinton/A.J. Ayer/Bernard Williams/R. M. Hare/Willard Van Orman Quine/John Rogers Searle/Noam Chomsky/Hilary Putnam/Ronald Dworkin/Iris Murdoch/Ernest Gellner,4.06,192854178,9.78019E+12,eng,288,24,4,10/18/2001,OUP Oxford
23261,The Story of Philosophy: A Concise Introduction to the World's Greatest Thinkers and Their Ideas,Bryan Magee,4.14,751333328,9.78075E+12,eng,240,518,45,11/01/2005,DK Publishing (Dorling Kindersley)
23265,Feminist Measures: Soundings in Poetry and Theory,Lynn Keller/Lynn Keller,4.4,472064843,9.78047E+12,en-US,424,5,0,12/14/1994,University of Michigan Press
23276,Taxation of Mineral Rents,Ross Garnaut,5,198284543,9.7802E+12,eng,350,1,0,11/17/1983,Oxford University Press  USA
23290,Dubliners,James Joyce/Margot Norris/Hans Walter Gabler/Walter Hettche,3.85,393978516,9.78039E+12,eng,369,789,51,02/01/2006,W. W. Norton & Company
23292,Dubliners: Text  Criticism  and Notes,James Joyce/Robert Scholes/A. Walton Litz,3.85,140247742,9.78014E+12,eng,492,331,32,08/01/1996,Penguin Books
23293,Dubliners,James Joyce/Frank McCourt/Donal Donnelly/Ciaran Hinds/Colm Meaney/Malachy McCourt,3.85,60789565,9.78006E+12,eng,8,53,11,05/10/2005,Caedmon
23297,CliffsNotes on Joyce's Dubliners (Cliffs Notes),Adam  Sexton/G. Tubach,3.4,764537156,9.78076E+12,eng,80,5,2,4/25/2003,Cliffs Notes
23300,The Door to Time (Ulysses Moore  #1),Pierdomenico Baccalario/Iacopo Bruno/Laura Zuccotti/Leah D. Janeczko/Beth Dunfey,3.93,439774381,9.78044E+12,eng,239,3099,241,01/01/2006,Scholastic Inc.
23303,Ulysses S. Grant: The Unlikely Hero,Michael Korda,3.87,60590157,9.78006E+12,eng,176,432,44,9/28/2004,Eminent Lives
23307,Ulysses S. Grant,Josiah Bunting/Arthur M. Schlesinger Jr.,3.89,805069496,9.78081E+12,eng,208,445,40,09/08/2004,Times Books
23310,Allusions in Ulysses: An Annotated List,Weldon Thornton,4.04,807840890,9.78081E+12,eng,563,22,2,9/20/1982,University of North Carolina Press
23314,Ulysses Found,Ernle Bradford,4.07,750937254,9.78075E+12,eng,238,38,8,02/01/2005,History Press Ltd
23315,The Scandal of Ulysses: The Life And Afterlife of a Twentieth Century Masterpiece,Bruce Arnold,3.82,190414845X,9.7819E+12,eng,346,12,0,11/15/2005,The Liffey Press
23316,Round Ireland with a Fridge,Tony Hawks,3.79,312274920,9.78031E+12,en-US,248,15191,838,03/07/2001,Thomas Dunne Books
23318,Discovery of the Presence of God: Devotional Nonduality,David R. Hawkins,4.61,971500762,9.78097E+12,en-US,296,186,11,6/28/2007,Veritas Publishing
23319,Transcending the Levels of Consciousness: The Stairway to Enlightenment,David R. Hawkins,4.51,971500746,9.78097E+12,eng,407,461,29,6/28/2006,Veritas Publishing
23322,The Eye of the I: From Which Nothing is Hidden,David R. Hawkins,4.38,964326191,9.78096E+12,eng,432,752,37,6/23/2001,Veritas Publishing
23331,Letters to J. D. Salinger,Chris Kubica/Chris Kubica,3.5,299178005,9.7803E+12,eng,270,26,1,03/04/2002,University of Wisconsin Press
23336,J.D. Salinger's Catcher in the Rye (Modern Critical Interpretations),Harold Bloom,3.58,791056643,9.78079E+12,eng,176,18,2,12/31/2000,Chelsea House Publications
23352,Lord of the Flies,William Golding,3.68,812416112,9.78081E+12,en-US,208,479,57,07/01/1959,Perfection Learning
23377,Where Is Baby's Mommy? (A Lift-the-Flap Book),Karen Katz,4.15,689835612,9.78069E+12,eng,14,434,28,04/01/2001,Little Simon
23378,Counting Christmas,Karen Katz,3.53,689849257,9.78069E+12,eng,32,154,26,10/01/2003,Margaret K. McElderry Books
23391,Running from the Deity (Pip & Flinx #11),Alan Dean Foster,3.81,345461614,9.78035E+12,eng,280,1045,26,11/28/2006,Del Rey Books
23392,Lost and Found,Alan Dean Foster,3.68,345461274,9.78035E+12,eng,256,722,65,5/31/2005,Del Rey Books
23393,Reunion (Pip & Flinx #8),Alan Dean Foster,3.87,345418689,9.78035E+12,eng,352,1366,33,2/26/2002,Del Rey
23398,The Dig,Alan Dean Foster,3.4,727852663,9.78073E+12,eng,336,2,0,01/01/1998,Severn House Publishers
23404,Regarding the Fountain: A Tale  in Letters  of Liars and Leaks,Kate Klise/M. Sarah Klise,4.2,380793474,9.78038E+12,eng,144,3208,306,03/09/1999,HarperCollins
23410,Pimsleur German Level 1 CD: [Lessons 1-30],Pimsleur Language Programs,4.23,743518365,9.78074E+12,eng,16,58,10,04/01/2010,Pimsleur
23418,The Architecture of Happiness,Alain de Botton,3.86,375424431,9.78038E+12,eng,280,7101,540,10/03/2006,Pantheon Books
23419,The Consolations of Philosophy,Alain de Botton,4.01,679779175,9.78068E+12,en-US,265,13499,812,04/03/2001,Vintage
23420,How Proust Can Change Your Life,Alain de Botton,3.76,679779159,9.78068E+12,eng,208,10270,877,4/28/1998,Vintage
23421,Kiss & Tell,Alain de Botton,3.56,312155611,9.78031E+12,eng,258,828,46,5/15/1997,Picador
23423,The Consolations of Philosophy,Alain de Botton,4.01,140276610,9.78014E+12,eng,272,763,70,03/01/2001,Penguin
23425,Status Anxiety,Alain de Botton,3.91,375725350,9.78038E+12,eng,306,7957,535,05/10/2005,Vintage
23426,On Love,Alain de Botton,3.98,802142400,9.7808E+12,eng,194,11297,853,01/06/2006,Grove Press
23438,Miracle at St. Anna,James   McBride,3.74,1573229717,9.78157E+12,en-US,336,2141,303,01/07/2003,Riverhead Books
23439,Die Farbe von Wasser,James   McBride,4.09,342661278X,9.78343E+12,ger,317,38,1,02/01/2001,Droemer Knaur
23453,Dragons of Winter Night (Dragonlance: Chronicles #2),Margaret Weis/Tracy Hickman,4.12,786930675,9.78079E+12,en-US,361,424,20,07/01/2003,Wizards of the Coast
23454,Dragons of Winter Night (Dragonlance: Chronicles  #2),Margaret Weis/Tracy Hickman,4.12,1932796789,9.78193E+12,eng,358,35536,401,04/10/2007,Devil's Due Publishing
23460,Dragon's Treasure,Elizabeth A. Lynn,3.54,441012590,9.78044E+12,eng,336,170,11,9/27/2005,Ace
23461,Watchtower (Chronicles of Tornor  #1),Elizabeth A. Lynn,3.57,743498097,9.78074E+12,eng,224,646,35,12/01/2004,iBooks
23468,Letters to a Young Artist,Anna Deavere Smith,4.02,1400032385,9.7814E+12,eng,240,543,50,1/24/2006,Anchor
23475,The Hip Chick's Guide to Macrobiotics: A Philosophy for Achieving a Radiant Mind and a Fabulous Body,Jessica Porter/Michio Kushi,3.69,1583332057,9.78158E+12,eng,289,424,53,09/09/2004,Avery Publishing Group
23479,La casa en Mango Street,Sandra Cisneros/Elena Poniatowska,3.63,613046889,9.78061E+12,spa,110,35,5,10/18/1994,Turtleback Books
23491,Kurt Vonnegut's Cat's Cradle (Modern Critical Interpretations),Harold Bloom/Terry Southern/David H. Goldsmith/James Lundquist/Lawrence R. Broer/Peter J. Reed/Loree Rackstraw/William S. Doxey/Jerome Klinkowitz/Richard Giannone/John L. Simons/Leonard Mustazza/Zoltan Ab di-Nagy/Peter Freese/Wendy B. Faris,4.35,791063372,9.78079E+12,eng,258,14,2,6/15/2002,Chelsea House Publications
23492,The Dharma Bums,Jack Kerouac/Ann  Douglas,3.92,143039601,9.78014E+12,eng,187,2055,172,04/05/2007,Penguin Classics
23503,The Alchemist's Daughter,Katharine McMahon,3.25,307335852,9.78031E+12,eng,346,3565,451,10/24/2006,Broadway Books
23504,The Art of Fullmetal Alchemist: The Anime,Hiromu Arakawa/Akira Watanabe/Eric Searleman,4.44,1421507668,9.78142E+12,eng,96,266,8,10/17/2006,VIZ Media LLC
23506,Fullmetal Alchemist  Vol. 11 (Fullmetal Alchemist  #11),Hiromu Arakawa/Akira Watanabe,4.59,1421508389,9.78142E+12,eng,192,7655,129,1/16/2007,VIZ Media LLC
23512,Astronomy Today,Eric Chaisson/Steve McMillan,3.99,131445960,9.78013E+12,eng,2,128,4,7/26/2004,Prentice Hall
23515,Astronomy For Dummies,Stephen P. Maran,3.84,764584650,9.78076E+12,eng,318,285,27,05/06/2005,Wiley Publishing  Inc.
23516,Astronomy: A Self-Teaching Guide,Dinah L. Moché,3.89,471265187,9.78047E+12,eng,343,113,10,2/24/2004,John Wiley & Sons
23517,Astronomy: A Beginner's Guide to the Universe,Eric Chaisson/Steve McMillan,3.88,013187165X,9.78013E+12,eng,499,159,8,2/24/2006,Benjamin Cummings
23518,Bad Astronomy,Philip Plait,4.04,471409766,9.78047E+12,eng,277,5247,234,03/05/2002,Wiley
23520,The Complete World of Greek Mythology,Richard Buxton,4.24,500251215,9.7805E+12,eng,256,1598,46,6/28/2004,Thames & Hudson
23521,Mythology: Timeless Tales of Gods and Heroes,Edith Hamilton,4,446607258,9.78045E+12,eng,330,1747,192,08/01/1999,Warner
23522,Mythology,Edith Hamilton/Steele Savage,4,316341517,9.78032E+12,eng,497,35634,1552,9/14/1998,Little  Brown and Company
23524,Mythology: The DC Comics Art of Alex Ross,Alex Ross/Geoff Spear/Chip Kidd,4.33,375714626,9.78038E+12,eng,320,1994,37,11/08/2005,Pantheon
23525,Norse Mythology: A Guide to the Gods  Heroes  Rituals  and Beliefs,John Lindow,4.11,195153820,9.7802E+12,eng,365,1107,33,10/17/2002,Oxford University Press  USA
23526,Classic Myths to Read Aloud: The Great Stories of Greek and Roman Mythology  Specially Arranged for Children Five and Up by an Educational Expert,William F. Russell,4.12,517588374,9.78052E+12,eng,272,249,44,4/28/1992,Broadway Books
23533,Snapshots From Hell: The Making Of An MBA,Peter M. Robinson,3.7,1857880781,9.78186E+12,en-US,296,582,43,4/26/2005,Nicholas Brealey
23545,Watchmen on the Walls,Hannah Hurnard,4.02,805413995,9.78081E+12,eng,184,39,6,03/01/1998,B&H Publishing Group
23547,America (The Book): A Citizen's Guide to Democracy Inaction  (Teacher's Edition),Jon   Stewart/Scott C. Jacobson,4.02,446691860,9.78045E+12,en-GB,227,1827,116,9/25/2006,Warner Books
23548,The Children's Book of America,William J. Bennett/Michael Hague,4.19,684849305,9.78068E+12,en-US,112,95,13,11/02/1998,Simon & Schuster
23549,The Journal of Scott Pendleton Collins: A World War 2 Soldier,Walter Dean Myers,3.96,439050138,9.78044E+12,eng,140,1132,181,06/01/1999,Scholastic Inc.
23552,The New Big Book of America,Todd Davis/Marc Frey,5,762412631,9.78076E+12,eng,56,2,1,3/21/2002,Courage Books
23558,Awake in the Dark: The Best of Roger Ebert,Roger Ebert/David Bordwell,4.2,226182002,9.78023E+12,eng,512,416,30,9/15/2006,University of Chicago Press
23563,"Ebert's ""Bigger"" Little Movie Glossary",Roger Ebert/Ray Ebert,3.87,836282892,9.78084E+12,en-US,228,82,9,12/03/2005,Andrews McMeel Publishing
23573,The Perfect London Walk,Roger Ebert/Daniel Curley/Jack Lane,4.26,836279298,9.78084E+12,eng,123,40,6,01/01/1986,Andrews McMeel Publishing
23576,The Truth with Jokes,Al Franken,3.86,452287677,9.78045E+12,eng,386,7469,201,10/01/2006,Plume Books
23577,Lies & the Lying Liars Who Tell Them: A Fair & Balanced Look at the Right,Al Franken,3.81,452285216,9.78045E+12,en-US,421,25235,723,7/27/2004,Plume Books
23581,"Still More George W. Bushisms: ""Neither in French nor in English nor in Mexican""",Jacob Weisberg/Al Franken,3.37,743251008,9.78074E+12,eng,96,56,11,11/04/2003,Fireside
23582,You're Good Enough  You're Smart Enough  & Doggone It  People Like You!,Al Franken,3.89,553470949,9.78055E+12,en-US,0,18,0,10/01/1992,Random House Audio Publishing Group
23584,I'm Good Enough  I'm Smart Enough  & Doggone It  People Like Me!,Al Franken/Melody Beattie/Stuart Smalley,3.82,440504708,9.78044E+12,en-US,352,359,35,10/01/1992,Dell
23588,J.R.R. Tolkien: Artist and Illustrator,Wayne G. Hammond/Christina Scull/J.R.R. Tolkien,4.14,618083618,9.78062E+12,en-US,224,8140,32,10/18/2000,Mariner Books
23589,The J.R.R. Tolkien Companion and Guide,Christina Scull/Wayne G. Hammond,4.64,618391134,9.78062E+12,eng,2264,45,0,11/02/2006,Houghton Mifflin Harcourt
23591,The Children of Húrin,J.R.R. Tolkien/Christopher Tolkien/Alan  Lee,3.97,618894640,9.78062E+12,eng,313,2681,225,4/17/2007,Houghton Mifflin Harcourt
23596,Tales Before Tolkien: The Roots of Modern Fantasy,Douglas A. Anderson/Frank R. Stockton/Ludwig Tieck/Richard Garnett/H. Rider Haggard/Andrew Lang/William Hope Hodgson/E.A. Wyke-Smith/David  Lindsay/Clemence Housman/George MacDonald/Arthur Machen/A. Merritt/L. Frank Baum/Kenneth Morris/William Morris/James Branch Cabell/Lord Dunsany/Francis Stevens/E.H. Knatchbull-Hugessen/E. Nesbit,3.93,345458567,9.78035E+12,eng,528,1130,42,11/29/2005,Del Rey
23598,The J.R.R. Tolkien Companion and Guide  Volume 1: Chronology,Christina Scull/Wayne G. Hammond,4.51,618391029,9.78062E+12,eng,1002,40,2,11/02/2006,Houghton Mifflin Harcourt
