bookID,title,authors,average_rating,isbn,isbn13,language_code,  num_pages,ratings_count,text_reviews_count,publication_date,publisher
10308,Folly and Glory (The Berrybender Narratives  #4),Larry McMurtry,3.87,743262727,9780740000000.0,en-US,358,1341,88,08/08/2005,Simon  Schuster
10310,The Argumentative Indian: Writings on Indian History  Culture and Identity,Amartya Sen,3.8,031242602X,9780310000000.0,eng,432,6550,337,09/05/2006,Picador
10311,Argumentative Indian: Writings On Indian History Culture And Identity,Amartya Sen,3.8,713996870,9780710000000.0,eng,391,29,7,6/28/2005,Allen Lane
10324,Things to Bring  S#!t to Do: And Other Inventories of Anxiety: My Life in Lists,Karen Rizzo,3.67,1584795425,9781580000000.0,eng,160,48,12,10/01/2006,Stewart  Tabori and Chang
10329,Dumpy's Valentine,Julie Andrews Edwards/Emma Walton Hamilton/Tony Walton/Ruby Randig,3.31,60885734,9780060000000.0,eng,24,22,4,12/12/2006,Julie Andrews Collection
10332,Mandy,Julie Andrews Edwards/Johanna Westerman,4.24,61131628,9780060000000.0,eng,320,9944,846,8/15/2006,HarperCollins
10340,Giraffes Can't Dance,Giles Andreae/Guy Parker-Rees/Hugh Laurie,4.3,1846162661,9781850000000.0,eng,32,15,3,06/01/2006,Orchard Books
10346,The Medici Giraffe and Other Tales of Exotic Animals and Power,Marina Belozerskaya,3.53,316525650,9780320000000.0,eng,414,224,37,8/21/2006,Little  Brown and Company
10347,The Giraffe Who Was Afraid of Heights (Physical & Behavioral Adaptation),David A. Ufer/Kirsten Carlson,3.87,976882302,9780980000000.0,eng,32,37,9,06/01/2006,Arbordale Publishing
10370,Where the Red Fern Grows with Connections,Wilson Rawls/Rafe Martin/Borden Deal/Kemp P. Battle/Robert Bethke/Harold Courlander/Maya Angelou/Nicholasa Mohr/Dick Perry/John R. Erickson,4.37,30547741,9780030000000.0,eng,288,121,5,09/01/1998,Holt McDougal
10372,Summer of the Monkeys,Wilson Rawls,4.03,440415802,9780440000000.0,eng,288,11150,794,12/29/1998,Yearling
10382,Dreams from My Father: A Story of Race and Inheritance,Barack Obama,3.88,307383415,9780310000000.0,en-US,442,1225,181,01/09/2007,Crown
10403,Doctor Who: Cat's Cradle-Time's Crucible,Marc Platt,3.22,426203658,9780430000000.0,eng,275,589,40,2/20/1992,Virgin Publishing
10404,Doctor Who: Cat's Cradle-Witch Mark,Andrew    Hunt,3.22,426203682,9780430000000.0,eng,256,399,25,6/18/1992,Virgin Publishing
10405,Doctor Who: Cat's Cradle-Warhead,Andrew Cartmel,3.51,426203674,9780430000000.0,eng,262,410,34,4/16/1992,Virgin Publishing
10412,He's Just Not That Into You: The No-Excuses Truth to Understanding Guys,Greg Behrendt/Liz Tuccillo,3.66,141694740X,9781420000000.0,eng,208,52688,2463,12/26/2006,Gallery Books
10414,Do Not Open This Book,Michaela Muntean/Pascal Lemaître,3.9,439698391,9780440000000.0,eng,40,547,185,03/01/2006,Scholastic Press
10416,Not Your Mother's Slow Cooker Cookbook,Beth Hensperger/Julie Kaufmann,3.78,1558322450,9781560000000.0,en-US,520,5695,87,12/21/2004,Harvard Common Press
10417,Hands Are Not for Hitting (Ages 4-7),Martine Agassi/Marieka Heinlen,4.04,1575420775,9781580000000.0,eng,35,309,45,02/01/2001,Free Spirit Publishing
10420,Not So Big House,Sarah Susanka/Kira Obolensky,4.07,1561583766,9781560000000.0,eng,208,1327,149,4/20/2001,Taunton Press
10421,Rodinsky's Room,Rachel Lichtenstein/Iain Sinclair,3.85,1862073295,9781860000000.0,eng,362,199,19,02/01/2000,Granta UK
10427,The Rough Guide to Cuba 3,Fiona McAuslan/Matthew  Norman,3.82,1843534096,9781840000000.0,eng,640,7,1,6/20/2005,Rough Guides
10429,Cuba: A New History,Richard Gott,4.06,300111142,9780300000000.0,en-GB,384,311,39,11/11/2005,Yale University Press
10431,Cuba 15,Nancy Osa,3.45,385732333,9780390000000.0,eng,304,1054,145,03/08/2005,Ember
10433,Cuba (Jake Grafton #7),Stephen Coonts,3.82,312971397,9780310000000.0,eng,461,1452,63,5/15/2000,St. Martin's Paperbacks
10441,The Memory Keeper's Daughter,Kim Edwards,3.67,143037145,9780140000000.0,eng,401,535636,17550,5/30/2006,Penguin Books
10445,Too Far to Go: The Maples Stories,John Updike,4.02,449200167,9780450000000.0,eng,256,361,35,06/12/1982,Fawcett Books
10456,Far to Go (Margaret Thursday  #2),Noel Streatfeild,3.81,440424941,9780440000000.0,eng,161,167,9,02/01/1986,Yearling
10460,The Children on the Top Floor,Noel Streatfeild,3.79,440412242,9780440000000.0,en-GB,180,148,17,07/01/1985,Yearling
10461,Desolation Angels,Jack Kerouac/Joyce Johnson,3.93,1573225053,9781570000000.0,eng,432,9646,273,09/01/1995,Riverhead Books
10464,Healing With Whole Foods: Asian Traditions and Modern Nutrition,Paul Pitchford,4.41,1556434308,9781560000000.0,en-US,784,2948,144,11/05/2002,North Atlantic Books
10471,The New Whole Foods Encyclopedia: A Comprehensive Resource for Healthy Eating,Rebecca  Wood/Paul Pitchford,4.2,140250328,9780140000000.0,eng,464,212,18,07/01/1999,Penguin Books
10474,The Discomfort Zone: A Personal Journey,Jonathan Franzen,3.4,1598870548,9781600000000.0,en-US,6,43,15,8/28/2006,HighBridge Company
10476,The Parrot's Lament  and Other True Tales of Animal Intrigue  Intelligence  and Ingenuity,Eugene Linden,3.93,452280680,9780450000000.0,eng,224,363,50,08/01/2000,Plume
10490,Postscript to the Name of the Rose,Umberto Eco,4.05,015173156X,9780150000000.0,eng,84,661,34,01/01/1984,Houghton Mifflin Harcourt P
10495,El nombre de la rosa,Umberto Eco,4.12,8497592581,9788500000000.0,spa,782,158,11,2/28/2006,DeBolsillo
10500,Baby Names for Dummies,Margaret  Rose/Heather Rose Jones,3.32,764543407,9780760000000.0,eng,364,13,7,05/01/2005,For Dummies
10503,The Mysterious Flame of Queen Loana,Umberto Eco/Geoffrey Brock,3.35,156030438,9780160000000.0,eng,480,8263,624,06/05/2006,Mariner Books
10505,History of Beauty,Umberto Eco/Girolamo De Michele/Alastair McEwen/Agnolo di Cosimo Bronzino,3.78,847826465,9780850000000.0,eng,432,47625,186,11/13/2004,Rizzoli
10507,Baudolino,Umberto Eco/William Weaver/R.C.S. Libri,3.74,156029065,9780160000000.0,eng,527,16116,698,10/06/2003,Harcourt
10514,Travels in Hyperreality,Umberto Eco/John Radziewicz/William Weaver,3.89,156913216,9780160000000.0,eng,324,2021,78,5/27/1990,Mariner Books
10517,How to Travel with a Salmon and Other Essays,Umberto Eco/William Weaver,3.85,015600125X,9780160000000.0,eng,256,218,26,9/15/1995,Mariner Books
10518,A Theory of Semiotics,Umberto Eco,4.01,253202175,9780250000000.0,eng,368,1035,34,02/01/1978,Indiana University Press
10519,Art and Beauty in the Middle Ages,Umberto Eco/Hugh Bredin,3.99,300093047,9780300000000.0,en-US,144,994,35,02/08/2002,Yale University Press
10525,Mouse or Rat?: Translation as Negotiation,Umberto Eco,3.8,753817985,9780750000000.0,eng,208,311,27,9/28/2004,Orion Publishing Co.
10528,The Role of the Reader: Explorations in the Semiotics of Texts,Umberto Eco,4.06,025320318X,9780250000000.0,eng,288,224,5,7/22/1979,Indiana University Press
10529,Libraries,Candida Höfer/Umberto Eco,4.28,3829601867,9783830000000.0,eng,271,303,44,8/20/2014,Schirmer/Mosel
10534,The Art of War,Sun Tzu/Thomas Cleary/Pulat Otkan/Giray Fidan,3.97,1590302257,9781590000000.0,eng,273,235924,5869,01/11/2005,Shambhala
10536,Sun Tzu: The Art of War for Managers; 50 Strategic Rules,Sun Tzu/Gerald A. Michaelson,3.8,1580624596,9781580000000.0,eng,224,316,12,01/01/2001,Adams Media
10537,The Art of War,Sun Tzu/Ralph D. Sawyer,3.97,1402561016,9781400000000.0,eng,5,72,22,06/01/2003,Recorded Books  Inc.
10539,The Lost Continent:  Travels in Small-town America,Bill Bryson,3.83,552998087,9780550000000.0,eng,379,729,78,01/02/1999,Black Swan
10541,Made in America: An Informal History of the English Language in the United States,Bill Bryson,3.91,380713810,9780380000000.0,eng,364,10836,613,10/23/2001,Avon Books
10545,Ulysses,James Joyce/Declan Kiberd,3.73,141182806,9780140000000.0,en-US,933,1517,235,3/30/2000,Penguin Books Ltd
10546,The Long-Lost Map (Ulysses Moore #2),Pierdomenico Baccalario/Iacopo Bruno/Leah D. Janeczko,4,043977439X,9780440000000.0,eng,272,1693,76,07/01/2006,Scholastic Inc.
10552,The Wicked Wit of Charles Dickens,Shelley Klein/Charles Dickens,3.55,1854790471,9781850000000.0,eng,162,30,6,09/01/2002,Michael O'Mara
10559,The Three Musketeers,Alexandre Dumas/Barbara T. Cooper,4.07,1593081480,9781590000000.0,eng,761,1149,147,11/25/2004,Barnes  Noble Classics
10561,The Three Musketeers,Alexandre Dumas/Michael Page,4.07,1596009705,9781600000000.0,eng,24,54,11,7/25/2005,Brilliance Audio
10562,The Three Musketeers (Great Illustrated Classics),Malvina G. Vogel/Alexandre Dumas,4.08,1577658035,9781580000000.0,eng,236,1379,56,12/03/2005,Baronet Books
10563,The Three Musketeers (The d'Artagnan Romances. #1),Alexandre Dumas/Keith Wren,4.07,1853260401,9781850000000.0,eng,592,820,92,05/05/2001,Wordsworth Editions
10566,Lisey's Story,Stephen King,3.68,743289412,9780740000000.0,eng,513,59097,2709,10/24/2006,Scribner
10568,King Arthur Flour Whole Grain Baking: Delicious Recipes Using Nutritious Whole Grains,King Arthur Flour,4.13,881507199,9780880000000.0,eng,544,4866,78,10/09/2006,Countryman Press
10570,King Dork (King Dork  #1),Frank Portman,3.56,385732910,9780390000000.0,eng,344,6352,861,04/11/2006,Delacorte Press
10572,A Clash of Kings  (A Song of Ice and Fire  #2),George R.R. Martin,4.41,553381695,9780550000000.0,eng,969,638766,16535,5/28/2002,Bantam
10574,The Colorado Kid,Stephen King,3.32,843955848,9780840000000.0,eng,178,24611,1970,2/20/2006,Hard Crime Case
10575,Stationary Bike,Stephen King/Ron McLarty,3.54,743555619,9780740000000.0,eng,44,3035,167,07/01/2006,Simon & Schuster Audio
10579,Everything's Eventual: 14 Dark Tales,Stephen King,3.97,1416524355,9781420000000.0,eng,605,73145,1519,11/01/2005,Pocket Books
10581,The Mist,Stephen King/ZBS Foundation,3.95,671874756,9780670000000.0,eng,2,168,10,09/01/1993,Simon & Schuster Audio
10583,Pet Sematary,Stephen King,3.98,1416524347,9781420000000.0,eng,576,257466,3768,11/01/2005,Pocket Books
10585,Insomnia,Stephen King/Bettina Blanch Tyroller,3.82,8497597729,9788500000000.0,spa,890,117901,2028,2/28/2005,Debolsillo
10586,The Stephen King Collection: Stories from Night Shift,Stephen King/John  Glover,4,739317369,9780740000000.0,eng,11,56,9,02/08/2005,Random House Audio
10587,The Man in the Black Suit: 4 Dark Tales,Stephen King/Ana Juan/John Cullum/Becky Ann Baker/Íñigo Jáuregui/Peter Gerety/Arliss Howard,3.78,074352585X,9780740000000.0,eng,128,1369,101,11/01/2002,Simon  Schuster Audio
10593,The Shining,Stephen King/Campbell Scott,4.22,743537009,9780740000000.0,eng,16,357,107,08/02/2005,Simon & Schuster Audio
10594,Stephen King: America's Best-Loved Boogeyman,George Beahm,3.78,836254279,9780840000000.0,en-US,304,50,2,05/01/1998,Andrews McMeel Publishing
10597,The Illustrated Stephen King Trivia Book,Brian James Freeman/Bev Vincent/Glenn Chadbourne,4.23,1587671166,9781590000000.0,eng,404,22,5,05/01/2005,Cemetery Dance Publications
10599,Gray Matter and Other Stories from Night Shift,Stephen King/John  Glover,3.93,055347183X,9780550000000.0,eng,0,156,9,08/01/1993,Random House Audio
10603,Cujo,Stephen King,3.71,307348245,9780310000000.0,spa,432,197993,2816,06/06/2006,Plaza y Janés
10605,Thinner,Richard Bachman/Stephen King,3.71,451190750,9780450000000.0,eng,320,155020,1513,09/01/1996,Signet
10606,Stephen King from A to Z: An Encyclopedia of His Life and Work,George Beahm,3.83,836269144,9780840000000.0,eng,251,53,2,3/31/1999,Andrews McMeel Publishing
10607,Black House (The Talisman  #2),Stephen King/Peter Straub,4.01,034547063X,9780350000000.0,eng,688,46428,1220,9/30/2003,Ballantine Books
10612,The Stephen King Universe: A Guide to the Worlds of the King of Horror,Stanley Wiater/Christopher Golden/Hank Wagner,4.15,1580631606,9781580000000.0,en-US,478,6471,44,5/21/2001,Renaissance Books
10613,Night Shift,Stephen King,4,451170113,9780450000000.0,en-US,326,1290,84,02/01/1979,Signet
10614,Misery,Stephen King,4.16,450417395,9780450000000.0,eng,370,429510,7051,11/01/1988,New English Library
10617,The Bachman Books,Richard Bachman/Stephen King,4.11,452277752,9780450000000.0,eng,704,62529,494,10/01/1996,Plume
10620,Misery,Stephen King/María Mir,4.16,074323359X,9780740000000.0,spa,368,129,13,3/26/2002,Simon & Schuster Libros en Español
10622,Carrie,Stephen King,3.96,671039725,9780670000000.0,eng,253,2707,192,10/01/1999,Pocket Books
10624,"Four Past Midnight: Featuring ""The Langoliers""",Stephen King,3.93,451185978,9780450000000.0,eng,761,308,20,05/01/1995,Signet
10629,Christine,Stephen King/Marie Milpois,3.77,2253147699,9782250000000.0,fre,411,178403,2088,6/13/2001,LGF
10631,Sam Walton: Made In America,Sam Walton/John Huey,4.15,553562835,9780550000000.0,eng,346,14157,610,06/01/1993,Bantam
10638,The Road to Reality: A Complete Guide to the Laws of the Universe,Roger Penrose,4.11,679776311,9780680000000.0,eng,1099,6164,142,01/09/2007,Vintage
10639,The Paradox of Choice: Why More Is Less,Barry Schwartz,3.85,60005696,9780060000000.0,eng,265,25312,1223,1/18/2005,Harper Perennial
10654,Coach: Lessons on the Game of Life,Michael   Lewis,3.82,393060918,9780390000000.0,en-US,96,1502,167,4/17/2005,W. W. Norton  Company
10655,Losers: The Road to Everyplace But the White House,Michael   Lewis,3.87,679768092,9780680000000.0,en-US,320,235,19,7/28/1998,Vintage
10656,Next: The Future Just Happened,Michael   Lewis,3.67,393323528,9780390000000.0,en-US,240,1317,106,5/17/2002,W. W. Norton  Company
10662,The Ends of the Earth: A Journey to the Frontiers of Anarchy,Robert D. Kaplan,4.12,679751238,9780680000000.0,eng,496,1278,74,1/28/1997,Vintage
10663,Salvation to the Ends of the Earth: A Biblical Theology of Mission (New Studies in Biblical Theology (InterVarsity Press)  #11),Andreas J. Köstenberger/Peter T. O'Brien,3.93,851115195,9780850000000.0,eng,351,93,8,01/01/2001,Inter Varsity Press
10666,The Ends Of The Earth: A Journey At The Dawn Of The 21st Century,Robert D. Kaplan,4.12,679431489,9780680000000.0,eng,476,10,3,2/27/1996,Random House  Inc.
10669,When Genius Failed: The Rise and Fall of Long-Term Capital Management,Roger Lowenstein,4.19,375758259,9780380000000.0,eng,264,20145,530,10/09/2001,Random House Trade Paperbacks
10670,When Genius Failed: The Rise And Fall Of Long Term Capital Management,Roger Lowenstein,4.19,1841155047,9781840000000.0,eng,275,247,13,06/01/2009,Fourth Estate
10682,The Secret of Fantasy Forest (Sweet Valley Kids #67),Francine Pascal/Molly Mia Stewart/Ying-Hwa Hu,3.94,553483323,9780550000000.0,eng,96,54,2,09/01/1996,Sweet Valley
10686,Pearl and Wagner: Three Secrets,Kate McMullan/Janet Allison Brown/R.W. Alley,3.84,803725744,9780800000000.0,eng,48,60,7,5/24/2004,Dial
10687,A History of Britain: The Fate Of Empire 1776-2000 (A History of Britain  #3),Simon Schama,4.06,786868996,9780790000000.0,en-US,576,675,41,12/18/2002,Miramax Books
10689,The Devil in the White City Murder  Magic and Madness at the Fair that Changed America,Erik Larson,3.99,385602057,9780390000000.0,eng,464,22,6,03/03/2003,Doubleday
10691,O Historiador,Elizabeth Kostova,3.78,857302710X,9788570000000.0,por,544,43,3,8/19/2005,Suma de Letras Brasileiras
10698,Kim,Rudyard Kipling/Jeffrey Meyers,3.72,1593081928,9781590000000.0,eng,286,398,63,12/15/2003,Barnes  Noble Classics
10701,Birds Without Wings,Louis de Bernières,4.16,436205491,9780440000000.0,eng,640,48,8,07/01/2004,Secker
10711,God Knows,Joseph Heller,3.8,684841258,9780680000000.0,eng,368,2992,163,11/12/1997,Simon  Schuster
10712,Picture This,Joseph Heller,3.68,684868199,9780680000000.0,en-US,352,1219,67,3/24/2000,Simon  Schuster
10713,Closing Time,Joseph Heller,3.02,743239806,9780740000000.0,eng,464,106,9,07/01/2003,Simon & Schuster (Trade Division)
10714,Good as Gold,Joseph Heller,3.36,684839741,9780680000000.0,eng,445,2631,100,11/12/1997,Simon  Schuster
10718,Something Happened,Joseph Heller,3.52,684841215,9780680000000.0,eng,576,6166,399,11/12/1997,Simon  Schuster
10732,Archie Americana Series: Best of the Eighties  Vol. 1,George Gladir/John L. Goldwater/Steve Geppi/Michael I. Silberkleit,3.91,1879794063,9781880000000.0,eng,96,61,1,6/26/2001,Archie Comics
10739,The Moviegoer,Walker Percy,3.68,375701966,9780380000000.0,eng,242,21634,1660,4/14/1998,Vintage Books USA
10750,Wicked: The Life and Times of the Wicked Witch of the West,Gregory Maguire/Douglas Smith,3.53,60745908,9780060000000.0,en-US,409,2828,459,03/02/2004,William Morrow Paperbacks
10751,Wicked: Memorias de una bruja mala (Los años malvados  #1),Gregory Maguire/Claudia Conde,3.53,61351393,9780060000000.0,spa,508,47,10,05/01/2007,Rayo
10756,The Sword and the Shield: The Mitrokhin Archive & the Secret History of the KGB,Christopher M. Andrew/Vasili Mitrokhin,3.93,465003125,9780470000000.0,en-US,736,1170,82,8/29/2000,Basic Books
10757,Lay Down My Sword And Shield (Hackberry Holland  #1),James Lee Burke,3.89,752842692,9780750000000.0,eng,320,1680,117,09/04/2003,Orion
10760,Sword and Shield,John Terra,4,1560764988,9781560000000.0,eng,16,5,1,09/01/1992,TSR Inc.
10765,A Year in the Merde,Stephen Clarke,3.54,1582346178,9781580000000.0,en-US,276,11429,979,05/02/2006,Bloomsbury Publishing PLC
10767,Merde!: The Real French You Were Never Taught at School,Geneviève/Michael    Heath,3.96,684854279,9780680000000.0,eng,112,155,13,12/09/1998,Gallery Books
10770,Merde Encore!: More of the Real French You Were Never Taught at School,Geneviève/Michael    Heath,3.96,684854287,9780680000000.0,eng,104,46,1,12/09/1998,Gallery Books
10772,Can't Wait to Get to Heaven,Fannie Flagg/Cassandra Campbell,3.91,1415930686,9781420000000.0,eng,384,326,66,7/18/2006,Books on Tape
10776,Green Hills of Africa,Ernest Hemingway/Edward Shenton,3.56,99460955,9780100000000.0,eng,200,7290,387,03/04/2004,Vintage Classics
10778,Across the River and into the Trees,Ernest Hemingway,3.33,684844648,9780680000000.0,eng,272,5546,342,4/15/1998,Scribner
10780,Hemingway: The Paris Years,Michael S. Reynolds,4.17,393318796,9780390000000.0,eng,402,490,35,5/17/1999,W. W. Norton  Company
10783,Adios Hemingway,Leonardo Padura/John King,3.72,184195795X,9781840000000.0,eng,229,659,85,03/10/2006,Canongate U.S.
10785,By-Line: Selected Articles and Dispatches of Four Decades,Ernest Hemingway/William M. White,3.96,684839059,9780680000000.0,en-US,512,421,33,05/12/1998,Scribner
10787,The Hemingway Women: Those Who Love Him - The Wives And Others,Bernice Kert,4.17,393318354,9780390000000.0,eng,556,279,32,12/17/1998,W. W. Norton  Company
10789,Hemingway: A Biography,Jeffrey Meyers,4,306808900,9780310000000.0,eng,644,197,15,05/07/1999,Da Capo Press
10792,The Sword of Straw (The Sangreal Trilogy  #2),Amanda Hemingway,3.81,345460804,9780350000000.0,eng,336,138,8,3/28/2006,Del Rey
10796,A Farewell to Arms,Ernest Hemingway/John Slattery,3.8,743564375,9780740000000.0,eng,8,290,65,05/01/2006,Simon  Schuster Audio
10797,A Farewell to Arms,Ernest Hemingway,3.8,684174693,9780680000000.0,eng,336,174,30,02/01/1982,MacMillan Publishing Company
10801,The Big Rock Candy Mountain,Wallace Stegner,4.15,140139397,9780140000000.0,eng,563,6187,669,03/01/1991,Penguin
10802,Beyond the Hundredth Meridian: John Wesley Powell and the Second Opening of the West,Wallace Stegner/Bernard DeVoto,4.07,140159940,9780140000000.0,eng,438,3010,244,03/01/1992,Penguin Books
10804,Collected Stories,Wallace Stegner/Lynn Stegner,4.22,143039792,9780140000000.0,eng,576,608,59,7/25/2006,Penguin Classics
10805,All the Little Live Things,Wallace Stegner,4.09,140154418,9780140000000.0,eng,345,2595,350,12/01/1991,Penguin Books
10806,Where the Bluebird Sings to the Lemonade Springs,Wallace Stegner/T.H. Watkins,4.1,375759328,9780380000000.0,eng,234,1553,113,04/09/2002,Modern Library
10808,Wallace Stegner: His Life and Work,Jackson J. Benson,4.19,140247963,9780140000000.0,eng,496,88,8,11/01/1997,Penguin Books
10810,Letters of E.B. White,E.B. White/Dorothy Lobrano Guth/Martha White/John Updike,4.13,60757086,9780060000000.0,eng,736,694,39,11/28/2006,Harper
10814,Here Is New York,E.B. White/Roger Angell/Barbara Cohen/Judith Stonehill,4.3,1892145022,9781890000000.0,eng,58,5379,544,01/01/2000,Little Bookroom
10826,Charlotte's Web,E.B. White/Garth Williams,4.17,61228745,9780060000000.0,eng,179,7,1,11/01/2006,HarperEntertainment
10832,Charlotte's Web,E.B. White/Garth Williams,4.17,140364498,9780140000000.0,eng,256,223,22,10/28/1993,Penguin Books  Limited (UK)
10836,Che Guevara: A Revolutionary Life,Jon Lee Anderson/José Hernández/Leena Nivala,4.12,802135587,9780800000000.0,eng,814,15468,548,03/09/1998,Grove Press (NYC)
10846,Gatsby's Girl,Caroline Preston,3.54,618537252,9780620000000.0,en-US,312,863,121,05/01/2006,Houghton Mifflin Harcourt
10853,In Search of Captain Zero: A Surfer's Road Trip Beyond the End of the Road,Allan C. Weisbecker,3.89,1585421774,9781590000000.0,eng,352,2246,166,9/16/2002,TarcherPerigee
10863,Pipe Dream (Strivers Row),Solomon Jones,3.97,375756604,9780380000000.0,eng,341,139,17,7/31/2001,Villard
10867,The Pleasure of My Company,Steve Martin,3.78,786888016,9780790000000.0,eng,176,13257,1240,10/06/2004,Hachette Books
10873,Shopgirl,Steve Martin,3.43,786891076,9780790000000.0,eng,130,30067,2166,01/01/2000,Hachette Books
10876,The Mutineer: Rants  Ravings  and Missives from the Mountaintop  1977-2005,Hunter S. Thompson,4.08,684873176,9780680000000.0,eng,752,84,4,03/01/2013,Simon & Schuster
10877,Generation of Swine: Tales of Shame and Degradation in the '80's,Hunter S. Thompson,3.78,743250443,9780740000000.0,eng,336,5980,171,11/06/2003,Simon  Schuster
10879,The Gonzo Way: A Celebration of Dr. Hunter S. Thompson,Anita Thompson,3.96,1555916228,9781560000000.0,en-US,112,1052,36,07/01/2007,Fulcrum Publishing
10880,The Proud Highway: Saga of a Desperate Southern Gentleman  1955-1967,Hunter S. Thompson/Douglas Brinkley,4.14,345377966,9780350000000.0,eng,720,2961,116,04/07/1998,Ballantine Books
10884,Einstein: His Life and Universe,Walter Isaacson,4.11,743264738,9780740000000.0,eng,675,113315,2833,04/10/2007,Simon  Schuster
10885,The Wise Men: Six Friends and the World They Made,Walter Isaacson/Evan Thomas,4.07,684837714,9780680000000.0,eng,864,2664,78,06/04/1997,Simon & Schuster
10887,Kissinger,Walter Isaacson,3.94,743286979,9780740000000.0,eng,896,2507,140,9/27/2005,Simon  Schuster
10890,Traveling Mercies: Some Thoughts on Faith,Anne Lamott,4.16,385496095,9780390000000.0,eng,275,39822,2297,2/15/2000,Anchor
10894,Where Rainbows End,Cecelia Ahern,3.94,7189958,9780010000000.0,eng,454,652,109,11/08/2004,HarperCollins
10895,Irish Girls Are Back in Town,Cecelia Ahern/Patricia Scanlan/Gemma O'Connor/Sarah Webb/Maeve Binchy/Marian Keyes/Morag Prunty/Cathy Kelly/Colette Caddle/Marita Conlon-McKenna/Martina Devlin/Clare Dowling/Catherine Foley/Aine Greaney/Suzanne Higgins/Rosaleen Linehan/Joan O'Neill/Julie Parsons/Deirdre Purcell/Martina Reilly/Mary Ryan/Annie Sparrow/Una Brankin,3.74,743499263,9780740000000.0,eng,384,805,36,03/01/2005,Gallery Books
10897,There's No Place Like Here,Cecelia Ahern,3.67,1401301886,9781400000000.0,eng,340,1926,314,09/04/2007,Hachette Books
10906,Final Rain (The Survivalist  #19),Jerry Ahern,3.69,821726846,9780820000000.0,eng,220,95,4,06/01/1989,Zebra
10907,The Pursuit of Happyness,Chris Gardner,4.19,60744871,9780060000000.0,eng,320,21292,756,10/24/2006,Amistad
10908,Harvesting the Heart,Jodi Picoult,3.6,140230270,9780140000000.0,eng,453,39611,2473,04/01/1995,Penguin Books
10909,The Tenth Circle,Jodi Picoult,3.5,074349671X,9780740000000.0,eng,416,108646,5039,10/24/2006,Allen & Ulwin
10910,Mercy,Jodi Picoult,3.58,743422449,9780740000000.0,eng,400,42046,2564,04/01/2001,Washington Square Press
10912,Picture Perfect,Jodi Picoult,3.54,425185508,9780430000000.0,eng,369,46383,2502,07/02/2002,Berkley
10914,Songs of the Humpback Whale,Jodi Picoult,3.2,743431014,9780740000000.0,eng,346,27590,1838,10/01/2001,Washington Square Press
10915,Salem Falls,Jodi Picoult,3.82,743418719,9780740000000.0,eng,434,67431,3066,08/01/2002,Washington Square Press
10916,The Pact,Jodi Picoult,4.01,61150142,9780060000000.0,eng,512,244774,8841,8/29/2006,Avon
10917,My Sister's Keeper,Jodi Picoult,4.07,743454537,9780740000000.0,eng,423,986711,29652,02/01/2005,Washington Square Press
10920,Cold Mountain,Charles Frazier,3.86,802142842,9780800000000.0,eng,356,208001,4972,09/01/2006,Grove Press
10921,The Collected Songs of Cold Mountain,Hanshan/Red Pine/John Blofeld,4.41,1556591403,9781560000000.0,eng,320,685,36,06/01/2000,Copper Canyon Press
10929,For One More Day,Mitch Albom,4.1,1401303277,9781400000000.0,eng,197,113593,6830,9/26/2006,Hachette Books
10932,Just One More Day: A Memoir,Susan    Lewis,3.98,99486830,9780100000000.0,eng,340,180,25,01/05/2006,Arrow Books
10939,Ya Sé Que Te Quiero,Billy Crystal/Elizabeth Sayles,4.19,60845988,9780060000000.0,spa,40,0,0,04/11/2006,Rayo
10943,Absolutely Mahvelous,Billy Crystal/Dick Schaap,3.79,399512462,9780400000000.0,eng,128,24,2,7/18/1986,Perigee Trade
10951,The Last Innocent Man,Phillip Margolin,3.91,60739681,9780060000000.0,eng,352,1667,57,1/25/2005,HarperTorch
10964,Outlander (Outlander  #1),Diana Gabaldon,4.23,440242940,9780440000000.0,eng,850,673350,34690,7/26/2005,Dell Publishing Company
10965,A Breath of Snow and Ashes (Outlander  #6),Diana Gabaldon,4.44,385340397,9780390000000.0,eng,980,105950,3992,8/29/2006,Delta
10966,Outlander - The Exile of Sharad Hett (Star Wars: Ongoing  Volume 2),Timothy Truman/Rick Leonardi/Tom Raney/Al Rio,3.43,1569715149,9781570000000.0,eng,144,126,17,4/18/2001,Dark Horse
10967,The Fiery Cross (Outlander  #5),Diana Gabaldon/Janos Farkas,4.27,440221668,9780440000000.0,eng,1443,128901,5294,8/30/2005,Dell
10968,Refuge (Outlanders  #36),James Axler,3.93,373638493,9780370000000.0,eng,346,5,0,2/14/2006,Gold Eagle
10969,Dragonfly in Amber (Outlander  #2),Diana Gabaldon,4.32,385302312,9780390000000.0,eng,743,1088,118,07/01/1992,Delacorte Press
10970,Outlander,Matt Keefe,3.85,184416411X,9781840000000.0,eng,254,54,5,12/26/2006,Games Workshop(uk)
10971,Hydra's Ring (Outlanders  #39),James Axler,3.88,373638523,9780370000000.0,eng,348,25,2,11/01/2006,Gold Eagle
10972,Omega Path (Outlanders  #4),James Axler,3.87,373638175,9780370000000.0,en-US,352,80,2,1/23/1998,Gold Eagle
10973,Savage Sun (Outlanders  #3),James Axler,3.84,373638167,9780370000000.0,en-US,352,95,3,10/24/1997,Gold Eagle
10974,As I Lay Dying,William Faulkner/E.L. Doctorow,3.71,375504524,9780380000000.0,eng,231,1003,101,1/25/2001,Modern Library
10976,Novels  1926-1929,William Faulkner/Noel Polk/Joseph Blotner,4.42,1931082898,9781930000000.0,eng,1180,199,13,04/06/2006,Library of America
10979,Light in August,William Faulkner,3.94,679732268,9780680000000.0,eng,507,47794,1920,1/30/1991,Vintage
10980,Novels 1942–1954: Go Down  Moses / Intruder in the Dust / Requiem for a Nun / A Fable,William Faulkner/Noel Polk/Joseph Blotner,4.44,940450852,9780940000000.0,eng,1110,90,7,10/01/1994,Library of America
10982,Selected Short Stories,William Faulkner,4.09,679424784,9780680000000.0,eng,320,1017,64,5/18/1993,Modern Library
10984,Three Famous Short Novels: Spotted Horses Old Man the Bear,William Faulkner,3.86,394701496,9780390000000.0,eng,320,1457,117,02/12/1958,Vintage Books
10985,The Town,William Faulkner,4.1,394701844,9780390000000.0,eng,371,1253,68,02/12/1961,Vintage Books
10987,Voyager (Outlander  #3),Diana Gabaldon,4.39,385335997,9780390000000.0,eng,870,198818,8130,08/07/2001,Delta
10988,Drums of Autumn (Outlander  #4),Diana Gabaldon,4.35,385335989,9780390000000.0,eng,880,141771,5455,08/07/2001,Delta
10989,The Outlandish Companion: Companion to Outlander  Dragonfly in Amber  Voyager  and Drums of Autumn,Diana Gabaldon,4.08,385324138,9780390000000.0,eng,577,11433,478,6/29/1999,Delacorte Press
10990,Lord John and the Private Matter (Lord John Grey  #1),Diana Gabaldon,3.7,770429459,9780770000000.0,eng,368,32446,1345,10/04/2005,Seal
10992,Cross Stitch (Outlander  #1),Diana Gabaldon,4.23,99911701,9780100000000.0,eng,864,2384,323,03/03/1994,Arrow Books
10993,The Eight,Katherine Neville,3.91,345419081,9780350000000.0,eng,624,536,60,6/23/1997,Ballantine Books
10996,Your Eight Year Old: Lively and Outgoing,Louise Bates Ames/Frances L. Ilg/Carol C. Haber/Betty David,3.86,440506816,9780440000000.0,eng,160,183,26,03/01/1990,Dell
11000,Eight Mindful Steps to Happiness: Walking the Buddha's Path,Henepola Gunaratana,4.3,861711769,9780860000000.0,eng,288,1103,50,6/15/2001,Wisdom Publications
11002,Eight Men Out: The Black Sox and the 1919 World Series,Eliot Asinof/Stephen Jay Gould,4.03,805065377,9780810000000.0,en-US,336,8614,242,05/01/2000,Holt Paperbacks
11003,Eleven on Top (Stephanie Plum  #11),Janet Evanovich,4.16,312985347,9780310000000.0,eng,321,91695,1731,6/20/2006,St. Martin's Press
11005,El Clan Del Oso Cavernario,Jean M. Auel/Leonor Tejada Conde-Pelayo,4.05,9684581149,9789680000000.0,spa,548,176,12,09/01/1981,Lasser Press
11006,The Portable James Joyce,James Joyce/Harry Levin,4.17,517618877,9780520000000.0,eng,762,20,3,8/20/1986,Random House Value Publishing/TheViking Press
11012,Dubliners,James Joyce/Jeri Johnson/Thiên Lương,3.85,192839993,9780190000000.0,eng,207,91755,3246,3/15/2001,Oxford University Press
11013,Finnegans Wake,James Joyce,3.67,571217354,9780570000000.0,eng,628,9780,591,11/04/2002,Faber & Faber
11016,Jane Eyre,Charlotte Brontë/Stevie Davies,4.12,141441143,9780140000000.0,eng,590,8333,874,6/29/2006,Penguin Classics
11019,Jane Eyre,Charlotte Brontë/Richard J. Dunn,4.12,393975428,9780390000000.0,eng,534,1475,156,12/13/2000,W. W. Norton & Company
11021,Jane Eyre,Jane E. Gerver/Bill Dodge/Charlotte Brontë,4.06,679886184,9780680000000.0,eng,112,140,8,6/17/1997,Random House Books for Young Readers
11022,Purity of Blood (Adventures of Captain Alatriste  #2),Arturo Pérez-Reverte/Margaret Sayers Peden,3.75,452287987,9780450000000.0,eng,268,3240,130,11/28/2006,Plume
11026,Barnaby Rudge,Charles Dickens/John Bowen/Hablot Knight Browne,3.81,140437282,9780140000000.0,eng,744,8156,366,2/27/2003,Penguin Books
11027,No me cogeréis vivo: artículos 2001-2005,Arturo Pérez-Reverte,4.16,8420469432,9788420000000.0,spa,537,199,5,11/10/2005,Alfaguara
11031,The Flanders Panel,Arturo Pérez-Reverte/Margaret Jull Costa,3.79,156029588,9780160000000.0,eng,295,12998,589,06/07/2004,Mariner Books
11033,The Seville Communion,Arturo Pérez-Reverte/Sonia Soto,3.68,156029812,9780160000000.0,eng,400,3912,209,06/07/2004,Mariner Books
11036,Little Birds,Anaïs Nin,3.72,156029049,9780160000000.0,eng,148,7888,366,02/02/2004,Mariner Books
11037,The Diary of Anaïs Nin  Vol. 2: 1934-1939,Anaïs Nin/Gunther Stuhlmann,4.18,156260263,9780160000000.0,eng,372,1775,47,3/25/1970,Mariner Books
11038,"Henry and June: From ""A Journal of Love"": The Unexpurgated Diary of Anaïs Nin  1931-1932",Anaïs Nin,3.9,015640057X,9780160000000.0,eng,304,8311,449,10/29/1990,Mariner Books
11043,House of Incest,Anaïs Nin/Val Telberg,3.8,804001480,9780800000000.0,eng,72,1843,143,02/01/1991,Swallow Press
11044,The Diary of Anaïs Nin  Vol. 3: 1939-1944,Anaïs Nin/Gunther Stuhlmann,4.18,156260271,9780160000000.0,eng,348,1392,40,3/24/1971,Mariner Books
11045,The Spectator Bird,Wallace Stegner,3.99,140139400,9780140000000.0,eng,214,4808,550,11/01/1990,Penguin
11047,The Big Book of Boy Stuff,Bart King/Chris Sabatino,4.23,1586853333,9781590000000.0,eng,292,147,25,07/01/2004,Gibbs Smith Publishers
11048,The Boys of Everest: Chris Bonington and the Tragedy of Climbing's Greatest Generation,Clint Willis,3.86,786715790,9780790000000.0,eng,535,452,36,9/14/2006,Carroll & Graf Publishers
11062,Roald Dahl: The Storyteller (Famous Lives),Jason Hook,4.06,750244917,9780750000000.0,eng,48,0,0,08/12/2004,Hodder Wayland
11069,Les Nouvelles Recettes irrésistibles de Roald Dahl,Roald Dahl/Quentin Blake,4.14,2070536289,9782070000000.0,fre,64,0,0,9/18/2002,Gallimard Jeunesse
11071,Relatos de lo inesperado,Roald Dahl/Carmelina Payá/Antonio Samons,4.18,8433920863,9788430000000.0,spa,320,387,30,6/30/2016,Anagrama
11075,Konfetti Ungemütliches + Ungezogenes,Roald Dahl,3.59,3499158477,9783500000000.0,ger,123,27,1,01/02/1987,Rowohlt Taschenbuch Verlag GmbH
11077,The Sex Lives of Cannibals: Adrift in the Equatorial Pacific,J. Maarten Troost,3.87,767915305,9780770000000.0,eng,272,19422,2077,06/08/2004,Broadway Books
11089,The Read-Aloud Handbook,Jim Trelease,4.41,143037390,9780140000000.0,eng,432,4357,707,7/25/2006,Penguin Books
11095,The Working Poor: Invisible in America,David K. Shipler,4.03,375708219,9780380000000.0,eng,352,4929,369,01/04/2005,Vintage
11101,First Comes Love (Hot Water  California #1),Christie Ridgway,3.81,380818957,9780380000000.0,en-US,384,1051,47,01/01/2002,Avon Books
11106,Eat Right 4 Your Type,Peter J. D'Adamo/Catherine Whitney,3.57,071267716X,9780710000000.0,en-US,375,186,16,04/02/1998,Century
11119,The Annotated Gulliver's Travels,Jonathan Swift/Isaac Asimov,3.57,517539497,9780520000000.0,eng,298,57,9,10/29/1980,Random House Value Publishing
11121,Gulliver's Travels,Jonathan Swift/Robert A. Greenberg,3.57,393099415,9780390000000.0,eng,432,174,9,03/01/1980,W. W. Norton & Company
11130,The Chronicles of Narnia CD Box Set,C.S. Lewis/Kenneth Branagh,4.26,694524751,9780690000000.0,eng,31,202,24,10/26/2004,HarperFestival
11136,The Chronicles of Narnia (The Chronicles of Narnia  #1-7),C.S. Lewis/Pauline Baynes,4.26,60765453,9780060000000.0,eng,766,1131,53,10/15/2005,HarperEntertainment
11137,Mere Christianity,C.S. Lewis/Kathleen Norris,4.32,60652926,9780060000000.0,eng,227,7665,664,4/21/2015,HarperOne
11138,Mere Christianity,C.S. Lewis,4.32,684823780,9780680000000.0,eng,191,240060,5828,06/01/1996,Touchstone Books
11149,The Screwtape Letters,C.S. Lewis,4.22,60652896,9780060000000.0,eng,224,116834,4746,03/06/2001,HarperCollins
11154,The Screwtape Letters/Book & Study Guide,C.S. Lewis,4.22,800783360,9780800000000.0,en-US,172,96,12,01/01/1976,Fleming H Revell Co
11157,Four Mothers,Shifra Horn/Dalya Bilu,3.69,312263236,9780310000000.0,eng,276,204,28,06/10/2000,Picador
11159,Four Mothers at Chautuaqua,Pansy/Isabella MacDonald Alden,4.04,842331913,9780840000000.0,eng,265,28,1,4/30/1997,Living Books
11161,The Trial of God: (as it was held on February 25  1649  in Shamgorod),Elie Wiesel/Robert McAfee Brown/Matthew Fox,4.14,805210539,9780810000000.0,eng,208,957,72,11/14/1995,Schocken
11162,Summer for the Gods: The Scopes Trial and America's Continuing Debate Over Science and Religion,Edward J. Larson/Brian Troxell,3.9,674854292,9780670000000.0,eng,318,1458,108,11/15/1998,Harvard University Press
11166,Dawn (The Night Trilogy  #2),Elie Wiesel/Frances Frenaye,3.87,809037726,9780810000000.0,eng,81,12576,975,3/21/2006,Hill & Wang
11167,The Forgotten,Elie Wiesel/Stephen Becker,3.94,805210199,9780810000000.0,eng,320,503,36,1/31/1995,Schocken Books Inc
11168,Day (The Night Trilogy  #3),Elie Wiesel/Anne Borchardt,3.84,809023091,9780810000000.0,eng,109,7332,465,3/21/2006,Hill and Wang
11174,All Rivers Run to the Sea,Elie Wiesel,4.15,805210288,9780810000000.0,eng,464,954,63,10/22/1996,Schocken
11176,Father Hunger: Fathers  Daughters  and the Pursuit of Thinness,Margo Maine/Craig  Johnson,3.57,936077492,9780940000000.0,eng,288,15,1,9/30/2004,Gürze Books
11178,Father Hunger: Fathers  Daughters & Food,Margo Maine/Craig L. Johnson,3.57,936077093,9780940000000.0,eng,254,56,5,09/01/2003,Gurze Books
11184,Bold Land  Bold Love (Australian Trilogy  #1),Connie Mason,3.83,505522748,9780510000000.0,eng,469,225,16,08/01/1998,Love Spell
11197,Leading with a Limp: Turning Your Struggles Into Strengths,Dan B. Allender,4.04,1578569508,9781580000000.0,eng,206,506,52,5/16/2006,Waterbrook Press
11204,Something to Declare,Julia Alvarez,3.99,452280672,9780450000000.0,en-US,300,726,50,09/01/1999,Plume Books
11208,How the García Girls Lost Their Accents,Julia Alvarez,3.63,452287073,9780450000000.0,eng,304,18032,1144,10/04/2005,Plume
11222,Kesey's One Flew Over the Cuckoo's Nest (Cliffs Notes),Bruce Edward Walker/Ken Kesey/CliffsNotes,4.17,764586629,9780760000000.0,eng,112,22,3,12/11/2000,Cliffs Notes
11225,One Flew Over the Cuckoo's Nest,Ken Kesey,4.2,451137094,9780450000000.0,eng,272,1120,104,02/01/1963,Signet
11226,One Flew over the Cuckoo's Nest,Ken Kesey,4.2,451143426,9780450000000.0,eng,272,67,5,02/01/1963,Signet
11229,The Sea  The Sea,Iris Murdoch/Mary Kinzie,3.92,014118616X,9780140000000.0,eng,528,13010,771,03/01/2001,Penguin Books Ltd
11231,Existentialists and Mystics: Writings on Philosophy and Literature,Iris Murdoch/George Steiner/Peter J. Conradi,4.1,140264922,9780140000000.0,eng,576,184,18,07/01/1999,Penguin
11234,A Fairly Honourable Defeat,Iris Murdoch/Peter Reed,3.93,141186178,9780140000000.0,eng,432,1417,115,03/01/2001,Penguin Classics
11235,The Unicorn,Iris Murdoch,3.63,014002476X,9780140000000.0,eng,270,1846,159,01/06/1987,Penguin Books
11240,Bruno's Dream,Iris Murdoch,3.76,140031766,9780140000000.0,eng,320,604,48,11/18/1976,Penguin Books
11244,Mystical Paths (Starbridge  #5),Susan Howatch,4.23,6496873,9780010000000.0,eng,576,1045,38,07/01/1996,HarperCollins Publishers
11245,Glittering Images (Starbridge  #1),Susan Howatch,4.07,000649689X,9780010000000.0,eng,512,2043,209,7/22/1996,Fontana
11247,Scandalous Risks,Susan Howatch,4.2,6496903,9780010000000.0,eng,480,1114,43,7/22/2009,Harper
11251,Glamorous Powers (Starbridge  #2),Susan Howatch,4.19,000649692X,9780010000000.0,en-GB,512,1493,69,7/22/1996,HarperCollins
11253,A Severed Head,Iris Murdoch,3.73,140020039,9780140000000.0,eng,204,3682,319,11/18/1976,Penguin Books
11262,Absolute Truths (Starbridge  #6),Susan Howatch,4.34,517170779,9780520000000.0,eng,672,1066,52,8/14/1996,Random House Value Publishing
11263,The Shrouded Walls,Susan Howatch,3.4,751533939,9780750000000.0,eng,224,305,31,12/31/2010,Sphere
11269,Waiting Sands,Susan Howatch,3.43,751533114,9780750000000.0,eng,192,314,14,03/01/2003,Little  Brown Book Group
11277,The Hollow Man,Dan Simmons,3.46,553563505,9780550000000.0,en-US,342,2532,149,09/01/1993,Bantam Spectra
11278,Hardcase (Joe Kurtz  #1),Dan Simmons,3.68,312980167,9780310000000.0,en-US,291,1067,61,8/19/2002,Minotaur Books
11279,Summer of Night (Seasons of Horror  #1),Dan Simmons,4.02,446362662,9780450000000.0,eng,600,16116,894,03/01/1992,Warner Books
11285,Vengeance (Joe Kurtz  #1),Dan Simmons,3.68,2268041042,9782270000000.0,fre,243,1,0,10/31/2001,Editions du Rocher
11286,Carrion Comfort,Dan Simmons,3.9,446359203,9780450000000.0,eng,884,15742,714,10/01/1990,Warner Books
11289,The Rise of Endymion (Hyperion Cantos  #4),Dan Simmons,4.18,553572989,9780550000000.0,eng,709,36728,1229,07/01/1998,Spectra
11290,Children of the Night,Dan Simmons,3.71,446364754,9780450000000.0,eng,464,5855,264,06/01/1993,Warner Books
11295,The Group,Mary McCarthy,3.66,451025016,9780450000000.0,eng,397,61,17,09/01/1964,Signet
11296,Haruki Murakami and the Music of Words,Jay Rubin,3.83,99455447,9780100000000.0,eng,462,1444,68,01/06/2005,Vintage
11297,Norwegian Wood,Haruki Murakami/Jay Rubin,4.03,375704027,9780380000000.0,eng,296,248676,12203,09/12/2000,Vintage Books
11298,A Wild Sheep Chase (The Rat  #3),Haruki Murakami/Alfred Birnbaum,3.95,037571894X,9780380000000.0,eng,353,68918,3022,04/09/2002,Vintage
11301,Horton Hatches the Egg,Dr. Seuss,4.16,7175191,9780010000000.0,eng,64,37851,597,10/02/2004,Harpercollins Children's Books
11308,Seaward,Susan Cooper,3.97,20421907,9780020000000.0,eng,167,1756,72,4/30/1987,Aladdin Paperbacks
11311,The Boggart,Susan Cooper/Omar Rayyan,3.75,1416905278,9781420000000.0,eng,196,4085,181,5/31/2005,Aladdin Paperbacks
11313,Silver on the Tree (The Dark is Rising  #5),Susan Cooper,4.15,689840330,9780690000000.0,eng,274,27802,507,12/01/2000,Margaret K. McElderry Books
11317,The Long Goodbye (Philip Marlowe  #6),Raymond Chandler,4.22,394239105,9780390000000.0,eng,379,34,4,08/01/1992,Black Lizard Books
11318,Trouble Is My Business,Raymond Chandler,4.06,394757645,9780390000000.0,eng,224,9606,258,08/12/1988,Vintage Crime/Black Lizard
11320,The Captain's Verses,Pablo Neruda/Donald Devenish Walsh,4.25,811215806,9780810000000.0,mul,151,4494,160,7/19/2004,New Directions Publishing Corporation
11323,Herbert the Timid Dragon,Mercer Mayer,4.62,307114635,9780310000000.0,eng,48,23,4,07/01/1991,Western Publishing Company  Golden Books
11324,Under the Net,Iris Murdoch,3.77,140014454,9780140000000.0,eng,252,11174,465,10/27/1982,Penguin Books Ltd
11326,Love,Toni Morrison,3.75,1400078474,9781400000000.0,eng,224,7580,452,01/04/2005,Vintage
11333,Beloved,Toni Morrison/A.S. Byatt,3.83,307264882,9780310000000.0,eng,360,660,58,10/17/2006,Everyman's Library
11334,Song of Solomon,Toni Morrison,4.06,140003342X,9781400000000.0,eng,337,73894,2763,06/08/2004,Vintage
11337,The Bluest Eye,Toni Morrison,4.03,452287065,9780450000000.0,eng,216,132233,5507,09/06/2005,Plume
11339,100 Love Sonnets,Pablo Neruda/Stephen Tapscott,4.39,292760280,9780290000000.0,eng,232,12613,392,01/01/1986,University of Texas Press
11340,Jazz,Toni Morrison,3.81,679411674,9780680000000.0,eng,229,428,54,04/07/1992,Alfred A. Knopf
11341,Jazz,Toni Morrison,3.81,1400076218,9781400000000.0,eng,229,1338,128,06/08/2004,Vintage
11346,Sula,Toni Morrison,3.93,452283868,9780450000000.0,eng,174,47998,2479,04/05/2002,Plume Books
11347,Sula,Toni Morrison,3.93,1400033438,9781400000000.0,eng,174,3552,361,06/08/2004,Vintage International
11349,Sula,Toni Morrison,3.93,452263492,9780450000000.0,eng,174,457,49,09/01/1987,Plume
11352,Sula,Toni Morrison,3.93,99760010,9780100000000.0,eng,189,709,94,05/07/2005,Vintage Books
11355,Tar baby,Toni Morrison,3.93,2264026219,9782260000000.0,fre,431,11,0,2/20/1997,Editions 10/18
11359,Tar Baby,Toni Morrison,3.93,1400033446,9781400000000.0,eng,320,15795,447,06/08/2004,Vintage
11364,Pacific Northwest Hiking: The Complete Guide to More Than 1 000 of the Best Hikes in Washington and Oregon (Foghorn Outdoors),Scott Leonard/Megan McMorris,4.24,1566915902,9781570000000.0,eng,912,12,1,4/29/2005,Rick Steves
11366,The Guns of August,Barbara W. Tuchman/Robert K. Massie,4.17,345476093,9780350000000.0,eng,606,40927,1671,08/03/2004,Ballantine Books
11371,It Can't Happen Here,Sinclair Lewis/Michael R.  Meyer,3.77,045121658X,9780450000000.0,eng,400,9031,1555,10/04/2005,NAL Trade
11372,Babbitt,Sinclair Lewis,3.66,486431673,9780490000000.0,en-US,320,249,29,9/22/2003,Dover Publications
11373,Main Street,Sinclair Lewis/Brooke Allen,3.77,1593080360,9781590000000.0,en-US,560,286,37,08/01/2003,Barnes  Noble Classics
11376,Main Street,Sinclair Lewis,3.77,375753141,9780380000000.0,eng,454,21451,778,11/01/2000,Modern Library
11377,Arrowsmith / Elmer Gantry / Dodsworth,Sinclair Lewis/Richard R. Lingeman,3.9,1931082081,9781930000000.0,en-US,1346,58,11,8/26/2002,Library of America
11378,Elmer Gantry,Sinclair Lewis,3.99,2859405461,9782860000000.0,fre,352,3840,318,10/01/1998,Phébus
11380,Die Geisha,Arthur Golden,4.11,3442726328,9783440000000.0,ger,573,314,14,02/01/2000,Wilhelm Goldmann Verlag  GmbH
11383,Arthur Edward Waite's Quest of the Golden Stairs,Arthur Edward Waite,3.9,766144739,9780770000000.0,eng,184,9,0,04/07/2003,Kessinger Publishing
11389,Arrowsmith,Sinclair Lewis/E.L. Doctorow,3.82,451526910,9780450000000.0,eng,428,5889,300,06/01/1953,Harcourt Brace Jovanovich
11390,Something Wicked This Way Comes,Ray Bradbury,3.94,965020452,9780970000000.0,eng,293,834,54,01/01/2001,Bookspan
11399,Living on the Ragged Edge: Finding Joy in a World Gone Mad: Workbook,Charles R. Swindoll,4.2,1418503460,9781420000000.0,en-US,268,3,0,04/06/2005,Nelson Reference & Electronic Publishing
11406,A Door of Hope,Jan Frank,3.97,898401879,9780900000000.0,eng,197,28,3,04/01/1987,Here's Life Publishers
11413,Captivating: Unveiling the Mystery of a Woman's Soul,John Eldredge/Stasi Eldredge,3.91,785264698,9780790000000.0,en-US,243,42509,738,04/05/2005,Nelson Books
11426,Family (Firstborn  #4),Karen Kingsbury,4.42,842387463,9780840000000.0,eng,345,8370,143,10/01/2006,Tyndale House Publishers
11427,Found (Firstborn  #3),Karen Kingsbury,4.44,842387455,9780840000000.0,eng,342,8874,174,08/01/2006,Tyndale House Publishers
11428,Forever (Firstborn  #5),Karen Kingsbury,4.43,1414307640,9781410000000.0,eng,346,8158,146,2/22/2007,Tyndale House Publishers
11429,Ever After (Lost Love  #2),Karen Kingsbury,4.32,031024756X,9780310000000.0,eng,337,10722,354,01/01/2007,Zondervan
11430,Return (Redemption  #3),Karen Kingsbury/Gary Smalley,4.45,842382895,9780840000000.0,eng,384,13180,288,09/01/2003,Tyndale House Publishers
11431,The Red Gloves Collection (Red Gloves  #1-4),Karen Kingsbury,4.49,446579629,9780450000000.0,eng,640,718,36,10/10/2006,FaithWords
11432,Reunion (Redemption  #5),Karen Kingsbury/Gary Smalley,4.5,842386882,9780840000000.0,en-US,400,12509,271,07/01/2004,Tyndale House Publishers
11433,Redemption (Redemption  #1),Karen Kingsbury/Gary Smalley,4.38,842356223,9780840000000.0,eng,384,25248,859,7/22/2002,Tyndale House Publishers
11434,Forgiven (Firstborn  #2),Karen Kingsbury,4.41,842387447,9780840000000.0,eng,358,9804,172,9/23/2005,Tyndale House Publishers
11436,Rejoice (Redemption  #4),Karen Kingsbury/Gary Smalley,4.46,84386874,9780840000000.0,eng,344,12550,201,3/22/2004,Tyndale House Publishers
11437,Where I'm Calling From: New and Selected Stories,Raymond Carver,4.42,679722319,9780680000000.0,eng,544,18280,772,09/12/2000,Vintage Contemporaries
11439,All of Us: The Collected Poems,Raymond Carver,4.3,375703802,9780380000000.0,eng,416,1651,107,04/04/2000,Vintage
11441,Short Cuts: Selected Stories,Raymond Carver/Robert Altman,4.11,679748644,9780680000000.0,eng,157,4455,232,9/14/1993,Vintage
11449,Cathedral,Raymond Carver,4.28,679723692,9780680000000.0,eng,230,21895,894,6/18/1989,Vintage Contemporaries
11463,In Pharaoh's Army: Memories of the Lost War,Tobias Wolff/Luann Walther,4.08,679760237,9780680000000.0,eng,240,2398,175,9/26/1995,Vintage
11464,Old School,Tobias Wolff,3.82,747574650,9780750000000.0,eng,196,7772,826,02/07/2005,Bloomsbury
11466,This Boy's Life,Tobias Wolff,3.98,802136680,9780800000000.0,eng,304,22828,1304,1/20/2000,Grove Press
11468,The Vintage Book of Contemporary American Short Stories,Tobias Wolff,4.11,679745130,9780680000000.0,eng,576,1227,79,09/06/1994,Vintage
11472,We Wish to Inform You That Tomorrow We Will Be Killed with Our Families,Philip Gourevitch,4.24,312243359,9780310000000.0,eng,356,24862,1443,09/04/1999,Picador USA
11473,The Paris Review Interviews  I: 16 Celebrated Interviews,The Paris Review/Philip Gourevitch/Rebecca West/Elizabeth Bishop/Robert  Stone/Robert Gottlieb/Richard Price/Billy Wilder/Jack Gilbert/Joan Didion/Dorothy Parker/Truman Capote/Ernest Hemingway/T.S. Eliot/Saul Bellow/Jorge Luis Borges/Kurt Vonnegut Jr./James M. Cain,4.37,312361750,9780310000000.0,eng,510,866,103,10/17/2006,Picador USA
11478,The Living and the Dead: Robert McNamara and Five Lives of a Lost War,Paul Hendrickson,4.01,067978117X,9780680000000.0,eng,448,135,11,10/28/1997,Vintage
11481,Sons of Mississippi: A Story of Race and Its Legacy,Paul Hendrickson,3.81,375704256,9780380000000.0,eng,368,170,31,01/06/2004,Vintage
11482,Looking for the Light: The Hidden Life and Art of Marion Post Wolcott,Paul Hendrickson/Marion Post Wolcott,4.07,394577299,9780390000000.0,eng,297,14,3,4/21/1992,Alfred A. Knopf
11486,The Color Purple,Alice Walker,4.2,671727796,9780670000000.0,eng,295,445206,9643,04/01/2004,Pocket
11492,Bright Purple: Color Me Confused (TrueColors  #10),Melody Carlson,3.49,1576839508,9781580000000.0,eng,213,806,61,09/05/2006,Th1nk Books
11494,Humboldt's Gift,Saul Bellow,3.86,140189440,9780140000000.0,eng,487,6995,378,06/01/1996,Penguin Classics
11499,The Promise,Chaim Potok,4.15,1400095417,9781400000000.0,eng,368,11255,499,11/08/2005,Anchor Books
11502,The Gift of Asher Lev,Chaim Potok,4.16,449001156,9780450000000.0,eng,384,6224,339,09/10/1997,Ballantine Books
11503,In the Beginning,Chaim Potok,4.08,044900113X,9780450000000.0,eng,416,2222,120,09/10/1997,Ballantine Books
11507,My Name Is Asher Lev,Chaim Potok,4.21,1400031044,9781400000000.0,eng,369,32785,2398,03/11/2003,Anchor
11511,L'Échiquier du mal,Dan Simmons,3.9,2207254410,9782210000000.0,fre,999,63,7,06/08/2003,Denoël
11514,L'Éveil d'Endymion II,Dan Simmons,4.25,2266106341,9782270000000.0,fre,410,19,0,07/06/2000,Pocket
11516,Les Larmes d'Icare,Dan Simmons/Jean-Daniel Brèque,3.81,220724038X,9782210000000.0,fre,357,0,0,3/15/1994,Denoël
11518,L'Épée de Darwin,Dan Simmons/Guy Abadia,3.33,2268043185,9782270000000.0,fre,436,3,0,11/20/2002,Éditions du Rocher
11519,Les Fils des ténèbres,Dan Simmons,3.71,2226074740,9782230000000.0,fre,464,6,0,10/01/1994,Albin Michel
11520,Endymion: Pforten der Zeit,Dan Simmons,4.17,3442353920,9783440000000.0,ger,672,3,0,02/01/2001,Blanvalet Taschenbuch
11525,1 000 Places to See Before You Die,Patricia Schultz,3.85,761104844,9780760000000.0,eng,992,36303,439,5/22/2003,Workman Publishing Company
11535,The Crook Factory,Dan Simmons,3.8,380789175,9780380000000.0,eng,580,1108,89,08/01/2000,HarperTorch
11541,Swan Song,Robert R. McCammon,4.28,067162413X,9780670000000.0,eng,956,147,23,06/01/1987,Pocket Books
11548,Mine,Robert R. McCammon,3.9,671739441,9780670000000.0,en-GB,496,9111,231,05/01/1991,Pocket Books
11549,Gone South,Robert R. McCammon,3.93,671743074,9780670000000.0,eng,400,4849,228,08/01/1993,Pocket Books
11550,Usher's Passing,Robert R. McCammon,3.92,671769928,9780670000000.0,eng,416,3226,143,10/01/1992,Pocket Books
11551,The Wolf's Hour,Robert R. McCammon,4.06,671731424,9780670000000.0,eng,603,8741,326,8/15/1990,Pocket Books
11552,Mystery Walk,Robert R. McCammon,3.89,067176991X,9780670000000.0,eng,432,2242,96,10/01/1992,Pocket Books
11553,Boy's Life,Robert R. McCammon,4.35,671743058,9780670000000.0,eng,580,17540,1740,05/01/1992,Pocket Books
11556,Stinger,Robert R. McCammon,3.87,671737767,9780670000000.0,en-US,538,5725,147,04/01/1988,Pocket Books
11557,Swan Song,Robert R. McCammon,4.28,671741039,9780670000000.0,eng,956,46244,2540,06/01/1987,Pocket Books
11563,Danse Macabre,Stephen King,3.64,042518160X,9780430000000.0,eng,400,21063,460,09/01/2001,Berkley
11565,The Secretary of Dreams  Volume One,Stephen King/Glenn Chadbourne,4.47,1587671409,9781590000000.0,eng,281,291,7,10/30/2006,Cemetery Dance Publications
11566,The Green Mile,Stephen King,4.44,451933028,9780450000000.0,eng,592,207869,4570,09/01/1996,Penguin Signet
11570,Dreamcatcher,Stephen King/William Olivier Desmond/Maria Teresa Marenco,3.63,2226131906,9782230000000.0,fre,688,136312,1617,03/01/2002,Albin Michel
11571,Storm of the Century: An Original Screenplay,Stephen King,3.92,965796930,9780970000000.0,en-US,376,252,14,01/01/1999,Book of the Month Club
11574,The Body,Stephen King/Robin Waterfield,4.25,582418178,9780580000000.0,eng,80,29670,974,12/20/1999,Penguin Books
11580,Creepshow,Stephen King/Bernie Wrightson/Michele Wrightson,4.07,452253802,9780450000000.0,eng,66,34392,275,08/01/1982,Plume
11584,On Writing: A Memoir,Stephen King,4.33,340820462,9780340000000.0,eng,384,1118,142,09/01/2001,New English Library
11588,The Shining,Stephen King,4.22,450040186,9780450000000.0,eng,659,978535,15105,07/01/1980,New English Library (Hodder & Stoughton)
11594,La Torre Oscura VII - Tomo 2 of 2 (La Torre Oscura  #7),Stephen King/Verónica Canales,4.24,9506440824,9789510000000.0,spa,496,192,9,4/28/2006,Plaza y Janés
11597,The Dark Half,Stephen King,3.77,045052468X,9780450000000.0,eng,469,110131,1282,10/07/1990,New English Library
11601,The Science of Stephen King: From 'Carrie' to 'Cell ' The Terrifying Truth Behind the Horror Master's Fiction,Lois H. Gresh/Robert E. Weinberg,3.42,471782475,9780470000000.0,eng,272,62,9,08/01/2007,Wiley
11604,The Girl Who Loved Tom Gordon,Stephen King,3.59,671042858,9780670000000.0,eng,264,1997,184,02/01/2000,Pocket Books
11605,Riding the Bullet,Stephen King/Josh Hamilton,3.63,743525876,9780740000000.0,eng,66,11649,270,05/01/2002,Simon  Schuster Audio
11606,The Bachman Books: Four Early Novels by Stephen King,Stephen King/Richard Bachman,4.11,453005071,9780450000000.0,eng,692,1098,84,10/04/1985,NAL Books
11608,El umbral de la noche,Stephen King/Gregorio Vlastelica/Eduardo Goligorsky,4,060981088X,9780610000000.0,spa,424,737,119,09/04/2001,Plaza y Janés
11611,Stand by Me,Raynold Gideon,4.32,9998691567,9790000000000.0,eng,96,1436,24,06/01/1986,Columbia Pictures Pubns
11613,La danza de la muerte,Stephen King/Eduardo Goligorsky,4.34,8401321689,9788400000000.0,spa,613,64,3,07/10/1986,Plaza & Janes Editores Sa
11616,The Gardens of Emily Dickinson,Judith Farr/Louise Carter,3.84,067401829X,9780670000000.0,eng,350,54,13,10/01/2005,Harvard University Press
11617,The Life of Emily Dickinson,Richard B. Sewall,4.29,674530802,9780670000000.0,eng,821,315,20,7/15/1998,Harvard University Press
11619,The Poems of Emily Dickinson,Emily Dickinson/R.W. Franklin,4.25,674018249,9780670000000.0,eng,690,475,39,10/01/2005,Belknap Press
11621,Selected Poetry of Emily Dickinson,Emily Dickinson,4.17,385487185,9780390000000.0,eng,299,77,3,4/14/1997,Doubleday Books
11623,The Unabridged Journals of Sylvia Plath,Sylvia Plath/Karen V. Kukil,4.31,385720254,9780390000000.0,eng,732,14009,483,10/17/2000,Anchor
11625,Ariel: The Restored Edition,Sylvia Plath/Frieda Hughes,4.27,60732601,9780060000000.0,eng,256,3737,283,03/06/2018,Harper Perennial Modern Classics
11627,The Colossus and Other Poems,Sylvia Plath,4.19,375704469,9780380000000.0,eng,84,9140,224,5/19/1998,Vintage
11630,Rough Magic: A Biography of Sylvia Plath,Paul Alexander,3.92,306812991,9780310000000.0,eng,402,1516,60,9/18/2003,Da Capo Press
11632,The Journals of Sylvia Plath,Sylvia Plath/Ted Hughes/Frances McCullough,4.17,385493916,9780390000000.0,eng,384,1163,64,05/11/1998,Anchor
11635,The Death and Life of Sylvia Plath,Ronald Hayman,3.67,750934220,9780750000000.0,eng,224,453,24,7/24/2003,Sutton
11643,Te Kaihau: The Windeater,Keri Hulme,3.72,807611689,9780810000000.0,eng,239,165,16,02/01/1987,George Braziller
11648,Everyman,Philip Roth,3.58,061873516X,9780620000000.0,en-US,182,821,131,05/09/2006,Houghton Mifflin
11650,American Pastoral (The American Trilogy  #1),Philip Roth,3.92,99771810,9780100000000.0,eng,432,47156,3007,03/05/1998,Vintage
11653,I Married a Communist (The American Trilogy  #2),Philip Roth,3.81,375707212,9780380000000.0,eng,323,4996,325,11/02/1999,Vintage
11654,Sabbath's Theater,Philip Roth,3.85,679772596,9780680000000.0,eng,451,6993,482,08/06/1996,Vintage
11655,The Counterlife,Philip Roth,3.91,679749047,9780680000000.0,eng,336,3192,195,08/06/1996,Vintage
11656,Rabbit Angstrom: The Four Novels,John Updike,4.26,679444599,9780680000000.0,eng,1520,1512,148,10/17/1995,Everyman's Library
11657,Terrorist,John Updike,3.17,307264653,9780310000000.0,eng,320,3490,410,06/06/2006,Knopf
11663,Rabbit Novels: Rabbit  Run and Rabbit Redux,John Updike,3.98,345464567,9780350000000.0,eng,640,811,55,11/04/2003,Ballantine Books
11664,Brazil,John Updike,3.45,449911632,9780450000000.0,eng,272,2001,150,8/27/1996,Random House Trade Paperbacks
11665,Conversations with John Updike,James Plath,3.57,878057005,9780880000000.0,eng,302,14,2,10/21/2011,University Press of Mississippi
11666,Rabbit at Rest (Rabbit Angstrom #4),John Updike,3.97,449911942,9780450000000.0,eng,608,13361,395,8/27/1996,Random House Trade
11668,Rest Rabbit Rest (Sweet Pickles  #18),Jacquelyn Reinach/Richard Hefter,4.02,30420563,9780030000000.0,eng,32,92,5,03/01/1978,Holt  Rinehart and Winston  Inc.
11669,The Mambo Kings Play Songs of Love,Oscar Hijuelos,3.68,60845309,9780060000000.0,en-US,448,132,19,07/05/2005,Harper Perennial
11670,Mr. Ives' Christmas,Oscar Hijuelos,3.76,60927542,9780060000000.0,eng,256,949,128,12/23/2003,Harper Perennial
11671,A Simple Habana Melody,Oscar Hijuelos,3.45,60928697,9780060000000.0,eng,368,330,36,6/17/2003,Harper Perennial
11672,The Fourteen Sisters of Emilio Montez O'Brien,Oscar Hijuelos,3.69,60975946,9780060000000.0,eng,496,467,31,12/23/2003,Harper Perennial
11684,The Known World,Edward P. Jones,3.83,7195303,9780010000000.0,eng,388,449,83,10/01/2004,Harper Perennial
11686,The Stories of John Cheever,John Cheever/Pelle Fritz-Crone,4.27,375724427,9780380000000.0,eng,693,12270,529,5/16/2000,Vintage International
11690,Istanbul: Memories and the City,Orhan Pamuk,3.79,1400033888,9781400000000.0,eng,356,11930,973,07/11/2006,Vintage International
11692,The Black Book,Orhan Pamuk/Maureen Freely/عین له غریب,3.91,1400078652,9781400000000.0,eng,466,6352,425,07/11/2006,Vintage
11693,The White Castle,Orhan Pamuk/Victoria Rowe Holbrook,3.46,571164668,9780570000000.0,eng,161,6994,431,7/26/2000,Faber and Faber
11695,La Vida Nueva,Orhan Pamuk/Rafael Carpintero,3.56,9707707763,9789710000000.0,spa,282,7,0,10/01/2006,Alfaguara
11697,Granta 85: Hidden Histories,Ian Jack,3.83,1929001150,9781930000000.0,eng,254,34,4,05/07/2004,Grove Press  Granta
11698,Me llamo rojo,Orhan Pamuk/Rafael Carpintero,3.85,8466368876,9788470000000.0,spa,687,413,45,01/01/2007,Punto de Lectura
11701,The Collected Poems  1957-1987,Octavio Paz/Eliot Weinberger/Elizabeth Bishop,4.3,811211738,9780810000000.0,eng,669,2896,46,4/17/1991,New Directions Publishing Corporation
11702,The Labyrinth of Solitude and Other Writings,Octavio Paz/Lysander Kemp/Yara Milos,4.14,080215042X,9780800000000.0,eng,398,5170,154,01/12/1994,Grove Press
11704,Sor Juana: Or  the Traps of Faith,Octavio Paz/Margaret Sayers Peden,4.22,674821068,9780670000000.0,eng,547,44,6,01/02/1990,Belknap Press
11705,Selected Poems,Octavio Paz/Eliot Weinberger/Charles Tomlinson/William Carlos Williams/Monique Fong Wust/G. Aroul/Elizabeth Bishop/Paul Blackburn/Lysander Kemp/Denise Levertov/Muriel Rukeyser/Mark Strand,4.21,811208990,9780810000000.0,eng,160,373,18,9/17/1984,New Directions
11707,The Double Flame: Love and Eroticism,Octavio Paz/Helen Lane,4.21,156003651,9780160000000.0,eng,276,602,30,06/01/1996,Harcourt
11715,The English Patient: A Screenplay (Screen and Cinema),Anthony Minghella/Michael Ondaatje,3.86,413715000,9780410000000.0,eng,224,25,1,2/24/1997,Bloomsbury Methuen Drama
11723,Angels & Insects,A.S. Byatt,3.65,676503187,9780680000000.0,eng,292,7,0,3/29/1994,Vintage Books
11728,The Blue Flower,Penelope Fitzgerald,3.47,395859972,9780400000000.0,eng,226,3334,514,4/15/1997,Mariner Books
11729,The Bookshop  The Gate of Angels  The Blue Flower,Penelope Fitzgerald/Frank Kermode,4.07,1400041260,9781400000000.0,en-US,472,32,7,9/23/2003,Everyman's Library
11734,The Human Stain (The American Trilogy  #3),Philip Roth,3.88,99282194,9780100000000.0,eng,384,25422,1410,04/05/2001,Vintage
11741,Housekeeping,Marilynne Robinson,3.82,312424094,9780310000000.0,eng,219,34723,4489,11/01/2004,Picador USA
11751,All Aunt Hagar's Children: Stories,Edward P. Jones,3.78,60557567,9780060000000.0,en-US,399,1614,212,8/29/2006,Amistad
11752,Lost in the City,Edward P. Jones,4.03,006079528X,9780060000000.0,eng,268,2228,241,11/30/2004,Amistad Press
11762,White Noise,Don DeLillo,3.87,140283307,9780140000000.0,eng,320,55821,2523,06/01/1999,Penguin Books
11765,Americana,Don DeLillo,3.43,2868698220,9782870000000.0,eng,454,3683,238,08/10/1993,Actes Sud
11766,Love-Lies-Bleeding,Don DeLillo,3.41,743273060,9780740000000.0,eng,112,300,24,01/10/2006,Scribner
11767,The Body Artist,Don DeLillo,3.24,743203968,9780740000000.0,eng,128,7201,500,02/05/2002,Scribner
11768,The Hotel New Hampshire,John Irving,3.9,552992097,9780550000000.0,eng,520,51267,1195,10/22/1982,Black Swan
11769,The Hotel New Hampshire,John Irving,3.9,552120405,9780550000000.0,eng,428,217,26,12/31/1982,Corgi Books
11771,Das Hotel New Hampshire,John Irving/Hans Hermann,3.9,3257211945,9783260000000.0,ger,597,301,19,01/01/1984,Diogenes Verlag
11772,El Hotel New Hampshire,John Irving/Iris Menéndez,3.9,8472238660,9788470000000.0,spa,457,18,3,09/01/1995,TusQuets
11777,Black Girl/White Girl,Joyce Carol Oates,3.23,61125644,9780060000000.0,eng,288,2662,290,10/17/2006,Ecco
11779,Them (Wonderland Quartet  #3),Joyce Carol Oates/Elaine Showalter,3.71,345484401,9780350000000.0,eng,576,2686,230,09/12/2006,Modern Library
11780,You Must Remember This,Joyce Carol Oates,3.76,452280192,9780450000000.0,eng,436,2115,116,11/01/1998,Plume
11781,Wonderland (Wonderland Quartet  #4),Joyce Carol Oates/Elaine Showalter,3.8,081297655X,9780810000000.0,eng,528,912,97,09/12/2006,Modern Library
11782,Missing Mom,Joyce Carol Oates,3.55,60816228,9780060000000.0,eng,464,3510,357,8/22/2006,Ecco
11784,After the Wreck  I Picked Myself Up  Spread My Wings  and Flew Away,Joyce Carol Oates,3.46,60735252,9780060000000.0,eng,292,1168,129,09/01/2006,HarperCollins Publishers
11785,Zombie,Joyce Carol Oates,3.34,452275008,9780450000000.0,eng,181,6028,821,09/01/1996,Plume
11796,Sabbath's Theater,Philip Roth,3.85,99582015,9780100000000.0,eng,451,128,9,09/05/1996,Vintage
11801,The Stone Diaries,Carol Shields,3.87,143036394,9780140000000.0,en-US,384,397,40,8/30/2005,Penguin Essential Editions
11809,Insurgent Collective Action and Civil War in El Salvador,Elisabeth Jean Wood,3.83,521010500,9780520000000.0,eng,332,54,4,10/16/2003,Cambridge University Press
11824,The Whipping Boy,Sid Fleischman/Peter Sís,3.57,60521228,9780060000000.0,eng,90,21191,1162,4/15/2003,Greenwillow Books
11831,Dicey's Song (Tillerman Cycle  #2),Cynthia Voigt,3.96,689863624,9780690000000.0,eng,359,16021,594,07/01/2003,Aladdin Paperbacks
11854,Puzzle Pack: The Witch of Blackbird Pond,Mary B. Collins,1,1583377824,9781580000000.0,eng,134,2,0,8/15/2005,Teacher's Pet Publications  Inc.
11861,City on the Seine: Paris in the Time of Richelieu and Louis XIV  1614-1715,Andrew P. Trout,4.17,333666380,9780330000000.0,eng,288,0,0,06/05/1996,Palgrave Macmillan
11862,Teach Them Diligently: How to Use the Scriptures in Child Training,Lou Priolo,4.25,1889032204,9781890000000.0,eng,162,317,40,09/01/2000,Timeless Texts
11873,The Confessions of Nat Turner,William Styron,3.97,99285568,9780100000000.0,eng,480,86,5,07/01/2004,Vintage Classics
11876,Set This House On Fire,William Styron,3.69,009928555X,9780100000000.0,eng,567,566,33,04/05/2001,Vintage Classics
11878,Darkness Visible: A Memoir of Madness,William Styron,4.04,679643524,9780680000000.0,eng,96,398,51,1/23/2007,Modern Library
11880,A Book of Blue Flowers,Robert L. Geneve,3.83,881927694,9780880000000.0,eng,327,0,0,02/01/2006,Timber Press (OR)
11886,Falconer,John Cheever,3.66,224014013,9780220000000.0,eng,224,7,0,07/07/1977,Random House UK Ltd (A Division of Random House Group)
11890,The Wapshot Chronicle,John Cheever/Rick Moody,3.76,60528877,9780060000000.0,eng,352,6152,257,06/03/2003,Harper Perennial Modern Classics
11900,72 Hour Hold,Bebe Moore Campbell,3.81,1400033616,9781400000000.0,eng,336,1746,184,07/11/2006,Anchor
11901,The Witching Hour (Lives of the Mayfair Witches  #1),Anne Rice,4.11,99471426,9780100000000.0,eng,1207,87816,2577,11/04/2004,Arrow
11907,The Victim,Saul Bellow,3.53,140189386,9780140000000.0,en-US,272,1481,118,03/01/1996,Penguin Classics
11908,The Adventures of Augie March,Saul Bellow/Christopher Hitchens,3.84,143039571,9780140000000.0,eng,586,14789,756,10/03/2006,Penguin Classics
11910,Mr. Sammler's Planet,Saul Bellow/Stanley Crouch,3.76,142437832,9780140000000.0,eng,288,2721,135,01/06/2004,Penguin Classics
11912,Novels 1956–1964: Seize the Day / Henderson the Rain King / Herzog,Saul Bellow/James  Wood,4.19,159853002X,9781600000000.0,eng,793,96,10,01/11/2007,Library of America
11915,Broken (Women of the Otherworld  #6),Kelley Armstrong,4.19,553588184,9780550000000.0,eng,444,25866,637,4/25/2006,Bantam
11917,Exit Strategy (Nadia Stafford #1),Kelley Armstrong,3.89,553588192,9780550000000.0,eng,480,6236,369,6/26/2007,Bantam
11918,Bitten (Otherworld  #1),Kelley Armstrong,4.05,452286034,9780450000000.0,eng,436,79710,3479,09/07/2004,Plume Books
11919,Haunted (Women of the Otherworld  #5),Kelley Armstrong,4.09,553587080,9780550000000.0,eng,495,21556,653,5/31/2005,Bantam Spectra
11920,Dime Store Magic (Women of the Otherworld  #3),Kelley Armstrong,4.08,553587064,9780550000000.0,eng,414,767,44,5/27/2004,Bantam Spectra
11921,Industrial Magic (Women of the Otherworld #4),Kelley Armstrong,4.13,553587072,9780550000000.0,eng,528,777,48,10/26/2004,Bantam Spectra
11922,Stolen (Women of the Otherworld  #2),Kelley Armstrong,4.15,452285933,9780450000000.0,eng,468,37400,1136,9/28/2004,Plume
11926,Moderato cantabile,Marguerite Duras,3.51,3518376780,9783520000000.0,fre,122,2525,112,01/01/1985,Suhrkamp
11932,The Line Between,Peter S. Beagle,4.12,1892391368,9781890000000.0,eng,231,707,97,8/15/2006,Tachyon Publications
11933,Tamsin,Peter S. Beagle,4.02,451457633,9780450000000.0,eng,288,3033,241,10/01/1999,Firebird
11934,The Fantasy Worlds of Peter Beagle,Peter S. Beagle,4.21,345289676,9780350000000.0,eng,430,530,35,09/12/1979,Del Rey
11938,The Innkeeper's Song,Peter S. Beagle,3.89,451452887,9780450000000.0,eng,346,2015,136,11/01/1993,Roc
11949,Uncle Setnakt's Essential Guide to the Left Hand Path,Don Webb,4.37,1885972105,9781890000000.0,eng,128,112,9,03/03/2011,Lodestar Books
11963,Les petits chevaux de Tarquinia,Marguerite Duras,3.75,207036187X,9782070000000.0,fre,220,267,14,05/01/1973,Gallimard Education
11970,The Humanoids (Humanoids #1),Jack Williamson,3.75,312852533,9780310000000.0,eng,299,898,48,1/15/1996,Orb Books
11978,Terraforming Earth,Jack Williamson,3.46,765344971,9780770000000.0,eng,352,17,3,2/17/2003,Tor Science Fiction
11980,Les jeux sont faits,Jean-Paul Sartre,3.96,2070394824,9782070000000.0,fre,165,1951,77,02/01/1996,Gallimard Education
11988,The Plague  The Fall  Exile and the Kingdom  and Selected Essays,Albert Camus/Stuart Gilbert/Justin O'Brien/David Bellos,4.34,1400042550,9781400000000.0,eng,656,843,30,8/17/2004,Everyman's Library
11990,The Rebel,Albert Camus/Anthony Bower/Herbert Read,4.15,679733841,9780680000000.0,eng,320,9227,256,01/01/1992,Vintage
11991,The Fall,Albert Camus/Justin O'Brien,4.04,679720227,9780680000000.0,eng,147,53697,1772,05/07/1991,Vintage
11993,Camus at Combat: Writing 1944-1947,Albert Camus/Jacqueline Levi-Valensi/Arthur Goldhammer/David Carroll,4.19,691120048,9780690000000.0,fre,334,134,5,1/16/2006,Princeton University Press
11995,Resistance  Rebellion and Death: Essays,Albert Camus/Justin O'Brien,4.2,679764011,9780680000000.0,en-US,288,2448,104,8/29/1995,Vintage
11996,I Who Have Never Known Men,Jacqueline Harpman/Ros Schwartz,4.09,380731819,9780380000000.0,eng,206,516,71,07/01/1998,Harper Voyager
12000,Crime Novels: American Noir of the 1950s,Robert Polito/Jim Thompson/Patricia Highsmith/Charles Willeford/David Goodis/Chester Himes,4.37,1883011493,9781880000000.0,eng,892,420,34,09/01/1997,Library of America
12001,Raise High the Roof Beam  Carpenters and Seymour: an Introduction,J.D. Salinger,4.11,140237518,9780140000000.0,eng,134,251,19,10/03/1998,Hamish Hamilton
12009,The Algebraist,Iain M. Banks,4.02,1597800449,9781600000000.0,eng,434,15363,560,06/01/2006,Night Shade Books
12013,Excession (Culture  #5),Iain M. Banks,4.21,553575376,9780550000000.0,eng,499,20051,759,02/02/1998,Bantam Spectra (NY)
12016,Look to Windward (Culture  #7),Iain M. Banks,4.2,743421922,9780740000000.0,eng,496,17025,436,11/01/2002,Pocket Books/Simon & Schuster (NY)
12017,Inversions (Culture  #6),Iain M. Banks,3.92,074341196X,9780740000000.0,eng,343,10878,342,05/01/2001,Pocket Books
12018,Exzession (Culture  #5),Iain M. Banks/Irene Bonhorst,4.21,3453196791,9783450000000.0,ger,655,24,2,03/01/2002,Heyne
12019,Iain Banks' 'The Wasp Factory'  'The Crow Road' and 'Whit',Alan MacGillivray,3.92,948877480,9780950000000.0,eng,80,59,3,4/19/2001,Association for Scottish Literary Studies
12022,A Song Of Stone,Iain Banks,3.17,316640166,9780320000000.0,eng,280,78,10,01/01/2009,Little Brown
12034,Selected Poems,Herman Melville/Robert Faggen,3.77,143039032,9780140000000.0,eng,384,31,2,6/27/2006,Penguin Classics
12035,Herman Melville: A Biography,Hershel Parker,4.22,801881854,9780800000000.0,eng,928,3,0,8/15/2005,Johns Hopkins University Press
12036,The Confidence-Man,Herman Melville/Tony Tanner/John Dugdale,3.65,192837621,9780190000000.0,eng,361,1876,161,11/11/1999,Oxford University Press
12043,The Italian Girl (Ackroyd and Thackeray #5),Patricia Hall,3.48,312264895,9780310000000.0,eng,208,34,2,05/12/2000,St. Martin's Press
12045,An Unofficial Rose,Iris Murdoch,3.76,014002154X,9780140000000.0,en-US,288,14,0,01/06/1973,Penguin Books Ltd
12047,Days: A Tangier Diary,Paul Bowles,3.31,61137367,9780060000000.0,eng,128,123,16,6/13/2006,Ecco
12048,The Sheltering Sky / Let It Come Down / The Spider's House,Paul Bowles/Daniel Halpern,4.19,1931082197,9781930000000.0,eng,940,264,21,8/26/2002,Library of America
12049,The Spider's House,Paul Bowles/Francine Prose,4.02,61137030,9780060000000.0,eng,432,1123,99,10/31/2006,Ecco
12050,A Hundred Camels in the Courtyard,Paul Bowles,3.98,872860027,9780870000000.0,eng,90,313,23,01/01/2001,City Lights Publishers
12052,Collected Stories and Later Writings,Paul Bowles/Daniel Halpern,4.41,1931082200,9781930000000.0,en-US,1050,128,11,8/26/2002,Library of America
12053,The Sheltering Sky,Paul Bowles,3.91,006083482X,9780060000000.0,eng,313,906,132,9/20/2005,Ecco Press
12055,Points in Time,Paul Bowles,3.67,61139637,9780060000000.0,eng,96,181,26,10/31/2006,Ecco
12059,The Accidental Bodyguard (Accidental  #2),Ann Major,3.25,373760035,9780370000000.0,eng,192,18,0,4/24/1996,Silhouette Desire
12066,The Nice and the Good,Iris Murdoch,3.84,140030344,9780140000000.0,eng,362,1539,90,12/14/1978,Penguin Books
12069,No More Christian Nice Guy: When Being Nice--Instead of Good--Hurts Men  Women and Children,Paul Coughlin/Laura Schlessinger,3.77,764200925,9780760000000.0,eng,224,284,33,12/31/2005,Bethany House Publishers
12070,Good Omens: The Nice and Accurate Prophecies of Agnes Nutter  Witch,Terry Pratchett/Neil Gaiman,4.25,60853972,9780060000000.0,eng,384,5036,582,08/07/2007,William Morrow / Harper
12071,Buenos Presagios: las buenas y ajustadas profecías de Agnes La Chalada,Terry Pratchett/Neil Gaiman,4.25,159497098X,9781590000000.0,spa,318,104,14,4/25/2005,Norma Editorial
12073,Philosophical Investigations,Ludwig Wittgenstein/G.E.M. Anscombe,4.23,631231277,9780630000000.0,eng,464,11067,187,1/15/2001,Blackwell Publishing  Inc.
12074,Wittgenstein's Poker: The Story of a Ten-Minute Argument Between Two Great Philosophers,David Edmonds/John Eidinow,3.76,60936649,9780060000000.0,eng,368,2284,169,9/17/2002,Ecco
12075,Tractatus Logico-Philosophicus,Ludwig Wittgenstein/David Pears/Brian McGuinness/Bertrand Russell,4.07,415254086,9780420000000.0,eng,142,13578,404,09/01/2001,Routledge Classics
12076,Philosophical Investigations,Ludwig Wittgenstein/G.E.M. Anscombe,4.23,24288101,9780020000000.0,eng,256,224,35,03/11/1973,Pearson
12077,On Certainty,Ludwig Wittgenstein/G.E.M. Anscombe/George Henrik von Wright,4.16,631169407,9780630000000.0,en-US,114,75,4,1/16/1991,Wiley-Blackwell
12078,Wittgenstein on Rules and Private Language: An Elementary Exposition,Saul A. Kripke,4.01,674954017,9780670000000.0,eng,160,877,27,7/15/1984,Harvard University Press
12079,Ludwig Wittgenstein: The Duty of Genius,Ray Monk,4.36,140159959,9780140000000.0,eng,704,3679,148,11/01/1991,Penguin Books
12080,Wittgenstein's Vienna,Allan Janik/Stephen Toulmin,4.06,1566631327,9781570000000.0,eng,315,285,26,09/01/1996,Ivan R. Dee Publisher
12081,The Blue and Brown Books,Ludwig Wittgenstein/Rush Rhees,4.14,61312118,9780060000000.0,en-US,208,2027,38,01/01/1965,Harper & Row (NYC et al.)
12083,Long Day's Journey into Night,Eugene O'Neill/Harold Bloom,4.07,300093055,9780300000000.0,eng,179,32178,734,02/08/2002,Yale University Press
12086,Long Day's Journey: The Steamboat & Stagecoach Era in the Northern West,Carlos A. Schwantes,4,295976918,9780300000000.0,eng,408,4,0,09/01/1999,University of Washington Press
12090,En attendant Godot,Samuel Beckett,3.83,2707301485,9782710000000.0,fre,124,1751,74,07/03/1995,Éditions de Minuit
12091,The Coming of Godot: A Short History of a Masterpiece,Jonathan Croall/Peter Hall,4,1840025956,9781840000000.0,en-GB,128,3,0,04/01/2006,Oberon Books
12095,The Bald Soprano and Other Plays,Eugène Ionesco/Donald M. Allen,4.04,802130798,9780800000000.0,eng,160,5524,106,01/12/1994,Grove Press
12099,Three Plays: Exit the King / The Killer / Macbett,Eugène Ionesco/Charles Marowitz/Donald   Watson,4.11,802151108,9780800000000.0,eng,105,175,9,1/13/1994,Grove Press
12108,The Discovery of New Worlds (Story of the World  #2),Margaret Bertha Synge,3.5,159915014X,9781600000000.0,eng,252,17,3,01/08/2006,Yesterday's Classics
12113,Six Characters in Search of an Author and Other Plays,Luigi Pirandello/Mark Musa,3.95,014018922X,9780140000000.0,eng,224,2935,63,6/29/1995,Penguin Classics
12114,The Oil Jar and Other Stories,Luigi Pirandello/Stanley Appelbaum,3.85,048628459X,9780490000000.0,eng,96,214,18,04/03/1995,Dover Publications
12116,The Late Mattia Pascal,Luigi Pirandello/William Weaver/Charles Simic,4.03,1590171152,9781590000000.0,eng,272,6185,108,11/30/2004,NYRB Classics
12117,One  No One and One Hundred Thousand,Luigi Pirandello/William Weaver/Samuel Putnam,4.1,941419746,9780940000000.0,eng,176,3852,106,09/01/1992,Marsilio Publishers
12118,Henry IV,Luigi Pirandello/Tom Stoppard,3.91,802141943,9780800000000.0,eng,80,650,21,07/11/2005,Grove/Atlantic  Inc.
12120,Three Plays,Luigi Pirandello/Robert Rietty/Julian Mitchell/John Linstrum,3.74,413575608,9780410000000.0,eng,200,7,0,06/01/1985,Methuen Publishing
12123,Sierra's Homecoming (McKettricks  #5),Linda Lael Miller,4.09,373247958,9780370000000.0,eng,248,1979,94,11/21/2006,Silhouette Desire
12125,Homecoming (Tillerman Cycle  #1),Cynthia Voigt,3.94,689851324,9780690000000.0,eng,416,18737,1081,08/01/2002,Simon Pulse
12137,Buried Child,Sam Shepard,3.91,307274977,9780310000000.0,eng,120,6746,178,2/14/2006,Vintage
12142,Seven Plays,Sam Shepard/Richard Gilman,4.18,553346113,9780550000000.0,eng,336,4967,105,05/01/1984,Dial Press Trade Paperback
12143,You Come Too: Favorite Poems for Readers of All Ages,Robert Frost/Noel Perrin,4.15,805069852,9780810000000.0,en-US,92,79,6,04/01/2002,Owlet Paperbacks
12147,Watership Down,Richard  Adams,4.06,743277708,9780740000000.0,en-US,476,6115,752,11/01/2005,Charles Scribner's Sons
12148,Watership Down,Richard  Adams,4.06,60935456,9780060000000.0,eng,479,522,80,5/15/2001,HarperPerennial
12149,Tales from Watership Down,Richard  Adams,3.79,517289369,9780520000000.0,eng,267,33,3,12/15/1998,Random House
12155,The Bake Shop Ghost,Jacqueline K. Ogburn/Marjorie A. Priceman,4.27,618445579,9780620000000.0,en-US,32,252,53,7/25/2005,HMH Books for Young Readers
12157,The Journey That Saved Curious George: The True Wartime Escape of Margret and H.A. Rey,Louise Borden/Allan Drummond,4.11,618339248,9780620000000.0,eng,80,1136,224,9/26/2005,HMH Books for Young Readers
12169,All the Sad Young Men (Works of F. Scott Fitzgerald),F. Scott Fitzgerald/James L.W. West III,3.96,521402409,9780520000000.0,eng,504,369,22,1/29/2007,Cambridge University Press
12172,Memoirs of Hadrian,Marguerite Yourcenar/Grace Frick,4.25,374529264,9780370000000.0,eng,347,10455,660,5/18/2005,Farrar  Straus and Giroux
12180,Every Book Its Reader: The Power of the Printed Word to Stir the World,Nicholas A. Basbanes,3.96,60593245,9780060000000.0,eng,400,312,26,12/12/2006,Harper Perennial
12186,Invitation to a Beheading,Vladimir Nabokov,3.9,141185600,9780140000000.0,eng,192,342,23,08/03/2015,Penguin Books Ltd
12187,Ada  or Ardor: A Family Chronicle,Vladimir Nabokov/Fatih Özgüven,4.15,679725229,9780680000000.0,eng,604,7927,543,2/19/1990,Vintage
12188,Strong Opinions,Vladimir Nabokov,4,679726098,9780680000000.0,eng,368,767,59,3/17/1990,Vintage
12193,The Portable Conrad,Joseph Conrad/Morton Dauwen Zabel/Frederick R. Karl,4.28,140150331,9780140000000.0,eng,762,97,7,12/09/1976,Penguin Books
12194,Lord Jim,Joseph Conrad,3.62,1551111721,9781550000000.0,eng,455,21925,838,11/07/2000,Broadview Press Inc
12195,Typhoon and Other Tales,Joseph Conrad/Cedric Watts,3.9,192801732,9780190000000.0,eng,304,589,20,1/16/2003,Oxford University Press
12201,Stopping by Woods on a Snowy Evening,Robert Frost/Susan Jeffers,4.4,525467343,9780530000000.0,eng,32,9205,322,9/24/2001,Dutton Children's Books
12202,The Poetry of Robert Frost: The Collected Poems  Complete and Unabridged,Robert Frost/Edward Connery Lathem,4.25,805069860,9780810000000.0,eng,607,1392,67,04/01/2002,Owl Books
12203,Frost,Thomas Bernhard/Michael Hofmann,3.88,1400040663,9781400000000.0,eng,342,731,69,10/17/2006,Alfred A. Knopf
12204,The Road Not Taken and Other Poems,Robert Frost,4.28,486275507,9780490000000.0,eng,49,33928,251,4/19/1993,Dover Publications
12210,Collected Poems  Prose  and Plays,Robert Frost/Richard Poirier/Mark   Richardson,4.32,188301106X,9781880000000.0,eng,1036,6188,51,10/01/1995,Library of America
12212,Robert Frost: A Life,Jay Parini,4.11,805063412,9780810000000.0,eng,514,259,31,3/15/2000,Owl Books (NY)
12216,Three Plays: Desire Under the Elms / Strange Interlude / Mourning Becomes Electra,Eugene O'Neill/Luann Walther,4.08,679763961,9780680000000.0,eng,424,1596,36,10/31/1995,Vintage
12220,A Streetcar Named Desire,Tennessee Williams,3.98,822210894,9780820000000.0,eng,107,235224,2409,12/01/1952,Dramatists Play Service
12222,A Streetcar Named Desire,Tennessee Williams/Arthur  Miller,3.98,811216020,9780810000000.0,en-US,192,3458,337,9/17/2004,New Directions
12224,Streetcar Suburbs: The Process of Growth in Boston  1870-1900,Sam Bass Warner, Jr./Sam B. Warner,3.58,674842111.0,9.78067E+12,en-US,236,61,6,Harvard University Press
12225,A Streetcar Named Desire (SparkNotes Literature Guide),SparkNotes,3.29,1586634496,9781590000000.0,eng,96,0,0,7/15/2002,SparkNotes
12226,CliffNotes on Williams' Glass Menagerie & Streetcar Named Desire (Cliffs Notes),James Lamar Roberts/Tennessee Williams/CliffsNotes,3.7,822005336,9780820000000.0,en-GB,88,10,0,01/05/1965,Cliffs Notes
12230,Pygmalion,George Bernard Shaw/Dan H. Laurence/Nicholas Grene,3.9,141439505,9780140000000.0,eng,122,2085,179,1/30/2003,Penguin Books
12240,The Play Soldier,Chet Green,4.5,159113644X,9781590000000.0,eng,328,2,2,5/22/2011,Booklocker.com  Inc.
12248,Return to Ithaca (Tales from the Odyssey  #5),Mary Pope Osborne/Troy Howell,4.14,786809930,9780790000000.0,eng,112,280,19,10/01/2004,Little  Brown Books for Young Readers
12249,The New Testament,Richmond Lattimore,4.32,865475245,9780870000000.0,eng,608,109,23,10/30/1997,North Point Press
12250,Greek Lyrics,Richmond Lattimore,3.98,226469441,9780230000000.0,eng,82,234,21,9/15/1960,University of Chicago Press
12254,The Iliad,Homer/Robert Fagles/Derek Jacobi,3.86,143059289,9780140000000.0,eng,8,42,7,6/15/2006,Penguin-HighBridge
12256,The Iliad  Books 8-9 (Classical Texts Series),Homer/Charles H. Wilson,4.5,856686271,9780860000000.0,grc,224,4,1,12/01/1996,Aris and Phillips
12263,The Gray-Eyed Goddess (Tales from the Odyssey  #4),Mary Pope Osborne/Troy Howell/Homer,4.09,786809310,9780790000000.0,en-US,128,316,22,9/30/2003,Little  Brown Books for Young Readers
12268,Collected Stories,Tennessee Williams/Gore Vidal,4.31,811212696,9780810000000.0,eng,608,642,46,4/17/1994,New Directions
12274,Saint Joan,George Bernard Shaw/Dan H. Laurence/Imogen Stubbs,3.8,140437916,9780140000000.0,eng,160,5966,211,1/25/2001,Penguin Classics
12275,The Intelligent Woman's Guide to Socialism  Capitalism  Sovietism and Fascism,George Bernard Shaw/Susan Moller Okin,3.87,887380050,9780890000000.0,eng,565,100,8,01/01/1984,Transaction Publishers
12279,Molloy  Malone Dies  The Unnamable (The Trilogy  #1-3),Samuel Beckett,4.28,375400702,9780380000000.0,eng,512,6775,217,9/16/1997,Everyman's Library
12288,The Adventures of Race Williams,Carroll John Daly,3.45,892969598,9780890000000.0,eng,342,11,3,01/01/1989,Mysterious Press
12290,The Hidden Hand,Carroll John Daly/Drew Bishop,3.43,60974362,9780060000000.0,eng,272,5,0,05/01/1992,Harper Perennial
12292,Murder from the East,Carroll John Daly,3.63,930330013,9780930000000.0,eng,312,15,4,01/01/1935,International Polygonics
12293,Education as My Agenda: Gertrude Williams  Race & the Baltimore Public Schools,Jo Ann Ooiman Robinson,4.25,031229543X,9780310000000.0,eng,336,4,1,10/14/2005,Palgrave Macmillan
12296,The Scarlet Letter,Nathaniel Hawthorne/Thomas E. Connolly/Nina Baym,3.4,142437263,9780140000000.0,eng,279,609586,10402,2/27/2003,Penguin Books
12297,The Scarlet Letter,Nathaniel Hawthorne/Kathryn Harrison,3.4,679783385,9780680000000.0,en-US,241,5503,220,9/19/2000,Modern Library
12299,The Scarlet Letter,Nathaniel Hawthorne,3.4,743487567,9780740000000.0,eng,400,1373,68,05/01/2004,Simon & Schuster
12300,The Scarlet Letter,Nathaniel Hawthorne,3.4,1587263831,9781590000000.0,eng,224,109,8,7/14/2006,Ann Arbor Media
12301,The Scarlet Letter,Nathaniel Hawthorne,3.4,074326469X,9780740000000.0,eng,538,534,11,08/02/2005,Kaplan
12302,Nathaniel Hawthorne's The Scarlet Letter,Nathaniel Hawthorne/Karin Jacobson,3.4,764587242,9780760000000.0,eng,240,10,0,4/29/2001,Cliffs Notes
12315,The Birth of Tragedy,Friedrich Nietzsche/Clifton Fadiman,3.98,486285154,9780490000000.0,eng,92,210,20,06/01/1995,Dover Publications  Inc.
12317,Human  All Too Human (Complete Works 3),Friedrich Nietzsche/Gary Handwerk,4.21,804741719,9780800000000.0,en-US,396,64,4,12/01/2000,Stanford University Press (Stanford  CA)
12319,Basic Writings of Nietzsche,Friedrich Nietzsche/Walter Kaufmann/Peter Gay,4.11,679783393,9780680000000.0,eng,862,3227,76,1/25/2001,Random House  Inc.
12321,Beyond Good and Evil,Friedrich Nietzsche/R.J. Hollingdale/Michael Tanner,4.01,014044923X,9780140000000.0,eng,240,48651,1115,2/27/2003,Penguin Classics
12322,Daybreak: Thoughts on the Prejudices of Morality,Friedrich Nietzsche/R.J. Hollingdale,4.18,521599636,9780520000000.0,eng,292,818,26,11/13/1997,Cambridge University Press
12328,How To Draw The Legend Of Zelda    (troll),Michael Teitelbaum/Ron Zalme,4.21,439635810,9780440000000.0,en-US,32,61,7,02/01/2004,Scholastic
12335,Savage Beauty: The Life of Edna St. Vincent Millay,Nancy Milford,4.01,375760814,9780380000000.0,eng,608,6799,483,09/10/2002,Random House Trade
12346,Premières Histoires,João Guimarães Rosa,4.33,2864240157,9782860000000.0,fre,205,0,0,3/31/1995,Métailié
12349,My Year of Meats,Ruth Ozeki,3.96,140280464,9780140000000.0,eng,366,12431,1330,03/01/1999,Penguin Books
12350,Beef,Ruth Ozeki,3.96,3492230024,9783490000000.0,ger,383,2,0,04/01/2000,Piper
12352,Mon épouse américaine,Ruth Ozeki/Florence Mortimer,3.96,2266104462,9782270000000.0,fre,445,3,0,4/19/2001,Pocket
12358,The Partly Cloudy Patriot,Sarah Vowell/Katherine Streeter,3.88,743243803,9780740000000.0,eng,197,25608,1318,10/01/2003,Simon  Schuster
12365,The Risk Pool,Richard Russo,4.04,99276496,9780100000000.0,eng,479,5013,332,06/04/1998,Vintage
12366,The Whore's Child and Other Stories,Richard Russo,3.75,009943752X,9780100000000.0,eng,240,2738,252,11/01/2003,Vintage Books USA
12370,Supermob: How Sidney Korshak and His Criminal Associates Became America's Hidden Power Brokers,Gus Russo,3.88,1582343896,9781580000000.0,en-US,640,89,15,09/05/2006,Bloomsbury (NYC)
12372,The Lay of the Land,Richard Ford,3.9,679454683,9780680000000.0,eng,485,3255,353,10/24/2006,Alfred A. Knopf
12375,Tom Ford,Graydon Carter/Tom Ford/Anna Wintour/Bridget Foley,4.47,847826694,9780850000000.0,eng,416,182,11,11/04/2008,Rizzoli
12378,The People's Tycoon: Henry Ford and the American Century,Steven Watts,4.02,375707255,9780380000000.0,eng,656,309,39,10/10/2006,Vintage
12381,Wilderness: The Lost Writings  Vol. 1,Jim Morrison,3.96,679726225,9780680000000.0,eng,214,2940,124,12/17/1989,Random House Vintage Books
12383,When Somebody Loves You Back (Soulmates Dissipate  #6),Mary B. Morrison,4.38,758207301,9780760000000.0,en-US,285,1763,20,08/01/2006,Dafina Books
12395,Journey to the End of the Night,Louis-Ferdinand Céline/Ralph Manheim/William T. Vollmann,4.23,811216543,9780810000000.0,eng,453,21561,876,5/17/2006,New Directions
12398,Europe Central,William T. Vollmann,3.92,143036599,9780140000000.0,en-US,811,2121,247,12/01/2005,Penguin
12401,Historical Atlas of Central Europe (History of East Central Europe  Vol. 1),Paul Robert Magocsi,4.43,295981466,9780300000000.0,en-US,288,24,4,08/01/2002,University of Washington Press
12408,Passing,Nella Larsen/Carla Kaplan,3.85,393979164,9780390000000.0,eng,546,335,26,08/01/2007,W. W. Norton & Company
12412,The Complete Fiction of Nella Larsen: Passing  Quicksand  and the Stories,Nella Larsen/Charles Larson/Marita Golden,4.14,385721005,9780390000000.0,eng,278,824,59,11/06/2001,Anchor Books
12417,The Poet of Tolstoy Park,Sonny Brewer,3.93,345476328,9780350000000.0,eng,304,565,118,3/28/2006,Ballantine Books
12419,A Calendar of Wisdom: Daily Thoughts to Nourish the Soul,Leo Tolstoy/Peter Sekirin,4.07,684837935,9780680000000.0,eng,384,502,43,10/14/1997,Scribner
12424,Safe Conduct: An Autobiography and Other Writings,Boris Pasternak/B. Deutsch,3.82,081120135X,9780810000000.0,eng,256,83,8,4/14/2009,New Directions
12427,Letters: Summer 1926,Boris Pasternak/Marina Tsvetaeva/Rainer Maria Rilke,4.26,940322714,9780940000000.0,eng,380,179,16,10/31/2001,NYRB Classics
12441,Traveller,Richard  Adams,3.92,440204933,9780440000000.0,eng,355,884,74,11/05/1989,Dell Publishing
12442,The Plague Dogs,Richard  Adams,3.85,345494024,9780350000000.0,eng,390,5875,401,11/28/2006,Ballantine Books
12444,Maia (Beklan Empire #2),Richard  Adams,4.01,670800333,9780670000000.0,eng,1056,1719,133,9/27/1984,Viking Press
12445,The Girl in a Swing,Richard  Adams,3.52,517391732,9780520000000.0,eng,339,24,3,10/01/1982,Random House
12447,You Can't Go Home Again,Thomas Wolfe,4.04,60930055,9780060000000.0,eng,711,4025,265,08/05/1998,Harper Perennial
12448,Look Homeward  Angel,Thomas Wolfe,3.93,743297318,9780740000000.0,eng,644,11131,751,10/10/2006,Scribner
12451,Of Time and the River: A Legend of Man's Hunger in His Youth,Thomas Wolfe/Pat Conroy,4.2,684867850,9780680000000.0,eng,896,777,45,09/08/1999,Scribner
12457,Boys' Life & Search and Destroy,Howard Korder,3.76,413712001,9780410000000.0,en-GB,160,17,0,12/01/2006,Methuen Publishing
12458,Complete Plays 1920–1931,Eugene O'Neill/Travis Bogard,4.18,940450496,9780940000000.0,eng,1092,90,9,10/01/1988,Library of America
12461,Complete Plays 1913–1920,Eugene O'Neill/Travis Bogard,4.1,940450488,9780940000000.0,eng,1107,87,5,10/01/1988,Library of America
12466,The Castle in the Forest,Norman Mailer,3.14,394536495,9780390000000.0,en-US,477,2307,351,1/23/2007,Random House (NY)
12467,The Naked and the Dead,Norman Mailer,3.94,312265050,9780310000000.0,eng,721,21004,620,8/28/2000,Picador
12468,The Executioner's Song,Norman Mailer,4.06,375700811,9780380000000.0,eng,1056,15682,952,4/28/1998,Vintage Books USA
12473,The Big Empty: Dialogues on Politics  Sex  God  Boxing  Morality  Myth  Poker & Bad Conscience in America,Norman Mailer/John Buffalo Mailer,3.3,1560258241,9781560000000.0,en-US,218,67,10,1/24/2006,Nation Books
12474,The Armies of the Night: History as a Novel  the Novel as History,Norman Mailer,3.66,452272793,9780450000000.0,eng,304,2500,188,01/01/1995,Plume Books
12477,In Cold Blood,Truman Capote,4.07,141182571,9780140000000.0,eng,316,3500,313,02/03/2000,Penguin Classics
12478,Cold Blood (Lorraine Page  #2),Lynda La Plante,3.92,515124796,9780520000000.0,eng,462,12,3,04/01/1999,Jove
12482,Amazing Disgrace (Gerald Samper #2),James Hamilton-Paterson,3.8,1933372192,9781930000000.0,eng,320,221,34,11/01/2006,Europa Editions
12488,Cry  the Beloved Country,Alan Paton,3.9,99766817,9780100000000.0,eng,240,767,85,08/01/2002,Vintage Classics
12495,You Don't Know Jack (NY Girlfriends  #2),Erin McCarthy,3.72,075821409X,9780760000000.0,en-US,255,2757,119,10/01/2006,Brava
12496,The Sunset Limited,Cormac McCarthy,3.96,307278360,9780310000000.0,eng,160,6494,562,10/24/2006,Vintage
12497,No Country for Old Men,Cormac McCarthy,4.14,375706674,9780380000000.0,eng,309,120421,6140,07/11/2006,Vintage
12502,McCarthy's Bar: A Journey of Discovery in Ireland,Pete McCarthy,3.8,312311338,9780310000000.0,eng,338,8819,394,03/03/2003,St. Martin's Griffin
12505,The Idiot,Fyodor Dostoyevsky/Anna Brailovsky/Joseph Frank/Constance Garnett/Alan Myers,4.18,679642420,9780680000000.0,eng,667,94133,2760,04/08/2003,Modern Library
12511,The Complete Idiot's Guide to Calculus,W. Michael Kelley,4.11,1592574718,9781590000000.0,en-US,352,64,9,6/27/2006,Alpha
12513,True and False: Heresy and Common Sense for the Actor,David Mamet,3.95,679772642,9780680000000.0,eng,144,1876,147,2/22/1999,Vintage
12517,On Directing Film,David Mamet,3.86,140127224,9780140000000.0,eng,107,2448,146,01/01/1992,Penguin Books
12522,Book of Dreams,Jack Kerouac/Robert Creeley,3.44,872863808,9780870000000.0,eng,250,924,25,05/01/2001,City Lights Publishers
12526,Three by Annie Dillard: Pilgrim at Tinker Creek  An American Childhood  The Writing Life,Annie Dillard,4.34,60920645,9780060000000.0,en-US,617,562,42,11/21/1990,Harper Perennial
12527,Pilgrim at Tinker Creek,Annie Dillard,4.11,72434171,9780070000000.0,eng,288,17681,1596,06/01/2000,Harper Perennial
12528,An American Childhood,Annie Dillard,3.91,60915188,9780060000000.0,eng,255,7102,604,10/15/2013,Harper Perennial
12532,For the Time Being,Annie Dillard,4.16,375703470,9780380000000.0,en-US,205,3172,380,02/08/2000,Vintage
12533,The Maytrees,Annie Dillard,3.57,61239534,9780060000000.0,eng,216,4870,975,06/12/2007,Harper
12535,Plan B: Further Thoughts on Faith,Anne Lamott,4.05,1594481571,9781590000000.0,eng,352,18922,865,3/28/2006,Riverhead Books
12537,All New People,Anne Lamott,3.63,1582430543,9781580000000.0,eng,166,1562,111,12/17/1999,Counterpoint LLC
12540,Operating Instructions: A Journal of My Son's First Year,Anne Lamott,4.19,1400079098,9781400000000.0,eng,251,21507,1664,03/08/2005,Anchor
12545,Stiff: The Curious Lives of Human Cadavers,Mary Roach,4.06,141007451,9780140000000.0,eng,304,1029,188,07/01/2004,Penguin
12546,A Working Stiff's Manifesto: A Memoir of Thirty Jobs I Quit  Nine That Fired Me  and Three I Can't Remember,Iain Levison,3.83,812967941,9780810000000.0,eng,164,509,81,04/08/2003,Random House Trade
12550,Stiff Upper Lip  Jeeves (Jeeves  #13),P.G. Wodehouse,4.29,184159105X,9781840000000.0,eng,211,6970,310,12/17/2002,Everyman's Library
12555,The Bonesetter's Daughter,Amy Tan,3.99,345457374,9780350000000.0,eng,387,108440,2689,02/04/2003,Ballantine Books
12557,The Kitchen God's Wife,Amy Tan,4.01,143038109,9780140000000.0,en-US,416,66503,1661,9/21/2006,Penguin Books
12558,The Moon Lady,Amy Tan/Gretchen Schields,3.97,689806167,9780690000000.0,eng,32,1388,64,11/01/1995,Aladdin
12560,The Short History of a Prince,Jane Hamilton,3.65,055299801X,9780550000000.0,eng,432,1799,121,04/01/1999,Black Swan
12561,The Guardian,Jane Hamilton,3.72,785282092,9780790000000.0,eng,239,83,20,12/31/1994,Thomas Nelson Publishers
12564,Sometimes a Great Notion,Ken Kesey/Charles Bowden,4.17,143039865,9780140000000.0,eng,715,577,80,8/29/2006,Penguin Classics
12568,Trout Fishing in America / The Pill vs. the Springhill Mine Disaster / In Watermelon Sugar,Richard Brautigan,4.15,395500761,9780400000000.0,eng,400,8721,380,03/01/1989,Houghton Mifflin/Seymour Lawrence
12569,Revenge of the Lawn / The Abortion / So the Wind Won't Blow it All Away,Richard Brautigan,4.29,395706742,9780400000000.0,eng,544,2076,95,2/21/1995,Mariner Books
12570,A Confederate General from Big Sur / Dreaming of Babylon / The Hawkline Monster,Richard Brautigan,4.25,395547032,9780400000000.0,en-US,608,1724,103,02/04/1991,Mariner Books
12571,An Unfortunate Woman,Richard Brautigan/Taylan Taftaf,3.78,312277105,9780310000000.0,eng,132,1349,77,07/10/2001,St. Martin's Griffin
12577,The Collected Stories,Eudora Welty,4.23,156189216,9780160000000.0,eng,622,7084,202,02/01/1982,Mariner Books
12578,Complete Novels: The Robber Bridegroom  Delta Wedding  The Ponder Heart  Losing Battles  The Optimist's Daughter,Eudora Welty/Richard Ford/Michael Kreyling,4.17,188301154X,9781880000000.0,eng,1012,274,27,08/01/1998,Library of America
12579,Eudora Welty: Photographs,Eudora Welty/Reynolds Price,4.43,878055290,9780880000000.0,eng,226,305,15,10/21/1993,University Press of Mississippi
12581,On Writing,Eudora Welty/Richard Bausch,4.04,679642706,9780680000000.0,eng,106,484,56,9/24/2002,Modern Library
12582,Essential Welty: Why I Live at the P.O.  A Memory  Powerhouse and Petrified Man,Eudora Welty,3.94,61124192,9780060000000.0,eng,1,92,28,6/27/2006,Caedmon
12583,Losing Battles,Eudora Welty,3.6,679728821,9780680000000.0,eng,436,433,59,08/11/1990,Vintage
12586,The Eye of the Story: Selected Essays and Reviews,Eudora Welty,4.06,679730044,9780680000000.0,eng,368,102,11,8/29/1990,Vintage
12589,The Golden Apples,Eudora Welty,3.88,015636090X,9780160000000.0,eng,288,830,76,9/14/1956,Mariner Books
12590,One Writer's Beginnings,Eudora Welty,4.06,674639278,9780670000000.0,eng,104,2717,232,7/21/1998,Harvard University Press
12609,The Spirit Catches You and You Fall Down: A Hmong Child  Her American Doctors  and the Collision of Two Cultures,Anne Fadiman,4.17,374525641,9780370000000.0,eng,341,60656,4194,9/30/1998,Noonday Press
12612,Hegemony or Survival: America's Quest for Global Dominance,Noam Chomsky,3.97,805076883,9780810000000.0,eng,301,11173,345,09/01/2004,Holt McDougal
12614,The Chomsky-Foucault Debate: On Human Nature,Noam Chomsky/Michel Foucault/John Rajchman,3.94,1595581340,9781600000000.0,eng,213,1953,116,09/01/2006,The New Press
12615,Media Control: The Spectacular Achievements of Propaganda,Noam Chomsky,4.02,1583225366,9781580000000.0,eng,103,4332,320,09/03/2002,Seven Stories Press
12616,11 de Septiembre,Noam Chomsky,3.73,158322565X,9781580000000.0,spa,144,14,2,09/03/2002,Siete Cuentos
12618,On Anarchism,Noam Chomsky/Barry Pateman,3.93,1904859208,9781900000000.0,eng,256,4145,192,05/01/2005,AK Press
12620,The Chomsky Reader,Noam Chomsky,3.98,1852421177,9781850000000.0,eng,492,1643,38,06/01/1988,Serpent's Tail
12622,Language and Mind,Noam Chomsky,3.86,052167493X,9780520000000.0,eng,190,819,31,12/01/2006,Cambridge University Press
12623,Perilous Power: The Middle East & US Foreign Policy,Noam Chomsky/Gilbert Achcar/Stephan R. Shalom,4.05,1594513120,9781590000000.0,en-GB,242,270,16,9/15/2006,Routledge
12627,What Uncle Sam Really Wants,Noam Chomsky/Arthur Naiman/David Barsamian/Sandy Niemann,3.99,1878825011,9781880000000.0,eng,111,1679,133,01/01/1992,Odonian Press
12630,Imperial Ambitions: Conversations on the Post-9/11 World,Noam Chomsky/David Barsamian,3.97,080507967X,9780810000000.0,eng,226,1776,90,10/05/2005,Metropolitan Books/Henry Holt & Co. (NY)
12631,On MisEducation (Critical Perspectives),Noam Chomsky/Donaldo Macedo,3.76,742529789,9780740000000.0,eng,199,282,20,2/23/2004,Rowman & Littlefield Publishers
12645,Aspects of the Theory of Syntax,Noam Chomsky,3.96,262530074,9780260000000.0,eng,261,296,10,3/15/1969,MIT Press (Cambridge  MA)
12646,On Democracy & Education (Social Theory  Education & Cultural Change),Noam Chomsky/C.P. Otero,3.96,415926327,9780420000000.0,en-US,480,84,5,11/22/2002,Routledge Falmer
12648,Cat Breaking Free (Joe Grey  #11),Shirley Rousseau Murphy,4.22,60578122,9780060000000.0,eng,375,225,20,10/01/2006,Avon
12649,Confessions,Jean-Jacques Rousseau/Patrick Coleman/Angela Scholar,3.62,192822756,9780190000000.0,eng,676,4919,160,5/18/2000,Oxford University Press
12650,Cat Cross Their Graves (Joe Grey  #10),Shirley Rousseau Murphy,4.32,60578114,9780060000000.0,eng,385,504,28,9/27/2005,Avon
12651,The Social Contract,Jean-Jacques Rousseau/Maurice Cranston,3.77,143037498,9780140000000.0,eng,168,29090,451,5/30/2006,Penguin
12652,Cat in the Dark (Joe Grey  #4),Shirley Rousseau Murphy,4.25,61059471,9780060000000.0,en-US,320,723,36,11/03/1999,Avon
12657,The Source,James A. Michener,4.3,375760385,9780380000000.0,eng,1080,34972,1149,07/09/2002,Random House Trade Paperbacks
