bookID,title,authors,average_rating,isbn,isbn13,language_code,  num_pages,ratings_count,text_reviews_count,publication_date,publisher
2250,The 7 Habits of Highly Effective People Personal Workbook,Stephen R. Covey,4.24,743250974,9780740000000.0,eng,192,1874,114,01/06/2004,Simon  Schuster
2253,Daily Reflections For Highly Effective People: Living the 7 Habits of Highly Successful People Every Day,Stephen R. Covey,3.9,671887173,9780670000000.0,eng,384,336,26,3/21/1994,Simon  Schuster
2255,Way of the Peaceful Warrior: A Book That Changes Lives,Dan Millman,4.14,1932073205,9781930000000.0,en-US,240,39947,1622,4/13/2006,HJ Kramer
2257,Secret of the Peaceful Warrior,Dan Millman/Robert D. San Souci/T. Taylor Bruce,4.15,915811235,9780920000000.0,en-US,32,156,13,12/28/1992,HJ Kramer
2265,It's Not about the Bike: My Journey Back to Life,Lance Armstrong/Sally Jenkins,3.72,425179613,9780430000000.0,eng,294,35050,1833,09/01/2001,Berkley Publishing Group
2267,23 Days in July: Inside the Tour de France and Lance Armstrong's Record-Breaking Victory,John Wilcockson/Graham   Watson,3.67,306814552,9780310000000.0,eng,344,360,26,6/15/2005,Da Capo Press
2279,Truman,David McCullough,4.12,671869205,9780670000000.0,eng,1120,71764,1937,6/14/1993,Simon  Schuster
2281,The Complete Stories of Truman Capote,Truman Capote/Reynolds Price,4.2,140009691X,9781400000000.0,eng,320,3993,217,9/13/2005,Vintage
2282,Breakfast at Tiffany's: A Short Novel and Three Stories,Truman Capote,3.89,067960085X,9780680000000.0,eng,162,5658,699,1/13/1994,Modern Library
2283,Murder at The Washington Tribune (Capital Crimes  #21),Margaret Truman,3.58,345478207,9780350000000.0,eng,384,585,78,10/31/2006,Ballantine Books
2285,Murder at Ford's Theatre (Capital Crimes  #19),Margaret Truman,3.74,449007383,9780450000000.0,en-US,376,623,68,9/30/2003,Fawcett
2287,Other Voices  Other Rooms,Truman Capote,3.8,679745645,9780680000000.0,eng,232,10635,656,02/01/1994,Vintage
2289,In Cold Blood,Truman Capote/Scott Brick,4.07,073933364X,9780740000000.0,eng,15,563,133,01/03/2006,Random House Audio
2296,Emergence: The Connected Lives of Ants  Brains  Cities  and Software,Steven Johnson,3.96,684868768,9780680000000.0,en-US,288,2769,200,09/10/2002,Scribner
2299,Emergence: Labeled Autistic,Temple Grandin/Margaret M. Scariano,4.07,446671827,9780450000000.0,en-GB,200,1827,154,09/01/1996,Grand Central Publishing
2304,The Emergence of Life on Earth: A Historical and Scientific Overview,Iris Fry,4.02,813527406,9780810000000.0,eng,344,48,5,02/01/2000,Rutgers University Press
2305,The Ghost Stories of Edith Wharton,Edith Wharton/Laszlo Kubinyi,3.89,684842572,9780680000000.0,eng,303,2842,182,10/10/1997,Scribner
2306,The House of Mirth / The Reef / The Custom of the Country / The Age of Innocence,Edith Wharton/R.W.B. Lewis,4.3,940450313,9780940000000.0,eng,1328,446,29,05/12/1986,Library of America
2307,Collected Stories  1911-1937,Edith Wharton/Maureen Howard,4.25,1883011949,9781880000000.0,eng,848,55,9,1/29/2001,Library of America
2309,Novellas and Other Writings: Madame de Treymes / Ethan Frome / Summer / Old New York / The Mother’s Recompense / A Backward Glance,Edith Wharton/Cynthia Griffin Wolff,4.22,940450534,9780940000000.0,eng,1137,67,9,04/01/1990,Library of America
2314,The House of Mirth,Edith Wharton,3.95,486420493,9780490000000.0,eng,272,749,62,08/06/2002,Dover Publications
2315,Below the Root,Zilpha Keatley Snyder/Alton Raible,4.08,689304579,9780690000000.0,eng,231,41,9,01/01/1975,Atheneum Books
2319,The Witches of Worm,Zilpha Keatley Snyder,3.69,440802504,9780440000000.0,eng,183,40,12,05/01/1991,Dell Yearling
2322,The Deeper Meaning of Liff,Douglas Adams/John Lloyd,3.93,307236013,9780310000000.0,eng,192,3986,85,4/19/2005,Three Rivers Press
2326,Dirk Gently's Holistic Detective Agency (Dirk Gently #1),Douglas Adams,3.98,1597770078,9781600000000.0,eng,6,58,15,9/30/2005,Phoenix Audio
2327,The Letters of J.R.R. Tolkien,J.R.R. Tolkien/Humphrey Carpenter/Christopher Tolkien,4.15,618056998,9780620000000.0,eng,502,4689,171,06/06/2000,Mariner Books
2329,The History of the Lord of the Rings (The History of Middle-earth #6-9),J.R.R. Tolkien/Christopher Tolkien,4.38,618083553,9780620000000.0,en-US,1680,237,3,09/01/2000,Mariner Books
2330,The Languages of Tolkien's Middle-Earth,Ruth S. Noel/J.R.R. Tolkien,3.98,395291305,9780400000000.0,eng,207,4685,74,5/28/1980,Houghton Mifflin Company
2331,The Lord of the Rings- 3 volumes set (The Lord of the Rings  #1-3),J.R.R. Tolkien,4.5,618574999,9780620000000.0,en-US,1438,232,9,06/01/2005,Mariner Books
2333,Farmer Giles of Ham,J.R.R. Tolkien/Christina Scull/Wayne G. Hammond,3.85,618009361,9780620000000.0,eng,127,5526,225,11/15/1999,Houghton Mifflin Harcourt
2336,Tandia,Bryce Courtenay,4.05,140272925,9780140000000.0,eng,905,8461,369,8/31/1998,Penguin Books Australia Ltd.
2338,Matthew Flinders' Cat,Bryce Courtenay,3.8,670910619,9780670000000.0,eng,611,2737,161,12/31/2002,Viking
2343,Solomon's Song (The Potato Factory  #3),Bryce Courtenay,4.01,140271570,9780140000000.0,eng,671,3920,132,8/31/2001,Penguin Books Australia Ltd.
2348,An Introduction to Old Norse,E.V. Gordon/A.R. Taylor,4.1,198111843,9780200000000.0,eng,412,104,7,7/23/1981,Oxford University Press
2353,Cold Counsel: Women in Old Norse Literature and Myth,Sarah M.  Anderson/Karen Swenson,3.68,815319665,9780820000000.0,eng,320,19,2,12/21/2002,Routledge
2367,Brave Companions: Portraits in History,David McCullough,3.98,671792768,9780670000000.0,eng,240,3460,482,11/01/1992,Simon Schuster
2368,Mornings on Horseback: The Story of an Extraordinary Family  a Vanished Way of Life  and the Unique Child Who Became Theodore Roosevelt,David McCullough,4.12,671447548,9780670000000.0,eng,445,23064,1191,05/12/1982,Simon  Schuster
2370,John Adams,David McCullough,4.06,684813637,9780680000000.0,en-US,752,1852,285,05/01/2001,Simon & Schuster
2371,The Johnstown Flood,David McCullough,4.11,844662925,9780840000000.0,eng,302,14739,1199,01/01/1990,Peter Smith Publisher
2372,The Path Between the Seas: The Creation of the Panama Canal  1870-1914,David McCullough,4.2,743262131,9780740000000.0,eng,697,12178,1042,06/01/2004,Simon  Schuster
2373,The Bone Collector (Lincoln Rhyme  #1),Jeffery Deaver,4.19,451188454,9780450000000.0,eng,528,140014,1753,04/01/1998,Signet Book
2375,The Bone Collector's Son,Paul Yee,3.27,761452427,9780760000000.0,eng,137,117,19,01/01/2004,Two Lions
2378,El Coleccionista De Huesos (Lincoln Rhyme  #1),Jeffery Deaver,4.19,8466305130,9788470000000.0,spa,640,26,2,06/01/2003,Punto de Lectura
2386,Moby Dick,Herman Melville/William Hootkins,3.5,9626343583,9789630000000.0,eng,25,67,17,09/01/2005,Naxos Audiobooks
2388,Moby-Dick,Jan Needle/Patrick Benson/Herman Melville,3.71,763630187,9780760000000.0,eng,192,161,16,09/12/2006,Candlewick Press
2389,Moby Dick,Herman Melville/William Hootkins,3.5,143058096,9780140000000.0,eng,6,8858,885,6/16/2005,Penguin Audio
2390,Moby-Dick,Herman Melville/Carl F. Hovde,3.5,1593080182,9781590000000.0,eng,707,1260,207,04/01/2003,Barnes  Noble Classics
2400,Herman Melville's Moby-Dick: A Routledge Study Guide and Sourcebook,Michael J. Davey/Duncan Wu,3.61,415247713,9780420000000.0,eng,208,50,7,9/18/2003,Routledge
2404,Moby Dick: or The White Whale (Oxford Illustrated Classics),Geraldine McCaughrean/Victor G. Ambrus/Herman Melville,3.82,192781537,9780190000000.0,eng,104,39,5,4/16/1998,Oxford University Press  USA
2407,Melville's Moby Dick: An American Nekyia (Studies in Jungian Psychology by Jungian Analysts),Edward F. Edinger,3.93,919123708,9780920000000.0,eng,156,23,4,4/30/2004,Inner City Books
2409,Moby Dick: Or  the White Whale (Oxford Illustrated Classics Series),Geraldine McCaughrean/Victor G. Ambrus/Herman Melville,3.82,019274156X,9780190000000.0,eng,102,6,0,04/03/1997,Oxford University Press  USA
2411,Melville and the politics of identity: From *King Lear* to *Moby-Dick*,Julian Markels,3.33,252063023,9780250000000.0,eng,164,0,0,07/01/1993,University of Illinois Press
2412,"Unpainted to the Last: ""Moby Dick"" and Twentieth-century American Art",Elizabeth A. Schultz,4.28,700607420,9780700000000.0,eng,400,16,1,10/20/1995,University Press of Kansas
2423,Double Tap (Paul Madriani  #8),Steve Martini,3.92,515139734,9780520000000.0,en-US,401,2790,159,12/27/2005,Jove Books
2430,The List,Steve Martini,3.96,515121495,9780520000000.0,eng,451,12534,141,12/01/1997,Jove
2442,Witches Abroad (Discworld  #12; Witches #3),Terry Pratchett,4.22,61020613,9780060000000.0,eng,374,58408,1272,7/30/2002,HarperTorch
2443,The Innocents Abroad,Mark Twain/Grover Gardner,3.86,812967054,9780810000000.0,eng,560,8879,693,02/11/2003,Modern Library
2445,Teaching English Abroad,Susan  Griffith,3.57,1854583522,9781850000000.0,eng,576,38,6,01/01/2007,Vacation Work Publications
2452,Theocritus: Select Poems: Select Poems,Theocritus/Kenneth James Dover,3.0,862921473,9780860000000.0,grc,395,1,1,06/01/1991,Bristol Classical Press
2473,The Shield. Catalogue of Women. Other Fragments. (Hesiod II),Hesiod/Glenn W. Most,4.03,674996232,9780670000000.0,eng,434,33,1,03/01/2007,Harvard University Press
2486,Death and the King's Horseman,Wole Soyinka/Simon Gikandi,3.76,393977617,9780390000000.0,en-US,254,259,30,11/05/2002,W. W. Norton & Company
2494,The Time Machine,H.G. Wells/Patrick Parrinder/Steven McLean/Marina Warner,3.89,141439971,9780140000000.0,eng,104,3094,301,3/31/2005,Penguin Books Ltd
2495,The Time Machine,H.G. Wells/Cynthia Brantley Johnson/Benjamin Beard,3.89,743487737,9780740000000.0,eng,150,372,36,07/01/2004,Simon  Schuster
2499,The Ultimate Time Machine: A Remote Viewer's Perception of Time & Predictions for the New Millennium,Joseph McMoneagle,3.59,157174102X,9781570000000.0,en-GB,275,68,6,10/01/1998,Hampton Roads Publishing Company
2501,The Time Machine,H.G. Wells/Melvin Burgess,3.89,439436540,9780440000000.0,eng,123,284,35,03/01/2004,Scholastic Paperbacks
2504,The Complete Short Stories,H.G. Wells/John R. Hammond,4.14,1842124021,9781840000000.0,eng,864,875,33,05/01/2001,Orion Publishing
2506,Selected Stories,H.G. Wells/Ursula K. Le Guin,3.93,812970756,9780810000000.0,en-US,432,80,11,7/13/2004,Modern Library
2508,Tono-Bungay,H.G. Wells/Edward Mendelson/Patrick Parrinder,3.42,141441119,9780140000000.0,eng,414,856,111,6/28/2005,Penguin Classics
2519,The Name of the Rose (Everyman's Library (Cloth)),Umberto Eco,4.12,307264890,9780310000000.0,en-US,560,1338,113,9/26/2006,Everyman's Library
2520,In the Name of Jesus: Reflections on Christian Leadership,Henri J.M. Nouwen,4.34,824512596,9780820000000.0,en-US,120,8228,410,10/01/1992,Crossroad
2521,Blood Done Sign My Name: A True Story,Timothy B. Tyson,4.15,1400083117,9781400000000.0,eng,368,2594,403,05/03/2005,Broadway Books
2526,Blindness,José Saramago/Giovanni Pontiero,4.11,156007754,9780160000000.0,eng,326,107455,7778,10/04/1999,Mariner Books
2527,The Gospel According to Jesus Christ,José Saramago/Giovanni Pontiero,4.29,156001411,9780160000000.0,eng,377,799,107,9/28/1994,Harcourt
2528,All the Names,José Saramago/Margaret Jull Costa,3.89,156010593,9780160000000.0,eng,245,11016,734,10/05/2001,Mariner Books
2529,The Tale of the Unknown Island,José Saramago/Peter Sís/Margaret Jull Costa,3.89,156013037,9780160000000.0,eng,64,3331,242,10/05/2000,Mariner Books
2530,Baltasar and Blimunda,José Saramago/Giovanni Pontiero,3.92,156005204,9780160000000.0,eng,346,6184,284,10/16/1998,Mariner Books
2531,The Cave,José Saramago/Margaret Jull Costa,3.84,156028794,9780160000000.0,eng,307,7649,548,10/15/2003,Mariner Books
2535,The Stone Raft,José Saramago/Giovanni Pontiero,3.8,156004011,9780160000000.0,en-US,292,308,30,6/14/1996,Mariner Books
2536,The Year of the Death of Ricardo Reis,José Saramago/Giovanni Pontiero,4.02,1860465021,9781860000000.0,eng,384,3826,191,9/17/1998,Vintage Classics
2538,El hombre duplicado,José Saramago/Pilar del Río,3.89,8466312803,9788470000000.0,spa,380,1295,106,09/01/2004,Punto de Lectura
2539,Ensayo sobre la lucidez,José Saramago/Pilar del Río,3.8,8466314741,9788470000000.0,spa,461,1744,124,01/01/2005,Punto de Lectura
2541,La caverna,José Saramago/Pilar del Río,3.84,846630679X,9788470000000.0,spa,441,842,69,02/01/2003,Punto de Lectura
2542,The History of the Siege of Lisbon,José Saramago/Giovanni Pontiero,3.81,156006243,9780160000000.0,eng,314,331,62,09/01/1998,Mariner Books
2543,Las intermitencias de la muerte,José Saramago/Pilar del Río,4.0,9587043642,9789590000000.0,spa,274,2862,306,12/01/2005,Alfaguara
2545,The Treasured Writings of Kahlil Gibran,Kahlil Gibran,4.42,089009389X,9780890000000.0,eng,902,1432,45,10/06/2009,Castle Books
2547,The Prophet,Kahlil Gibran/جبران خليل جبران/Jihad El,4.23,000100039X,9780000000000.0,eng,127,184293,5418,01/01/2010,Rupa & Co
2549,A Tear and a Smile,Kahlil Gibran/جبران خليل جبران/H.M. Nahmad/Robert Hillyer,4.03,394448049,9780390000000.0,eng,228,2094,104,6/27/1950,Alfred A.Knopf
2551,On the Road,Jack Kerouac,3.63,143036386,9780140000000.0,eng,320,488,39,09/06/2005,Penguin Books
2552,On the Road,Jack Kerouac/Ann Charters,3.63,141182679,9780140000000.0,eng,281,5575,502,2/24/2000,Penguin Books
2557,De Kooning: An American Master,Mark Stevens/Annalyn Swan,4.11,375711163,9780380000000.0,eng,732,2732,105,04/04/2006,Knopf Publishing Group
2560,Willem de Kooning: Late Paintings,Julie Sylvester/David Sylvester,5.0,382960226X,9783830000000.0,eng,83,1,0,09/01/2006,Schirmer Mosel
2567,Aké: The Years of Childhood,Wole Soyinka,3.93,679725407,9780680000000.0,eng,230,1284,90,10/23/1989,Vintage
2581,Ready for Anything: 52 Productivity Principles for Getting Things Done,David    Allen,3.85,143034545,9780140000000.0,eng,165,3832,178,12/28/2004,Penguin Books
2584,The Facilitator's Book of Questions: Tools for Looking Together at Student and Teacher Work,David  Allen/Tina Blythe/Gene Thompson-Grove,4.0,807744689,9780810000000.0,eng,142,54,4,4/29/2004,Teachers College Press
2586,Sun Tzu and the Art of Business: Six Strategic Principles for Managers,Sun Tzu/Mark McNeilly,3.89,195137892,9780200000000.0,eng,272,125,13,04/01/2000,Oxford University Press  USA
2595,Marketing Warfare,Al Ries/Jack Trout,4.11,71460829,9780070000000.0,eng,216,942,59,12/13/2005,McGraw-Hill Education
2612,The Tipping Point: How Little Things Can Make a Big Difference,Malcolm Gladwell,3.97,316346624,9780320000000.0,eng,301,633037,11898,01/07/2002,Back Bay Books
2613,Unleashing the Ideavirus: Stop Marketing AT People! Turn Your Ideas into Epidemics by Helping Your Customers Do the Marketing thing for You.,Seth Godin/Malcolm Gladwell,3.98,786887176,9780790000000.0,en-US,234,4600,88,10/10/2001,Hachette Books
2615,The Innovator's Dilemma: The Revolutionary Book that Will Change the Way You Do Business,Clayton M. Christensen/L.J. Ganser,3.99,60521996,9780060000000.0,eng,286,32079,752,01/07/2003,Harper Paperbacks
2619,Great Expectations,Charles Dickens/David Trotter/Charlotte Mitchell,3.77,141439564,9780140000000.0,eng,512,14228,668,12/31/2002,Penguin Books
2626,Great Expectations: Authoritative Text  Backgrounds  Contexts  Criticism,Charles Dickens/Edgar Rosenberg,3.77,393960692,9780390000000.0,eng,776,573,38,1/19/1999,W.W. Norton & Company
2646,Luther and Erasmus: Free Will and Salvation (Library of Christian Classics),Erasmus/Martin Luther/Philip S. Watson/E. Gordon Rupp,3.8,664241581,9780660000000.0,eng,364,108,13,01/01/1969,Westminster John Knox Press
2654,To Kill a Mockingbird,Harper Lee,4.27,60935464,9780060000000.0,eng,323,10524,898,07/05/2005,Harper Perennial Modern Classics
2655,To Kill a Mockingbird,Harper Lee/Sissy Spacek,4.27,60888695,9780060000000.0,eng,11,697,180,8/22/2006,Caedmon
2661,To Kill a Mockingbird,Harper Lee,4.27,61205699,9780060000000.0,en-US,323,271,34,10/17/2006,Harper
2673,The Wealthy Barber: Everyone's Common-Sense Guide to Becoming Financially Independent,David H. Chilton,4.02,761501665,9780760000000.0,eng,199,66,4,9/20/1995,Prima Lifestyles
2677,A Modest Proposal and Other Satirical Works,Jonathan Swift,4.05,486287599,9780490000000.0,eng,64,13562,141,02/02/1996,Dover Publications
2678,Gulliver's Travels / A Modest Proposal,Jonathan Swift/Jesse Gale,3.79,1416500391,9781420000000.0,eng,416,2161,50,08/01/2005,Simon  Schuster
2680,Empire 2.0: A Modest Proposal for a United States of the West (Terra Nova),Xavier de C./Xavier de C./Joseph Rowe,4.67,1556434952,9781560000000.0,eng,144,3,0,05/04/2004,North Atlantic Books
2686,The Bostonians,Henry James/R.D. Gooder,3.59,192834428,9780190000000.0,eng,504,85,12,7/23/1998,Oxford University Press
2687,Novels 1896–1899: The Other House / The Spoils of Poynton / What Maisie Knew / The Awkward Age,Henry James/Myra Jehlen,4.28,1931082308,9781930000000.0,eng,1035,25,4,03/10/2003,Library of America
2688,Novels 1901–1902: The Sacred Fount / The Wings of the Dove,Henry James/Leo Bersani,4.63,193108288X,9781930000000.0,eng,713,27,3,02/02/2006,Library of America
2692,Complete Stories 1892–1898,Henry James/John Hollander/David Bromwich,4.22,1883011094,9781880000000.0,eng,958,198,7,01/01/1996,Library of America
2696,The Canterbury Tales,Geoffrey Chaucer/Nevill Coghill,3.49,140424385,9780140000000.0,eng,504,168559,2365,1/30/2003,Penguin Classics
2698,The Canterbury Tales,Geoffrey Chaucer/David  Wright,3.49,019283360X,9780190000000.0,eng,465,257,22,07/09/1998,Oxford University Press
2701,The Canterbury Tales (original-spelling edition),Geoffrey Chaucer/Jill Mann,3.49,014042234X,9780140000000.0,enm,1254,792,59,04/07/2005,Penguin Classics
2702,Chaucer's Canterbury Tales (Selected): An Interlinear Translation,Geoffrey Chaucer/Vincent Foster Hopper,3.8,812000390,9780810000000.0,eng,530,73,5,12/31/1977,Barrons Educational Series
2705,Oxford Guides to Chaucer: The Canterbury Tales,Helen  Cooper,4.02,198711557,9780200000000.0,eng,456,84,4,5/23/1996,Oxford University Press  USA
2706,Love Visions,Geoffrey Chaucer/Brian Stone,3.61,140444084,9780140000000.0,eng,272,70,6,5/26/1983,Penguin Classics
2710,Chaucer's Canterbury Tales,Geoffrey Chaucer,3.49,671475029,9780670000000.0,eng,383,36,5,1/28/1964,Washington Square Press
2711,The Riverside Chaucer,Geoffrey Chaucer/Larry Dean Benson/F.N. Robinson,4.18,395290317,9780400000000.0,enm,1327,7760,152,12/12/1987,Houghton Mifflin
2713,The Portable Chaucer,Geoffrey Chaucer/Theodore Morrison,3.86,140150811,9780140000000.0,eng,611,70,8,5/26/1977,Penguin Books
2715,Salt: A World History,Mark Kurlansky,3.74,142001619,9780140000000.0,eng,484,50335,3012,1/28/2003,Penguin Books
2718,Salt in His Shoes: Michael Jordan in Pursuit of a Dream,Deloris Jordan/Kadir Nelson/Roslyn M. Jordan,4.2,689834195,9780690000000.0,eng,32,1178,173,11/01/2003,Simon  Schuster Books for Young Readers
2719,The Book of Salt,Monique Truong,3.52,618446885,9780620000000.0,eng,261,4411,629,6/15/2004,Mariner Books
2722,Cities of Salt (مدن الملح #1),Abdul Rahman Munif/Peter Theroux,4.13,039475526X,9780390000000.0,eng,627,856,105,7/17/1989,Vintage
2723,The Years of Rice and Salt,Kim Stanley Robinson,3.73,553580078,9780550000000.0,eng,763,9344,995,06/03/2003,Bantam Books
2725,Illuminations: Essays and Reflections,Walter Benjamin/Hannah Arendt/Harry Zohn/Leon Wieseltier,4.29,805202412,9780810000000.0,eng,288,9254,194,1/13/1969,Schocken
2727,Saul Steinberg: Illuminations,Saul Steinberg/Joel Smith/Charles Simic,4.51,300115865,9780300000000.0,eng,288,39,5,11/01/2006,Yale University Press
2731,Advanced Global Illumination,Philip Dutre,4.5,1568813074,9781570000000.0,eng,366,17,2,8/30/2006,A K PETERS
2735,Snow Falling On Cedars,David Guterson,3.83,074754655X,9780750000000.0,eng,404,588,46,10/21/1999,Bloomsbury Publishing PLC
2743,The Lost Boy (Dave Pelzer #2),Dave Pelzer,4.1,1558745157,9781560000000.0,eng,331,52028,2513,08/01/1997,Health Communications Inc
2745,Real Boys: Rescuing Our Sons from the Myths of Boyhood,William S. Pollack/Mary Pipher,3.83,805061835,9780810000000.0,en-US,480,1397,128,05/10/1999,Owl Publishing Company
2749,Microserfs,Douglas Coupland,3.88,7179812,9780010000000.0,eng,371,442,38,01/01/2008,Harper Perennial
2756,New Media Language,Jean Aitchison/Diana M. Lewis,3.0,415283043,9780420000000.0,eng,209,2,0,5/22/2003,Routledge
2761,The Denial of Death,Ernest Becker/Sam Keen/Daniel Goleman,4.16,684832402,9780680000000.0,eng,336,6599,635,05/08/1997,Free Press
2767,A People's History of the United States,Howard Zinn,4.08,60838655,9780060000000.0,eng,729,167321,4711,08/02/2005,Harper Perennial
2768,A People's History of the United States,Howard Zinn/Kathy Emery/Ellen Gordon Reeves,4.08,1565848268,9781570000000.0,eng,619,39,3,07/01/2003,The New Press
2770,A People's History of the United States: The Civil War to the Present,Howard Zinn/Kathy Emery/Ellen Gordon Reeves,4.0,1565847253,9781570000000.0,eng,496,22,0,08/01/2003,The New Press
2778,Graphic Design: A Concise History (World of Art),Richard Hollis,4.0,500203474,9780500000000.0,en-US,232,675,12,5/17/2002,Thames  Hudson
2781,Immigrant Acts: On Asian American Cultural Politics,Lisa Lowe,4.0,822318644,9780820000000.0,eng,272,206,9,10/21/1996,Duke University Press Books
2785,The Old Way of Seeing: How Architecture Lost Its Magic - And How to Get It Back,Jonathan Hale,3.92,039574010X,9780400000000.0,eng,256,81,12,09/01/1995,Mariner Books
2794,The Crying of Lot 49,Thomas Pynchon,3.69,006091307X,9780060000000.0,eng,152,57011,3332,10/17/2006,Harper Perennial
2802,E=mc²: A Biography of the World's Most Famous Equation,David Bodanis,4.09,425181642,9780430000000.0,eng,337,6368,321,10/01/2000,Berkley Trade
2804,Passionate Minds,David Bodanis,4.1,307237206,9780310000000.0,en-US,373,717,112,10/10/2006,Crown Publishing Group (NY)
2810,Christian Mythmakers: C.S. Lewis  Madeleine L'Engle  J.R.R. Tolkien  George MacDonald  G.K. Chesterton  Charles Williams  Dante Alighieri  John Bunyan  Walter Wangerin  Robert Siegel  and Hannah Hurnard,Rolland Hein/Clyde S. Kilby,3.93,094089548X,9780940000000.0,eng,303,448,18,12/01/2002,Cornerstone Press Chicago
2811,A House Like a Lotus (O'Keefe Family  #3),Madeleine L'Engle,3.76,440936853,9780440000000.0,eng,307,3976,163,11/01/1985,Dell
2814,The Rock That Is Higher: Story as Truth,Madeleine L'Engle,4.12,877887268,9780880000000.0,eng,320,496,48,3/19/2002,Shaw Books
2815,The Glorious Impossible,Madeleine L'Engle/Giotto di Bondone,4.25,671686909,9780670000000.0,eng,64,367,38,9/30/1990,Simon & Schuster Children's Publishing
2817,A Full House: An Austin Family Christmas (Austin Family  #5.6),Madeleine L'Engle/Mary Chambers,3.98,877880204,9780880000000.0,eng,48,235,4,03/07/2000,Shaw
2819,A Circle of Quiet (Crosswicks Journals #1),Madeleine L'Engle,4.21,62545035,9780060000000.0,en-CA,246,5236,506,01/01/1984,HarperOne
2820,The Birth of Tragedy and Other Writings,Friedrich Nietzsche/Raymond Geuss/Ronald Speirs,4.04,521639875,9780520000000.0,eng,204,388,23,4/22/1999,Cambridge University Press
2821,The Birth of Tragedy/The Genealogy of Morals,Friedrich Nietzsche/Francis Golffing,4.01,385092105,9780390000000.0,en-US,320,843,42,05/07/1990,Anchor
2822,The Birth of Tragedy,Friedrich Nietzsche,3.98,1419154079,9781420000000.0,eng,84,32,0,6/17/2004,Kessinger Publishing
2823,The Birth of Tragedy,Friedrich Nietzsche/Michael Tanner/Shaun Whiteside,3.98,140433392,9780140000000.0,en-US,160,10147,301,11/27/2003,Penguin Classics
2826,Birth Of A Tragedy: Kashmir 1947,Alastair Lamb,4.0,907129072,9780910000000.0,eng,179,9,2,3/14/2008,Roxford Books
2834,The Tragedy of Pudd'nhead Wilson/Those Extraordinary Twins,Mark Twain/David Lionel Smith/Sherley Anne Williams,3.79,195114159,9780200000000.0,eng,512,3664,58,03/06/1997,Oxford University Press  USA
2835,The Tragedy of Pudd'nhead Wilson,Mark Twain/Michael Prichard,3.79,140015068X,9781400000000.0,eng,0,3,0,01/01/2003,Tantor Media
2836,Bridge to Terabithia,Katherine Paterson/Donna Diamond,4.0,60734019,9780060000000.0,en-US,191,1811,152,07/01/2008,HarperTeen
2843,Literature Circle Guide: Bridge to Terabithia: Everything You Need For Successful Literature Circles That Get Kids Thinking  Talking  Writing—and Loving Literature,Tara MacCarthy,5.0,439271711,9780440000000.0,eng,32,4,1,01/01/2002,Teaching Resources
2847,Bread and Roses  Too,Katherine Paterson,3.76,618654798,9780620000000.0,eng,275,2018,294,09/04/2006,Clarion Books
2851,The Invisible Child,Katherine Paterson,4.27,525464824,9780530000000.0,eng,266,99,27,12/31/2001,Dutton Juvenile
2855,A Short History of Decay,Emil M. Cioran/Richard Howard,4.25,1559704640,9781560000000.0,eng,186,1771,99,9/15/1998,Arcade Publishing
2860,Scholar of Decay (Ravenloft  #14),Tanya Huff,3.46,078690206X,9780790000000.0,eng,313,38,1,05/01/2000,TSR
2864,Girl with a Pearl Earring,Tracy Chevalier,3.88,452284937,9780450000000.0,eng,233,1162,127,9/30/2003,Plume Books
2868,The Golden Tulip,Rosalind Laker,3.94,385415605,9780390000000.0,eng,585,29,4,09/01/1991,Doubleday
2871,Burning Bright,Tracy Chevalier,3.36,052594978X,9780530000000.0,eng,320,10919,1113,3/20/2007,Dutton
2872,Falling Angels,Tracy Chevalier,3.58,452283205,9780450000000.0,eng,336,20321,1214,9/24/2002,Penguin Books
2873,The Virgin Blue,Tracy Chevalier,3.66,452284449,9780450000000.0,eng,304,26029,1588,6/24/2003,Penguin Books
2875,Wenn Engel fallen,Tracy Chevalier,3.58,3471772537,9783470000000.0,ger,384,6,1,02/01/2002,List
2877,Tom Hunter: Living in Hell and Other Stories,Tom Hunter/Tracy Chevalier/Colin Wiggins,3.64,1857093313,9781860000000.0,en-GB,80,42,0,03/08/2006,National Gallery London
2879,Bleach  Volume 15,Tite Kubo,4.42,1421506130,9781420000000.0,eng,208,19945,76,10/03/2006,VIZ Media LLC
2880,Bleach  Volume 01,Tite Kubo,4.22,1591164419,9781590000000.0,eng,200,140403,1063,5/19/2004,VIZ Media LLC
2881,Bleach  Volume 14,Tite Kubo,4.38,1421506122,9781420000000.0,eng,208,10356,79,08/01/2006,VIZ Media LLC
2882,Bleach  Volume 11,Tite Kubo,4.36,1421502712,9781420000000.0,eng,208,8773,84,02/07/2006,VIZ Media LLC
2883,Bleach  Volume 12,Tite Kubo,4.36,1421504030,9781420000000.0,eng,208,8948,86,04/04/2006,VIZ Media LLC
2885,DEATH NOTE デスノート 1,Tsugumi Ohba/Takeshi Obata/大場 つぐみ/小畑 健,4.43,4088736214,9784090000000.0,jpn,195,227,38,04/02/2004,集英社
2886,Death Note  Vol. 4: 恋心 (Death Note  #4),Tsugumi Ohba/Takeshi Obata,4.39,4088736710,9784090000000.0,jpn,204,452,13,11/11/2004,Shueisha
2887,Death Note  Vol. 3: 激走 (Death Note  #3),Tsugumi Ohba/Takeshi Obata,4.43,4088736524,9784090000000.0,jpn,194,400,11,09/03/2004,Shueisha
2893,Love Artist (Harlequin Romance #2860),Valerie Parv,3.25,373028601,9780370000000.0,eng,187,3,1,7/24/1987,Harlequin Romance
2895,Perfume: The Story of a Murderer,Patrick Süskind/John E. Woods,4.02,307277763,9780310000000.0,eng,255,1124,191,2/13/2001,Vintage International
2896,Das Parfum. Die Geschichte eines Mörders,Patrick Süskind,4.02,3257228007,9783260000000.0,ger,321,9674,343,06/01/1994,Diogenes
2898,Three Stories and a Reflection,Patrick Süskind,3.57,747534934,9780750000000.0,eng,128,24,3,11/13/1997,Bloomsbury Publishing PLC
2899,The Pigeon,Patrick Süskind,3.68,140105832,9780140000000.0,eng,77,6254,423,6/29/1989,Penguin
2900,The Story of Mr Sommer,Patrick Süskind/Jean-Jacques Sempé,3.84,747566755,9780750000000.0,eng,128,2061,104,11/03/2003,Not Avail
2906,Bleach―ブリーチ― 1 [Burīchi 1] (Bleach  #1),Tite Kubo,4.22,4088732138,9784090000000.0,jpn,189,41,3,01/05/2002,Shueisha
2907,Bleach  Tome 1: The Death and the Strawberry,Tite Kubo,4.22,2723442276,9782720000000.0,fre,192,54,4,07/02/2003,Glénat
2912,Escape from Fire Mountain (World of Adventure  #3),Gary Paulsen/Steve Chorney,3.67,440410258,9780440000000.0,eng,80,114,17,01/01/1995,Yearling
2917,How Angel Peterson Got His Name,Gary Paulsen,3.93,440229359,9780440000000.0,eng,111,1177,218,08/10/2004,Yearling
2920,Tucket's Travels: Francis Tucket's Adventures In The West  1847-1849 (The Tucket Adventures  #1-5),Gary Paulsen,4.44,440419670,9780440000000.0,en-US,560,557,46,09/09/2003,Yearling
2921,Chicago Blues: The City and the Music,Mike  Rowe/Ronald Radano,3.92,306801450,9780310000000.0,eng,226,25,2,8/22/1981,Da Capo Press
2923,Winterdance: The Fine Madness of Running the Iditarod,Gary Paulsen,4.26,156001454,9780160000000.0,eng,272,5437,830,2/17/1995,Mariner Books
2928,Brian's Winter,Gary Paulsen,4.01,385321988,9780390000000.0,en-US,133,76,12,01/01/1996,Delacorte Books for Young Readers
2932,Robinson Crusoe (Robinson Crusoe #1),Daniel Defoe/Virginia Woolf,3.67,375757325,9780380000000.0,eng,320,209122,4131,06/12/2001,Modern Library
2933,Robinson Crusoe,Daniel Defoe/John J. Richetti,3.67,141439823,9780140000000.0,eng,286,1507,142,3/27/2003,Penguin Classics
2934,Robinson Crusoe,Daniel Defoe/Michael Shinagel,3.67,393964523,9780390000000.0,en-US,436,585,63,12/19/1994,W.W. Norton & Company
2937,Robinson Crusoe,Daniel Defoe/Avi,3.67,689844085,9780690000000.0,eng,482,204,32,07/01/2001,Aladdin
2940,Robinson Crusoe,Daniel Defoe,3.67,1587263882,9781590000000.0,eng,288,311,18,7/14/2006,Ann Arbor Media
2942,A General History of the Pyrates,Daniel Defoe/Manuel Schonhorn/Charles   Johnson,3.72,486404889,9780490000000.0,eng,733,577,36,1/26/1999,Dover Publications
2949,Huck Finn & Tom Sawyer among the Indians & Other Unfinished Stories (Mark Twain Library),Mark Twain/Paul Baender/Dahlia Armon/Walter Blair,3.85,520238958,9780520000000.0,eng,389,5,0,3/15/2003,University of California Press
2952,Huck Finn and Tom Sawyer Among the Indians,Mark Twain/Lee Nelson,3.57,1555176801,9781560000000.0,eng,277,242,29,4/22/2003,Council Press
2953,Huck Finn/Pudd'nhead Wilson/No 44 Mysterious Stranger other Writings,Mark Twain/Guy Cardwell/Louis J. Budd,4.06,1883011884,9781880000000.0,en-US,808,33,3,08/01/2000,Library of America
2956,The Adventures of Huckleberry Finn (Adventures of Tom and Huck  #2),Mark Twain/Guy Cardwell/John Seelye/Walter Trier,3.82,142437174,9780140000000.0,eng,327,1049912,11391,12/31/2002,Penguin Classics
2958,Adventures of Huckleberry Finn,Mark Twain/E.W. Kemble,3.82,486443221,9780490000000.0,eng,368,144,17,05/06/2005,Dover Publications
2960,Adventures of Huckleberry Finn,Mark Twain/George Saunders,3.82,375757376,9780380000000.0,eng,244,687,37,8/14/2001,The Modern Library
2962,The Annotated Huckleberry Finn,Mark Twain/Michael Patrick Hearn/E.W. Kemble,3.82,393020398,9780390000000.0,eng,656,185,18,10/17/2001,W. W. Norton  Company
2965,The Wit and Wisdom of Mark Twain,Mark Twain,4.2,486406644,9780490000000.0,eng,64,970,53,12/23/1998,Dover Publications
2967,Mark Twain's Helpful Hints for Good Living: A Handbook for the Damned Human Race,Mark Twain/Lin Salamo/Victor Fischer/Michael B. Frank,3.86,520242459,9780520000000.0,eng,221,513,71,10/18/2004,University of California Press
2968,The Complete Short Stories of Mark Twain,Mark Twain/Charles Neider,4.28,553211951,9780550000000.0,eng,848,5710,142,03/01/1984,Bantam Classics
2971,The Autobiography of Mark Twain,Mark Twain/Charles Neider,4.05,60955422,9780060000000.0,eng,508,2871,209,11/28/2000,Harper Perennial
2973,Collected Tales  Sketches  Speeches  & Essays 1891–1910,Mark Twain/Louis J. Budd,4.39,940450739,9780940000000.0,eng,1050,207,10,10/15/1992,Library of America
2978,Lost Horizon,James Hilton,3.92,60594527,9780060000000.0,eng,241,11892,955,6/15/2004,Harper Perennial
2988,Louisa May Alcott's Christmas Treasury,Louisa May Alcott/C. Michael Dudash/Stephen W. Hines,3.96,1589199502,9781590000000.0,eng,282,715,44,06/01/2002,David C Cook
2997,My Secret Garden: Women's Sexual Fantasies,Nancy Friday,3.68,671019872,9780670000000.0,eng,361,1817,123,10/28/2003,Pocket Books
2998,The Secret Garden,Frances Hodgson Burnett,4.13,517189607,9780520000000.0,eng,331,764134,11796,09/01/1998,Children's Classics
3003,The Secret Garden,Frances Hodgson Burnett/Sandra M. Gilbert,4.13,451528832,9780450000000.0,eng,281,1739,116,07/01/2003,Signet
3004,The Secret Garden,Martha Hailey DuBose/Frances Hodgson Burnett/Lucy Corvino/Arthur Pober,4.33,1402713193,9781400000000.0,eng,160,1653,76,03/01/2005,Sterling
3006,The Secret Garden,Frances Hodgson Burnett/Alison Lurie,4.13,142437050,9780140000000.0,en-GB,288,517,13,1/30/2003,Penguin Classics
3008,A Little Princess,Frances Hodgson Burnett/Nancy Bond,4.2,142437018,9780140000000.0,eng,242,238192,4392,2/26/2002,Penguin Books
3011,Waiting for the Party: The Life of Frances Hodgson Burnett  1849-1924,Ann Thwaite,3.8,879237902,9780880000000.0,eng,274,23,7,09/01/1994,David R. Godine Publisher
3014,The Secret Garden Cookbook: Recipes Inspired by Frances Hodgson Burnett's The Secret Garden,Amy Cotler/Frances Hodgson Burnett/Prudence See,4.3,60277408,9780060000000.0,eng,128,150,23,3/19/1999,Festival
3023,Basic Economics: A Citizen's Guide to the Economy,Thomas Sowell,4.32,465081452,9780470000000.0,eng,448,5899,475,12/24/2003,Basic Books
3025,Basic Economics: A Common Sense Guide to the Economy,Thomas Sowell,4.32,465002609,9780470000000.0,eng,627,328,43,04/03/2007,Basic Books (AZ)
3040,Black Rednecks and White Liberals,Thomas Sowell,4.38,1594030863,9781590000000.0,eng,372,2579,301,06/01/2005,Encounter Books
3041,Applied Economics: Thinking Beyond Stage One,Thomas Sowell,4.14,465081436,9780470000000.0,eng,256,1546,122,11/13/2003,Basic Books
3042,Knowledge And Decisions,Thomas Sowell,4.39,465037380,9780470000000.0,eng,422,766,47,10/04/1996,Basic Books
3047,A Conflict of Visions: Ideological Origins of Political Struggles,Thomas Sowell,4.31,465081428,9780470000000.0,eng,304,1797,166,01/03/2002,Basic Books
3051,Sir Gawain and the Green Knight,Selina Shirley Hastings/Juan Wijngaard,3.91,744520053,9780740000000.0,eng,29,65,9,6/27/1991,Walker Books Ltd
3053,Alcoholics Anonymous,Alcoholics Anonymous,4.45,916856593,9780920000000.0,eng,250,22,0,08/01/1993,Alcoholics Anonymous World Services Inc
3055,Alcoholics Anonymous,Alcoholics Anonymous,4.45,1893007162,9781890000000.0,en-US,576,495,30,02/10/2002,AA World Services
3056,The Twelve Steps & Twelve Traditions of Overeaters Anonymous,Overeaters Anonymous,4.36,960989862,9780960000000.0,en-US,221,213,10,01/01/1993,Overeaters Anonymous  Incorporated
3061,The Natural Way to Draw,Kimon Nicolaides/Mamie Harmon,3.9,395530075,9780400000000.0,en-US,240,39369,80,02/01/1990,Mariner Books
3065,Natural Health  Natural Medicine,Andrew Weil,4.11,618479031,9780620000000.0,en-US,448,580,41,12/09/2004,Mariner Books
3066,The Fixer,Bernard Malamud/Jonathan Safran Foer,3.96,374529388,9780370000000.0,eng,335,8624,409,05/05/2004,Farrar  Straus and Giroux
3067,The Complete Stories,Bernard Malamud/Robert Giroux,4.22,374525757,9780370000000.0,en-US,656,712,51,10/12/1998,Farrar  Straus and Giroux
3068,The Assistant,Bernard Malamud/Jonathan Rosen,3.89,374504849,9780370000000.0,en-US,246,8073,319,07/07/2003,Farrar Straus and Giroux
3070,Conversations with Bernard Malamud (Literary Conversations),Lawrence M. Lasher,4.0,878054901,9780880000000.0,eng,184,4,0,03/01/1991,University Press of Mississippi
3072,The Tenants,Bernard Malamud/Aleksandar Hemon,3.65,374521026,9780370000000.0,eng,248,662,50,9/18/2003,Farrar  Straus and Giroux
3075,Enchanted April: Acting Edition,Matthew Barber/Elizabeth von Arnim,3.61,822219751,9780820000000.0,eng,73,67,6,04/07/2004,Dramatists Play Service
3084,April  May und June,Elizabeth von Arnim,3.88,345833422X,9783460000000.0,ger,88,0,0,04/01/1995,Insel  Frankfurt
3087,A Room with a View,E.M. Forster,3.91,1420925431,9781420000000.0,eng,119,128596,3422,01/01/2005,Digireads.com
3088,A Room with a View / Howards End,E.M. Forster/Benjamin DeMott,4.1,451521412,9780450000000.0,eng,449,2450,113,02/04/1986,Signet
3100,E.M. Forster: Critical Guidebook,Lionel Trilling/E.M. Forster,3.51,811202100,9780810000000.0,eng,208,6,0,1/17/1971,New Directions
3101,The Longest Journey,E.M. Forster/Gilbert Adair/Elizabeth Heine,3.48,141441488,9780140000000.0,eng,396,1665,125,7/27/2006,Penguin Classics
3102,Howards End,E.M. Forster,3.96,486424545,9780490000000.0,eng,246,54765,1437,10/29/2002,Dover Publications
3103,Maurice,E.M. Forster,4.03,393310329,9780390000000.0,eng,256,21997,1005,12/17/2005,W. W. Norton  Company
3104,E. M. Forster: A Life,P.N. Furbank,4.14,156286513,9780160000000.0,eng,648,141,11,05/02/1994,Mariner Books
3105,Howards End,E.M. Forster,3.96,141183357,9780140000000.0,eng,352,368,26,9/28/2000,Penguin Books
3107,The Sixteen Pleasures,Robert Hellenga,3.59,385314698,9780390000000.0,eng,384,2699,336,05/01/1995,Delta
3113,Revolutionary Characters: What Made the Founders Different,Gordon S. Wood,3.97,1594200939,9781590000000.0,eng,336,3259,187,5/18/2006,Penguin Press HC  The
3117,The Rescue (Kidnapped  #3),Gordon Korman,4.11,439847796,9780440000000.0,eng,140,1864,117,09/01/2006,Scholastic Books
3119,Hunting the Hunter (On the Run  #6),Gordon Korman,4.21,439651417,9780440000000.0,eng,151,1928,85,02/01/2006,Scholastic
3120,Public Enemies (On The Run  #5),Gordon Korman,4.19,439651409,9780440000000.0,eng,150,2050,76,12/01/2005,Scholastic
3130,Runaway Bride,Deborah  Gordon,4.25,380777584,9780380000000.0,eng,390,8,0,9/28/1994,Avon
3142,The Bridge over the Drina,Ivo Andrić/William H. McNeill,4.33,1860460585,9781860000000.0,eng,314,254,35,04/05/1995,The Harvill Press
3144,Drina Dances in Paris,Jean Estoril,4.16,750000333,9780750000000.0,eng,194,14,4,04/01/1991,Simon and Schuster
3145,Drina Ballerina,Jean Estoril,4.16,750005947,9780750000000.0,eng,188,8,1,1/17/1991,Hodder
3147,Le Pont sur la Drina,Ivo Andrić/Pascale Delpech,4.33,225393321X,9782250000000.0,fre,384,69,10,07/05/1999,Livre de Poche
3152,Drina Dances in Italy,Jean Estoril,4.08,750012633,9780750000000.0,eng,191,21,0,8/31/1992,Hodder
3155,Drina Goes on Tour,Jean Estoril/Mabel Esther Allan,4.26,750002468,9780750000000.0,eng,188,112,7,10/20/1991,Simon and Schuster
3156,Drina Dances in Madeira,Jean Estoril/Mabel Esther Allan,4.09,750002425,9780750000000.0,eng,164,139,6,02/06/1991,Simon and Schuster
3167,Phaedrus/Apology/Crito/Symposium,Plato/Benjamin Jowett,3.0,1420926845,9781420000000.0,en-US,144,19,0,01/01/2006,Digireads.com
3207,The Dialogues of Plato  Volume 1: Euthyphro  Apology  Crito  Meno  Gorgias  Menexenus,Plato/Reginald E. Allen,4.17,300044887,9780300000000.0,eng,352,114,11,09/10/1989,Yale University Press
3231,Gorgias/Timaeus,Plato/Benjamin Jowett,3.74,486427595,9780490000000.0,eng,256,34,5,7/15/2003,Dover Publications
3232,Minor Works: On Colours/On Things Heard/Physiognomics/On Plants/On Marvellous Things Heard/Mechanical Problems/On Indivisible Lines/The...Gorgias,Aristotle/W.S. Hett,4.57,674993381,9780670000000.0,grc,528,14,0,6/28/1963,Loeb Classical Library 307
3248,Aristophanes I: Clouds/Wasps/Birds,Aristophanes/Peter Meineck/Ian C. Storey,3.77,872203603,9780870000000.0,eng,480,100,9,09/01/1998,Hackett Publishing Company  Inc. (USA)
3254,The Trojan Women,Euripides/Gilbert Murray,3.89,1420927329,9781420000000.0,eng,80,4577,126,01/01/2006,Digireads.com
3258,Greek Tragedies  Volume 2,David Grene/Richmond Lattimore/Aeschylus/Sophocles/Euripides,4.29,226307751,9780230000000.0,eng,304,327,12,2/15/1960,University Of Chicago Press
3273,Moloka'i (Moloka'i #1),Alan Brennert,4.17,312304358,9780310000000.0,eng,405,91395,8192,10/04/2004,St. Martin's Griffin
3280,Teaching with the Brain in Mind,Eric Jensen,4.11,1416600302,9781420000000.0,eng,186,592,49,6/15/2005,Association for Supervision & Curriculum Development
3283,Introducing Mind and Brain (Introducing...),Angus Gellatly/Oscar Zárate/Richard Appignanesi,3.54,1840466383,9781840000000.0,en-GB,176,26,1,05/10/2001,Totem Books
3290,Eva Luna,Isabel Allende/Margaret Sayers Peden,3.97,553383825,9780550000000.0,eng,320,430,23,8/30/2005,Dial Press
3291,The Stories of Eva Luna,Isabel Allende,3.97,743217187,9780740000000.0,eng,352,12839,375,11/13/2001,Scribner
3293,Diez Cuentos de Eva Luna Con Guia de Comprension y Repaso de Gramatica,Isabel Allende/Richard D. Woods/Kenneth M. Taggart,3.97,007001356X,9780070000000.0,eng,256,10,1,12/01/1994,McGraw-Hill Humanities/Social Sciences/Languages
3298,El bosque de los pigmeos,Isabel Allende,3.77,60816198,9780060000000.0,spa,304,1099,46,09/06/2005,HarperCollins Espanol
3300,Inés of My Soul,Isabel Allende/Margaret Sayers Peden,3.93,61161535,9780060000000.0,eng,321,15345,1075,11/07/2006,Harper
3301,La casa de los espíritus,Isabel Allende,4.23,60951303,9780060000000.0,spa,454,608,38,9/18/2001,HarperCollins Espanol
3302,El plan infinito,Isabel Allende,3.72,60951273,9780060000000.0,spa,336,514,33,5/14/2002,Harper Perennial
3303,El reino del dragón de oro,Isabel Allende,3.84,60591714,9780060000000.0,spa,432,1189,51,09/07/2004,HarperCollins Espanol
3304,City of the Beasts (Eagle and Jaguar  #1),Isabel Allende/Margaret Sayers Peden,3.71,60535032,9780060000000.0,eng,408,17962,778,4/27/2004,Rayo
3311,Self,Yann Martel,3.43,571219764,9780570000000.0,eng,331,2359,146,04/07/2003,Faber  Faber
3316,Die Brücke über die Drina,Ivo Andrić/Ernst E. Jonas,4.33,3518399608,9783520000000.0,ger,407,9,0,03/01/2003,Suhrkamp
3325,Drina Dances in Switzerland,Jean Estoril/Jenny Sanders,4.02,750002441,9780750000000.0,eng,188,13,1,8/23/1993,Hodder Children's Books
3340,The Story of Salt,Mark Kurlansky/S.D. Schindler,4.08,399239987,9780400000000.0,eng,48,382,85,09/07/2006,G.P. Putnam's Sons Books for Young Readers
3341,Nonviolence: Twenty-Five Lessons from the History of a Dangerous Idea,Mark Kurlansky/Dalai Lama XIV,4.0,679643354,9780680000000.0,eng,203,768,96,09/12/2006,Modern Library
3343,Boogaloo on 2nd Avenue,Mark Kurlansky,3.17,345448197,9780350000000.0,eng,319,191,26,2/28/2006,Random House Trade
3344,Cod: A Biography of the Fish That Changed the World,Mark Kurlansky,3.91,140275010,9780140000000.0,eng,294,970,104,07/01/1998,Penguin Books
3345,1968: The Year That Rocked the World,Mark Kurlansky,3.78,345455827,9780350000000.0,eng,480,2046,248,01/11/2005,Random House Trade Paperbacks
3346,A Chosen Few: The Resurrection of European Jewry (Reader's Circle),Mark Kurlansky,3.87,345448146,9780350000000.0,eng,456,51,2,3/26/2002,Ballantine Books
3347,The Basque History of the World: The Story of a Nation,Mark Kurlansky,3.85,140298517,9780140000000.0,eng,400,3457,329,02/01/2001,Penguin Books
3348,The Cod's Tale,Mark Kurlansky/S.D. Schindler,3.91,399234764,9780400000000.0,eng,48,127,25,09/10/2001,G.P. Putnam's Sons Books for Young Readers
3351,Open City 6: The Only Woman He Ever Left,Open City Magazine/James Purdy/Daniel Pinchbeck/Michael Cunningham/Deborah Garrison/Rem Koolhaas/Rick Moody/Strawberry Saroyan/Debra Garrison,0.0,189044717X,9781890000000.0,eng,200,0,0,10/13/2000,Grove Press  Open City Books
3357,Harry Potter Y La Piedra Filosofal (Harry Potter  #1),J.K. Rowling,4.47,613359607,9780610000000.0,spa,254,142,12,03/06/2001,Turtleback Books
3359,Angle of Repose,Wallace Stegner/Jackson J. Benson,4.27,141185473,9780140000000.0,eng,557,856,146,12/01/2000,Penguin Classics
3368,Don't Make Me Think: A Common Sense Approach to Web Usability,Steve Krug,4.25,321344758,9780320000000.0,en-US,201,7736,641,8/28/2005,New Riders Publishing
3384,Girlfriend in a Coma,Douglas Coupland,3.62,60987324,9780060000000.0,eng,288,15798,612,03/01/1999,ReganBooks
3388,Corelli's Mandolin,Louis de Bernières,3.98,067976397X,9780680000000.0,eng,437,62954,1791,8/29/1995,Vintage
3402,Kiffe Kiffe Tomorrow,Faïza Guène/Sarah    Adams,3.4,156030489,9780160000000.0,eng,179,1084,131,07/03/2006,Mariner Books
3403,Our Kind of People: Inside America's Black Upper Class,Lawrence Otis Graham,3.72,60984384,9780060000000.0,en-US,406,1170,117,12/22/1999,Harper Perennial
3404,The Senator and the Socialite: The True Story of America's First Black Dynasty,Lawrence Otis Graham,3.95,60184124,9780060000000.0,eng,480,138,29,6/27/2006,Harper
3409,Temptations,Otis Williams/Patricia Romanowski,4.19,815412185,9780820000000.0,eng,304,99,16,6/25/2002,Cooper Square Press
3413,The Thorn Birds,Colleen McCullough,4.23,60837551,9780060000000.0,eng,673,533,66,09/06/2005,Avon Books
3416,Caesar (Masters of Rome  #5),Colleen McCullough,4.37,60510854,9780060000000.0,eng,928,5991,120,1/28/2003,Avon
3417,Caesar's Women (Masters of Rome  #4),Colleen McCullough,4.25,380710846,9780380000000.0,eng,943,5423,157,02/01/1997,Avon
3418,On  Off (Carmine Delmonico  #1),Colleen McCullough,3.52,743286421,9780740000000.0,eng,372,1182,175,5/23/2006,Simon & Schuster
3419,Three Complete Novels: Tim/An Indecent Obsession/The Ladies of Missalonghi,Colleen McCullough,3.67,517201666,9780520000000.0,en-US,768,39,7,2/14/1999,Wings
3420,Morgan's Run,Colleen McCullough,3.95,671024183,9780670000000.0,eng,848,3478,191,01/01/2002,Pocket Books
3421,The October Horse: A Novel of Caesar and Cleopatra (Masters of Rome  #6),Colleen McCullough,4.29,671024205,9780670000000.0,eng,1110,4291,119,10/28/2003,Pocket Books
3422,The First Man in Rome (Masters of Rome  #1),Colleen McCullough,4.11,068809368X,9780690000000.0,eng,896,311,49,9/28/1990,William Morrow & Company (NYC)
3424,The Grass Crown (Masters of Rome  #2),Colleen McCullough,4.3,038071082X,9780380000000.0,eng,1104,9623,199,07/01/1992,Avon
3425,Tim,Colleen McCullough,3.81,380711966,9780380000000.0,eng,288,153,17,11/01/1990,Avon
3426,O'Brien's the Things They Carried,Jill Colella/CliffsNotes,3.69,764586688,9780760000000.0,eng,128,24,2,12/14/2000,Cliffs Notes
3431,The Five People You Meet in Heaven,Mitch Albom,3.93,1401308589,9781400000000.0,eng,196,520051,16562,9/23/2003,Hyperion
3437,The Curious Incident of the Dog in the Night-Time,Mark Haddon,3.88,99450259,9780100000000.0,eng,272,16588,1606,4/15/2004,Vintage
3438,The Curious Incident of the Dog In the Night-time,Mark Haddon,3.88,99456761,9780100000000.0,eng,268,6124,754,04/01/2004,Red Fox
3439,The Curious Incident of the Dog in the Night-time,Mark Haddon,3.88,385662238,9780390000000.0,eng,240,34,6,3/28/2006,Doubleday Canada
3444,Northern Lights,Tim O'Brien,3.29,767904419,9780770000000.0,eng,372,981,69,09/01/1999,Broadway Books
3445,If I Die in a Combat Zone  Box Me Up and Ship Me Home,Tim O'Brien,3.95,767904435,9780770000000.0,eng,225,7763,362,09/01/1999,Broadway Books
3446,Going After Cacciato,Tim O'Brien,3.91,767904427,9780770000000.0,eng,351,10384,637,09/01/1999,Broadway/Crown Publishing Group
3447,In the Lake of the Woods,Tim O'Brien,3.78,061870986X,9780620000000.0,eng,303,14655,1211,09/01/2006,Mariner Books
3449,The Nuclear Age,Tim O'Brien,3.45,140259104,9780140000000.0,eng,320,945,61,12/01/1996,Penguin Books
3462,The Rescue,Nicholas Sparks,4.11,446696129,9780450000000.0,eng,352,154933,3141,04/01/2005,Grand Central Publishing
3463,A Bend in the Road,Nicholas Sparks,4.03,446696137,9780450000000.0,eng,341,125693,3229,04/01/2005,Grand Central Publishing
3464,True Believer (Jeremy Marsh & Lexie Darnell  #1),Nicholas Sparks,3.8,044669651X,9780450000000.0,eng,465,68228,2425,04/11/2006,Grand Central Publishing
3465,Three Weeks With My Brother,Nicholas Sparks/Micah Sparks,4.03,446694851,9780450000000.0,eng,368,36784,2658,01/03/2006,Grand Central Publishing
3466,The Wedding (The Notebook  #2),Nicholas Sparks,3.99,446615862,9780450000000.0,eng,276,126629,5295,08/01/2005,Vision
3468,El Guardián,Nicholas Sparks/Ramón González Férriz,4.15,8496284530,9788500000000.0,spa,444,31,3,04/01/2005,Roca Editorial
3469,Nights in Rodanthe,Nicholas Sparks,3.84,446691798,9780450000000.0,en-US,212,1596,157,08/01/2004,Warner Books
3471,Message in a Bottle,Nicholas Sparks,3.96,446606812,9780450000000.0,en-GB,370,2755,218,02/01/1999,Grand Central Publishing
3473,A Walk to Remember,Nicholas Sparks,4.17,446693804,9780450000000.0,eng,240,555995,10173,09/01/2004,Grand Central Publishing
3476,Icy Sparks,Gwyn Hyman Rubio,3.7,142000205,9780140000000.0,eng,320,37936,1192,03/08/2001,Penguin Books
3478,Message in a Bottle,Nicholas Sparks,3.96,446676071,9780450000000.0,eng,342,201488,3496,12/01/1999,Warner Books
3479,Sugarplums and Scandal  (Love at Stake #2.5; Bed-and-Breakfast Mysteries #22.5),Lori Avocato/Dana Cameron/Mary Dahiem/Suzanne Macpherson/Cait London/Kerrelyn Sparks/Mary Daheim,3.98,61136956,9780060000000.0,eng,327,1967,66,10/31/2006,Avon
3483,Special Topics in Calamity Physics,Marisha Pessl,3.71,067003777X,9780670000000.0,eng,514,32370,4212,08/03/2006,Penguin Books Ltd
3491,The Dictionary of Corporate Bullshit: An A to Z Lexicon of Empty  Enraging  and Just Plain Stupid Office Talk,Lois Beckwith,4.03,767920740,9780770000000.0,eng,192,82,9,2/14/2006,Three Rivers Press
3493,On Truth,Harry G. Frankfurt/Baruch Spinoza,3.52,030726422X,9780310000000.0,en-US,112,790,99,10/31/2006,Knopf
3507,Twelve Sharp (Stephanie Plum  #12),Janet Evanovich,4.15,312349486,9780310000000.0,eng,310,81381,1925,6/20/2006,St. Martin's Press
3509,Sharp Edges,Jayne Ann Krentz,3.86,671524097,9780670000000.0,eng,368,2792,73,7/27/2004,Pocket Star Books
3510,Mrs. Sharp's Traditions: Reviving Victorian Family Celebrations of Comfort & Joy,Sarah Ban Breathnach,4.08,074321076X,9780740000000.0,en-US,256,317,33,12/31/2001,Scribner Book Company
3513,The Sly Spy (Olivia Sharp  Agent for Secrets #3),Marjorie Weinman Sharmat/Mitchell Sharmat/Denise Brunkus,3.85,440420628,9780440000000.0,eng,74,51,7,6/14/2005,Yearling Books
3516,The Green Toenails Gang (Olivia Sharp  Agent for Secrets #4),Marjorie Weinman Sharmat/Mitchell Sharmat/Denise Brunkus,3.77,440420636,9780440000000.0,eng,72,41,7,07/12/2005,Yearling Books
3519,The Pizza Monster (Olivia Sharp  Agent for Secrets #1),Marjorie Weinman Sharmat/Mitchell Sharmat/Denise Brunkus,3.54,440420598,9780440000000.0,eng,80,56,7,05/10/2005,Yearling
3520,The Spy Who Barked (Adam Sharp #1),George E. Stanley,3.43,307264122,9780310000000.0,eng,48,26,5,04/09/2002,Random House Books for Young Readers
3525,Kare First Love  Vol. 9 (Kare First Love  #9),Kaho Miyasaka,4.06,1421505479,9781420000000.0,eng,208,612,8,09/12/2006,VIZ Media LLC
3529,The World's First Love: Mary  Mother of God,Fulton J. Sheen,4.59,898705975,8987059752.0,en-US,276,641,63,09/01/1996,Ignatius Press
3530,Kare First Love  Vol. 10 (Kare First Love  #10),Kaho Miyasaka,4.09,1421505487,9781420000000.0,eng,208,715,18,12/12/2006,VIZ Media LLC
3531,The Tutor's First Love,George MacDonald/Michael R. Phillips,4.08,087123596X,9780870000000.0,eng,238,364,21,07/01/2000,Bethany House Publishers
3532,First Love,Ivan Turgenev/Constance Garnett,3.78,974607894,9780970000000.0,eng,124,5856,310,09/01/2004,Melville House Publishing
3536,Love @ First Site,Jane Moore,3.41,767916913,9780770000000.0,en-US,368,910,74,05/09/2006,Broadway Books
3545,First Love  Second Chance,Amanda Clark,3.73,373706405,9780370000000.0,eng,304,13,2,2/22/1995,Harlequin Superromance
3554,The Modern Prince: Charles J. Haughey and the Quest for Power,Justin   O'Brien,3.5,1903582415,9781900000000.0,eng,212,4,0,4/28/2003,Merlin Publishing
3557,The Modern Prince and Other Writings,Antonio Gramsci,3.89,717801330,9780720000000.0,eng,192,118,9,10/01/1959,International Publishers
3562,Emily of New Moon (Emily  #1),L.M. Montgomery,4.1,055323370X,9780550000000.0,eng,339,38411,1366,04/01/1983,Dell Laurel-Leaf
3564,The Selected Journals Of L.M. Montgomery  Vol. 5: 1935-1942,L.M. Montgomery/Mary Henley Rubio/Elizabeth Hillman Waterston,4.24,195421167,9780200000000.0,eng,410,184,22,11/04/2004,Oxford University Press  USA
3566,Against the Odds: Tales of Achievement,L.M. Montgomery/Rea Wilmshurst,3.83,553565923,9780550000000.0,en-US,246,928,27,11/01/1994,Bantam Starfire
3574,Anne of Avonlea,L.M. Montgomery/Susan O'Malley,4.23,786180307,9780790000000.0,eng,8,63,8,12/01/1998,Blackstone Audiobooks
3577,A Tangled Web,L.M. Montgomery,3.88,770422454,9780770000000.0,eng,288,3760,248,08/01/1989,Seal Books
3579,The Complete Anne of Green Gables Boxed Set (Anne of Green Gables  #1-8),L.M. Montgomery,4.43,553609416,76783609419.0,eng,2088,98611,1447,10/06/1998,Starfire
3580,Pat of Silver Bush (Pat  #1),L.M. Montgomery,3.9,770422470,9780770000000.0,eng,288,6082,188,06/01/1988,Seal Books
3581,Sherlock Holmes: The Complete Novels and Stories  Volume I,Arthur Conan Doyle,4.47,553212419,9780550000000.0,eng,1059,24087,554,8/26/1986,Bantam Classics
3582,The New Annotated Sherlock Holmes: The Complete Short Stories,Arthur Conan Doyle/Leslie S. Klinger,4.64,393059162,9780390000000.0,eng,1878,1411,54,11/30/2004,W. W. Norton & Company
3583,The New Annotated Sherlock Holmes: The Novels,Arthur Conan Doyle/Leslie S. Klinger,4.53,039305800X,9780390000000.0,eng,907,2203,32,11/07/2005,W. W. Norton & Company
3584,The Science of Sherlock Holmes: From Baskerville Hall to the Valley of Fear  the Real Forensics Behind the Great Detective's Greatest Cases,E.J. Wagner,4.22,471648795,9780470000000.0,eng,244,2037,71,03/01/2006,Wiley
3585,Sherlock Holmes: A Baker Street Dozen,Arthur Conan Doyle/John Gielgud/Ralph Richardson/Orson Welles,3.96,1598870297,9781600000000.0,eng,6,18,4,4/20/2006,HighBridge Company
3587,Sherlock Holmes: The Unauthorized Biography,Nick Rennison,4.26,871139472,9780870000000.0,eng,304,29,6,10/11/2006,Atlantic Monthly Press
3593,Murder by Moonlight & Other Mysteries (New Adventures of Sherlock Holmes 19-24),NOT A BOOK,4.0,743564677,9780740000000.0,eng,0,7,2,10/03/2006,Simon  Schuster Audio
3595,The Mysteries of Sherlock Holmes,Arthur Conan Doyle/Paul Bachem,4.18,448409577,9780450000000.0,eng,218,119,8,10/15/1996,Grosset & Dunlap
3597,The Complete Adventures and Memoirs of Sherlock Holmes,Arthur Conan Doyle,4.33,517174960,9780520000000.0,eng,334,2184,87,07/01/2001,Gramercy Books
3599,The Unfortunate Tobacconist & Other Mysteries (Sherlock Holmes 1-6),NOT A BOOK,3.5,074353395X,9780740000000.0,eng,0,12,1,10/01/2003,Simon & Schuster Audio
3603,Personal Finance For Dummies,Eric Tyson,3.77,470038322,9780470000000.0,en-GB,458,114,15,10/01/2006,For Dummies
3604,Personal Finance for Dummies,Eric Tyson/Rich Tennant,3.77,764525905,9780760000000.0,eng,454,925,92,08/01/2003,John Wiley & Sons
3631,Catching Alice,Clare Naylor,3.38,449005577,9780450000000.0,en-US,328,948,27,10/31/2000,Ballantine Books
3635,The Dream Giver,Bruce H. Wilkinson/David Kopp/Heather Harpham Kopp,4.26,159052201X,9781590000000.0,eng,157,5044,316,09/03/2003,Multnomah Books
3636,The Giver (The Giver  #1),Lois Lowry,4.13,385732554,9780390000000.0,eng,208,1585589,56604,1/24/2006,Ember
3638,The Wish Giver: Three Tales of Coven Tree,Bill Brittain/Andrew Glass,3.83,64401685,9780060000000.0,eng,192,2201,218,04/02/2019,HarperCollins
3640,Indian Givers: How the Indians of the Americas Transformed the World,Jack Weatherford,4.11,449904962,9780450000000.0,eng,288,1760,135,11/29/1989,Ballantine Books
3649,The Last Life,Claire Messud,3.56,156011654,9780160000000.0,eng,400,1426,201,9/28/2000,Mariner Books
3650,The Hunters,Claire Messud,3.42,330488155,9780330000000.0,eng,200,406,64,5/18/2003,Picador
3651,When the World Was Steady,Claire Messud,3.17,964561107,9780960000000.0,eng,270,481,58,09/01/1995,Granta
3656,The Sea,John Banville,3.51,1400097029,9781400000000.0,eng,195,19308,1803,8/15/2006,Vintage
3657,The Sea,John Banville,3.51,307263118,9780310000000.0,eng,195,586,103,12/07/2005,Alfred A. Knopf
3659,The Book of Evidence (The Freddie Montgomery Trilogy #1),John Banville,3.71,375725237,9780380000000.0,eng,220,3202,278,06/12/2001,Vintage
3660,Athena (The Freddie Montgomery Trilogy #3),John Banville,3.66,679736859,9780680000000.0,eng,240,387,29,5/28/1996,Vintage
3661,Doctor Copernicus  (The Revolutions Trilogy #1),John Banville,3.65,679737995,9780680000000.0,eng,242,583,60,10/12/1993,Vintage
3664,Shroud (The Cleave Trilogy #2),John Banville,3.66,037572530X,9780380000000.0,eng,257,974,81,06/08/2004,Vintage
3665,Ghosts,John Banville,3.61,330371851,9780330000000.0,eng,244,33,3,12/17/1998,Picador
3679,On Beauty,Zadie Smith,3.73,143037749,9780140000000.0,eng,445,53736,3657,8/29/2006,Penguin Books
3682,A Great and Terrible Beauty (Gemma Doyle #1),Libba Bray,3.79,689875347,9780690000000.0,eng,403,189652,8207,12/09/2003,Simon and Schuster
3684,The Black Book of Hollywood Beauty Secrets,Kym Douglas/Cindy Pearlman,3.37,452287650,9780450000000.0,en-US,224,130,16,12/01/2006,Plume Books
3685,Black Beauty,Anna Sewell,3.96,439228905,9780440000000.0,eng,245,208684,3358,03/01/2003,Scholastic Paperbacks
3686,Truth and Beauty,Ann Patchett,3.94,60572159,9780060000000.0,eng,257,31134,2662,04/05/2005,Harper Perennial
3687,The Life of Graham Greene  Vol. 1: 1904-1939,Norman Sherry,4.11,142004200,9780140000000.0,en-US,816,170,21,09/07/2004,Penguin Books
3688,Complete Short Stories,Graham Greene/Pico Iyer,4.17,143039105,9780140000000.0,eng,594,1122,69,02/01/2005,Penguin Classics
3690,The Power and the Glory,Graham Greene/John Updike,4.0,142437301,9780140000000.0,eng,222,25490,1585,2/25/2003,Penguin Books
3692,The Heart of the Matter,Graham Greene,3.99,99478420,9780100000000.0,eng,272,21842,891,10/07/2004,Vintage Classics
3693,Orient Express,Graham Greene/Christopher Hitchens,3.46,142437913,9780140000000.0,eng,197,2064,220,8/31/2004,Penguin Classics
3695,Journey Without Maps,Graham Greene/Paul Theroux,3.6,143039725,9780140000000.0,eng,272,1139,70,6/27/2006,Penguin Classics
3698,The Quiet American,Graham Greene/Robert  Stone,3.97,143039024,9780140000000.0,eng,180,37620,2298,8/31/2004,Penguin Classics Deluxe Editions
3701,Collected Short Stories,Graham Greene,3.98,140186123,9780140000000.0,eng,368,295,22,04/01/1993,Penguin Books
3705,The Third Man & The Fallen Idol,Graham Greene,3.77,014018533X,9780140000000.0,eng,157,1322,109,07/01/1992,Penguin Books Ltd
3707,The Tenth Man,Graham Greene,3.73,671019090,9780670000000.0,eng,160,2910,220,02/01/1998,Washington Square Press
3710,The Autograph Man,Zadie Smith,3.16,037570387X,9780380000000.0,eng,347,9541,576,6/17/2003,Vintage
3711,White Teeth,Zadie Smith,3.77,375703861,9780380000000.0,eng,448,102370,5677,06/12/2001,Vintage
3717,Stranger than Fiction,Chuck Palahniuk,3.57,385722222,9780390000000.0,eng,233,18210,629,05/10/2005,Anchor
3731,Great Short Works of Herman Melville,Herman Melville/Warner Berthoff,4.04,60586540,9780060000000.0,eng,512,424,13,03/02/2004,Harper Perennial Modern Classics
3732,Selected Poems of Herman Melville,Herman Melville/Robert Penn Warren,3.77,1567922694,9781570000000.0,eng,512,12,3,09/10/2004,David R. Godine Publisher
3733,Redburn / White-Jacket / Moby-Dick,Herman Melville/G. Thomas Tanselle,4.2,940450097,9780940000000.0,eng,1436,1031,72,4/15/1983,Library of America
3734,Pierre / Israel Potter / The Piazza Tales / The Confidence-Man / Uncollected Prose / Billy Budd,Herman Melville/Harrison Hayford,4.18,940450240,9780940000000.0,eng,1478,348,16,04/01/1985,Library of America
3736,Redburn,Herman Melville/Harold Beaver,3.62,140431055,9780140000000.0,eng,448,545,53,8/26/1976,Penguin Classics
3738,Typee / Omoo / Mardi,Herman Melville/G. Thomas Tanselle,3.55,940450003,9780940000000.0,eng,1333,644,26,05/06/1982,Library of America
3743,Harriet Spies Again (Harriet the Spy Adventures  #1),Helen Ericson,3.84,440416884,9780440000000.0,eng,256,1360,52,8/26/2003,Yearling
3744,Harriet the Spy  Double Agent (Harriet the Spy Adventures),Maya Gold,3.8,385327870,9780390000000.0,eng,160,1,0,9/13/2005,Delacorte Books for Young Readers
3750,Moonraker (James Bond  #3),Ian Fleming,3.74,142002062,9780140000000.0,eng,247,15204,780,12/31/2002,Penguin Books
3751,Moonraker's Bride,Madeleine Brent,4.31,449235947,9780450000000.0,eng,319,55,13,06/12/1978,Fawcett
3754,Dr No / Moonraker / Thunderball / From Russia with Love / On Her Majesty's Secret Service / Goldfinger,Ian Fleming,3.98,862731585,9780860000000.0,eng,862,0,0,01/01/1984,Heinemann-Octopus
3758,Casino Royale (James Bond  #1),Ian Fleming,3.73,014200202X,9780140000000.0,eng,181,48961,2823,8/27/2002,Penguin
3759,Goldfinger (James Bond  #7),Ian Fleming,3.8,142002046,9780140000000.0,eng,264,16055,639,8/27/2002,Penguin Books
3762,On Her Majesty's Secret Service (James Bond  #11),Ian Fleming,3.96,142003255,9780140000000.0,eng,326,14108,428,09/02/2003,Penguin Books
3765,Octopussy & the Living Daylights (James Bond  #14),Ian Fleming,3.55,142003298,9780140000000.0,eng,120,5074,211,04/06/2004,Penguin Books
3768,Book of Sketches,Jack Kerouac/George Condo,3.8,142002151,9780140000000.0,eng,432,572,43,04/04/2006,Penguin Books
3769,The Dharma Bums,Jack Kerouac,3.92,141184884,9780140000000.0,en-GB,204,1361,77,08/03/2000,Penguin Books Ltd
3770,Book of Haikus,Jack Kerouac,3.91,1904634001,9781900000000.0,eng,200,25,5,03/02/2004,Enitharmon Press
3774,The Subterraneans,Jack Kerouac,3.68,141184892,9780140000000.0,eng,192,426,42,09/06/2007,Penguin Books Ltd
3776,Ballet Shoes,Noel Streatfeild,4.07,1842552473,9781840000000.0,eng,184,210,26,12/23/2004,Orion Children's Books
3782,Theater Shoes (Shoes  #4),Noel Streatfeild/Diane Goode,4.02,679854347,9780680000000.0,eng,272,4461,158,11/15/1994,Yearling
3784,Movie Shoes (Shoes  #6),Noel Streatfeild,4.0,440458153,9780440000000.0,eng,239,1351,32,05/01/1984,Yearling Books
3787,Party Shoes (Shoes  #5),Noel Streatfeild,3.64,192752537,9780190000000.0,en-US,243,430,33,09/01/2002,Oxford University Press  USA
3788,Thursday's Child (Margaret Thursday  #1),Noel Streatfeild,3.98,440486874,9780440000000.0,eng,256,1059,38,12/01/1985,Yearling
3797,Miss Happiness and Miss Flower,Rumer Godden/Gary Blythe,4.27,1405088567,9781410000000.0,eng,104,913,66,09/01/2006,MacMillan UK
3798,The River,Rumer Godden,3.95,330489992,9780330000000.0,eng,128,377,54,4/16/2004,Pan
3799,The Dolls' House,Rumer Godden/Christian Birmingham,4.01,330442554,9780330000000.0,eng,153,1410,73,11/03/2006,Macmillan
3801,China Court: The Hours of a Country House,Rumer Godden,3.97,688117228,9780690000000.0,eng,358,516,77,12/31/1993,William Morrow & Company
3803,Rumer Godden,Anne Chisholm,3.82,330367471,9780330000000.0,eng,335,9,5,06/11/1999,Pan
3805,The Corrections,Jonathan Franzen,3.79,1841156736,9781840000000.0,eng,653,133237,7468,09/02/2002,Fourth Estate Paperbacks
3806,Creative Correction: Extraordinary Ideas For Everyday Discipline,Lisa Whelchel/Stormie Omartian,3.93,1589971280,9781590000000.0,en-US,367,1094,87,3/31/2010,Thomas Nelson
3815,Original Sin (Adam Dalgliesh #9),P.D. James,3.91,446679224,9780450000000.0,eng,511,6736,297,12/02/2005,Grand Central Publishing
3818,Original Sin: Illuminating the Riddle,Henri Blocher,3.68,083082605X,9780830000000.0,eng,158,64,16,10/02/2000,IVP Academic
3820,An Original Sin,Nina Bangs,3.75,505523248,9780510000000.0,eng,394,369,16,07/01/1999,Love Spell
3822,Aliens: Original Sin,Michael Jan Friedman,3.71,1595820159,761568000000.0,eng,256,247,18,10/26/2005,Dark Horse Books
3825,Death in Holy Orders (Adam Dalgliesh  #11),P.D. James/Christa Seibicke,3.92,345446666,9780350000000.0,eng,429,9847,516,3/26/2002,Fawcett Books
3826,The Lighthouse (Adam Dalgliesh #13),P.D. James,3.81,307275736,9780310000000.0,eng,383,10651,711,10/10/2006,Vintage
3827,Unnatural Causes (Adam Dalgliesh #3),P.D. James,3.94,571204104,9780570000000.0,eng,218,9258,330,5/20/2002,Penguin Books in association with Faber & Faber
3828,Death of an Expert Witness (Adam Dalgliesh #6),P.D. James,3.99,571204201,9780570000000.0,eng,306,8045,265,5/20/2002,Gardners Books
3829,A Mind To Murder (Adam Dalgliesh  #2),P.D. James,3.82,571204155,9780570000000.0,eng,225,39,4,5/20/2002,Gardners Books
3830,A Taste for Death (Adam Dalgliesh  #7),P.D. James,4.02,1400096472,9781400000000.0,eng,459,10304,374,11/08/2005,Vintage
3831,Time To Be In Earnest: A Fragment Of Autobiography,P.D. James,3.93,345442121,9780350000000.0,eng,306,495,76,2/27/2001,Ballantine Books
3832,Cover Her Face (Adam Dalgliesh #1),P.D. James,3.93,743219570,9780740000000.0,eng,250,26375,953,05/08/2001,Scribner
3833,The Black Tower (Adam Dalgliesh #5),P.D. James,4.0,743219619,9780740000000.0,eng,352,13801,335,10/02/2001,Scribner
3834,Innocent Blood,P.D. James,3.68,743219635,9780740000000.0,eng,400,3793,286,08/02/2001,Scribner
3835,Don Quixote,Miguel de Cervantes Saavedra/Edith Grossman/Harold Bloom,3.87,60934344,9780060000000.0,eng,940,4956,705,4/26/2005,Ecco
3836,Don Quixote,Miguel de Cervantes Saavedra/John Rutherford/Roberto González Echevarría,3.87,142437239,9780140000000.0,eng,1023,160911,4087,2/25/2003,Penguin Books
3837,Don Quixote,Miguel de Cervantes Saavedra/Walter Starkie,3.87,451528905,9780450000000.0,en-US,544,71,5,06/03/2003,Signet Classics
3840,Don Quixote,Miguel de Cervantes Saavedra/Tobias Smollett/Carlos Fuentes,3.87,037575699X,9780380000000.0,eng,1168,393,40,04/10/2001,Modern Library
3841,Lectures on Don Quixote,Vladimir Nabokov/Fredson Bowers/Guy Davenport/Miguel de Cervantes Saavedra/Samuel Putnam,3.87,156495406,9780160000000.0,eng,240,275,14,4/18/1984,Harcourt Brace Jovanovich
3842,Cliffs Notes on Cervantes' Don Quixote,Marianne Sturman,3.61,822004151,9780820000000.0,eng,96,21,2,07/08/1964,Cliffs Notes
3848,Desert Heat (Joanna Brady  #1),J.A. Jance,4.0,727861158,9780730000000.0,eng,256,41,11,09/01/2004,Severn House Publishers
3849,Kentucky Heat,Fern Michaels,4.19,821773682,9780820000000.0,eng,383,1869,46,09/01/2002,Zebra
3850,Heat Wave: A Social Autopsy of Disaster in Chicago,Eric Klinenberg,3.86,226443221,9780230000000.0,eng,320,732,71,7/15/2003,University Of Chicago Press
3851,Texas Heat (Texas  #2),Fern Michaels,4.18,345449606,9780350000000.0,eng,496,2025,41,11/27/2001,Ballantine Books
3852,Primal Heat (Includes: Breeds  #8.5; Devlin Dynasty  #1; Moon Lust  #1),Lora Leigh/Sherri L. King/Lorie O'Clare/Jaci Burton,4.13,1843607409,9781840000000.0,eng,196,3567,62,5/15/2004,Ellora's Cave
3853,Heat and Dust,Ruth Prawer Jhabvala,3.55,1582430152,9781580000000.0,eng,190,6214,270,4/16/1999,Counterpoint
3858,Holy Cow: An Indian Adventure,Sarah Macdonald,3.53,767915747,9780770000000.0,eng,304,15315,1101,4/13/2004,Broadway Books
3859,Holy Cows and Hog Heaven: The Food Buyer's Guide to Farm Friendly Food,Joel Salatin/Michael Pollan,4.01,963810944,9780960000000.0,eng,134,292,35,2/19/2005,Polyface
3867,The History of Love,Nicole Krauss,3.92,393328627,9780390000000.0,eng,255,110082,9777,5/17/2006,Norton
3869,A Brief History of Time,Stephen Hawking,4.17,553380168,9780550000000.0,eng,212,239652,5860,09/01/1998,Bantam Books
3870,A Short History of Nearly Everything,Bill Bryson,4.21,767923227,9780770000000.0,eng,624,352,37,11/01/2005,Broadway Books
3871,The Politically Incorrect Guide to American History,Thomas E. Woods Jr.,4.03,895260476,9780900000000.0,en-US,270,1604,153,11/01/2004,Regnery Publishing
3872,A History of the World in 6 Glasses,Tom Standage,3.76,802715524,9780800000000.0,eng,336,14820,1686,5/16/2006,Bloomsbury
3873,A History of God: The 4 000-Year Quest of Judaism  Christianity  and Islam,Karen Armstrong,3.87,517223120,9780520000000.0,eng,460,38915,1087,03/02/2004,Gramercy Books
3875,The Sun Also Rises,Ernest Hemingway/William Hurt,3.82,743564413,9780740000000.0,eng,8,302,69,10/17/2006,Simon  Schuster Audio
3886,The Bon Appetit Cookbook,Barbara Fairchild,4.07,764596861,9780760000000.0,eng,816,1816,22,8/15/2006,Houghton Mifflin Harcourt
3895,The Barefoot Contessa Cookbook,Ina Garten/Melanie Acevedo,4.15,609602195,9780610000000.0,eng,256,28789,177,04/06/1999,Clarkson Potter
3900,Into a Paris Quartier: Reine Margot's Chapel and Other Haunts of St. Germain,Diane Johnson,3.51,792272668,9780790000000.0,eng,204,240,46,05/01/2005,National Geographic Society
3914,Sylvia,Leonard Michaels/Diane Johnson,3.86,374271070,9780370000000.0,eng,129,807,95,5/29/2007,Farrar  Straus and Giroux
3916,The Life Of Dashiell Hammett,Diane Johnson,3.73,070112766X,9780700000000.0,eng,344,4,0,1/23/1984,Vintage/Ebury (A Division of Random House Group)
3918,Divorcio a la Francesa: Le Divorce,Diane Johnson/Carlos Milla Soler/Roberto Fernandez Sastre,2.88,8420466557,9788420000000.0,spa,388,6,0,06/01/2003,Santillana USA Publishing Company
3921,London is the Best City in America,Laura Dave,3.45,670037567,9780670000000.0,eng,256,2168,233,5/18/2006,Viking Adult
3938,Hyperion (Los Cantos de Hyperion  #1),Dan Simmons/Carlos Alberto Gardini,4.24,8466617353,9788470000000.0,spa,618,174,14,06/01/2005,Ediciones B
3939,The Fall of Hyperion (Hyperion Cantos  #2),Dan Simmons,4.2,747236046,9780750000000.0,eng,632,237,15,2/20/1992,Headline Book Pub Ltd
3940,Supreme Power: Hyperion,J. Michael Straczynski/Dan Jurgens,3.45,785118950,9780790000000.0,eng,120,232,9,7/19/2006,Marvel
3966,Die Hyperion-Gesänge,Dan Simmons/Joachim Körber,4.42,3453215281,9783450000000.0,ger,1456,141,11,08/01/2002,Heyne
3967,La Chute d'Hypérion II,Dan Simmons/Guy Abadia,4.2,2266111574,9782270000000.0,fre,347,21,1,12/26/2000,Pocket
3968,Endymion,Dan Simmons/Guy Abadia,4.17,2221089561,9782220000000.0,fre,572,29,1,12/14/1998,Robert Laffont
3972,Olympos (Ilium  #2),Dan Simmons,3.94,380817934,9780380000000.0,eng,891,13300,484,7/25/2006,Harper Voyager
3973,Ilium (Ilium  #1),Dan Simmons,4.03,380817926,9780380000000.0,eng,752,21973,905,6/28/2005,HarperTorch
3974,The Terror,Dan Simmons,4.07,316017442,9780320000000.0,eng,769,31711,3317,01/08/2007,Little  Brown and Company
3975,Worlds Enough & Time: Five Tales of Speculative Fiction,Dan Simmons,3.75,60506040,9780060000000.0,eng,272,953,61,11/26/2002,Harper Voyager
3976,Hard Freeze (Joe Kurtz  #2),Dan Simmons,3.84,312989482,9780310000000.0,eng,320,734,44,9/15/2003,Minotaur Books
3977,Endymion (Hyperion Cantos  #3),Dan Simmons,4.17,553572946,9780550000000.0,eng,563,38357,1111,12/01/1996,Bantam Spectra
3978,A Winter Haunting (Seasons of Horror  #2),Dan Simmons,3.6,380817160,9780380000000.0,eng,371,6253,488,12/31/2002,HarperTorch
3985,The Amazing Adventures of Kavalier & Clay,Michael Chabon,4.18,312282990,9780310000000.0,eng,639,165862,9143,8/25/2001,Picador USA
3986,The Amazing Adventures of the Escapist: Volume 1,Michael Chabon/Glen David Gold/Bill Sienkiewicz/Howard Chaykin/Gene Colan/Steve Lieber/Eric Wight/Kevin  McCarthy,3.46,159307171X,9781590000000.0,eng,159,1097,105,5/18/2004,Dark Horse
3997,The Great House of God,Max Lucado,4.25,849942985,9780850000000.0,eng,240,1101,58,10/31/2001,Thomas Nelson
4006,The Valkyries,Paulo Coelho/Alan R. Clarke,3.31,722533942,9780720000000.0,eng,243,16483,685,09/06/1999,HarperTorch (an imprint of HarperCollins Publishers)
4008,The Devil and Miss Prym (On the Seventh Day  #3),Paulo Coelho/Amanda Hopkinson/Nick Caistor,3.61,60527994,9780060000000.0,eng,205,47673,2046,07/03/2006,HarperOne
4009,Nine Stories,J.D. Salinger,4.19,316767727,9780320000000.0,eng,198,112779,2897,1/30/2001,Little  Brown and Company
4014,The Sun Rises: and Other Questions About Time and Seasons,Brenda Walpole,3.94,753459647,9780750000000.0,eng,32,50,6,9/15/2006,Kingfisher
4023,American Psycho,Bret Easton Ellis,3.82,033048477X,9780330000000.0,eng,399,844,76,4/21/2010,Picador
4031,Lunar Park,Bret Easton Ellis,3.7,375727272,9780380000000.0,eng,404,24618,738,8/29/2006,Vintage
4035,The Burden of Proof (Kindle County Legal Thriller #2),Scott Turow,4.06,446677124,9780450000000.0,eng,608,32337,272,12/01/2000,Grand Central Publishing
4043,Godless,Pete Hautman,3.6,1416908161,9781420000000.0,eng,208,4213,735,11/01/2005,Simon  Schuster Books for Young Readers
4050,That Godless Court?: Supreme Court Decisions on Church-State Relationships,Ronald B. Flowers,3.59,664228917,9780660000000.0,en-US,228,12,1,09/02/2005,Westminster John Knox Press
4055,Soul Mates: Honouring the Mysteries of Love and Relationship,Thomas  Moore,3.99,60925752,9780060000000.0,eng,288,4372,81,12/13/2013,Harper Perennial
4060,Soul Mates & Twin Flames: The Spiritual Dimension of Love & Relationships (Pocket Guide to Practical Spirituality),Elizabeth Clare Prophet,3.79,922729484,9780920000000.0,en-US,155,141,5,8/17/2017,Summit University Press
4066,Hot Chocolate for the Mystical Lover: 101 True Stories of Soul Mates Brought Together by Divine Intervention,Arielle Ford/Deepak Chopra,4.08,452282179,9780450000000.0,en-US,412,38,4,01/01/2001,Plume
4069,Man's Search for Meaning,Viktor E. Frankl/Harold S. Kushner/William J. Winslade/Isle Lasch,4.36,080701429X,9780810000000.0,eng,165,282127,13449,06/01/2006,Beacon Press
4070,Man's Search for Meaning,Viktor E. Frankl/Gordon W. Allport/Ilse Lasch,4.36,807014265,9780810000000.0,eng,165,391,44,3/30/2000,Beacon Press (Boston)
4075,In Search of Memory: The Emergence of a New Science of Mind,Eric R. Kandel,4.1,393058638,9780390000000.0,eng,430,3958,172,02/01/2006,W. W. Norton & Company
4077,Search Engine Optimization for Dummies,Peter Kent,3.79,471979988,9780470000000.0,en-US,382,143,20,05/01/2006,For Dummies
4099,The Pragmatic Programmer: From Journeyman to Master,Andy Hunt/Dave Thomas,4.31,020161622X,9780200000000.0,eng,321,12563,699,10/30/1999,Addison-Wesley Professional
4100,Behind Closed Doors: Secrets of Great Management,Johanna Rothman/Esther Derby,3.96,976694026,9780980000000.0,en-US,176,840,63,9/26/2005,Pragmatic Bookshelf
4104,Blink: The Power of Thinking Without Thinking,Malcolm Gladwell,3.93,713997273,9780710000000.0,eng,278,832,118,01/11/2005,Penguin
4106,Blink 182,Anne Hoppus,4.42,859653234,9780860000000.0,eng,112,62,4,12/01/2001,Plexus Publishing Ltd
4108,I Blink: And Other Questions About My Body,Brigid Avison,3.92,753456109,9780750000000.0,eng,32,36,1,4/25/2003,Kingfisher
4117,The Great Good Thing (The Sylvie Cycle  #1),Roderick Townley,3.9,689837143,9780690000000.0,en-US,224,1782,197,09/01/2003,Simon & Schuster Childrens Books
4119,The Great Good Place: Cafes  Coffee Shops  Bookstores  Bars  Hair Salons  and Other Hangouts at the Heart of a Community,Ray Oldenburg,3.83,1569246815,9781570000000.0,eng,384,608,78,8/18/1999,Da Capo Press
4122,Built to Last: Successful Habits of Visionary Companies,James C. Collins/Jerry I. Porras,3.99,60566108,9780060000000.0,eng,368,53749,509,11/02/2004,Harper Business
4135,I Like You: Hospitality Under the Influence,Amy Sedaris,3.88,446578843,9780450000000.0,eng,304,37258,1401,10/16/2006,Warner Books (NY)
4140,Children Playing Before a Statue of Hercules,David Sedaris/Richard Yates/Dorothy Parker/Joyce Carol Oates/Lorrie Moore/Flannery O'Connor/Amy Hempel/Akhil   Sharma/Tim Johnston/Tobias Wolff/Sarah Vowell/Charles Baxter/Jhumpa Lahiri/Katherine Mansfield/Alice Munro/Jean Thompson/Frank Gannon/Patricia Highsmith/Jincy Willett,3.68,743276124,9780740000000.0,eng,344,6490,463,08/01/2005,Simon & Schuster
4144,Bringing Down The House,Ben Mezrich,3.89,99468239,9780100000000.0,en-GB,320,518,61,05/06/2004,Arrow
4162,Read for Your Life: 11 Ways to Better Yourself Through Books,Pat Williams/Peggy Matthews Rose,3.7,757305458,9780760000000.0,eng,311,82,17,06/01/2007,Hci
4165,The Hip-Hop Church: Connecting with the Movement Shaping Our Culture,Efrem Smith/Phil   Jackson,3.91,830833293,9780830000000.0,eng,227,21,4,12/15/2005,IVP Books
4167,The Final Season: Fathers  Sons  and One Last Season in a Classic American Ballpark,Tom Stanton,4.16,312291566,9780310000000.0,eng,256,216,25,05/08/2002,St. Martin's Griffin
4191,The Cold Six Thousand (Underworld USA #2),James Ellroy,4.01,037572740X,9780380000000.0,eng,688,5642,265,06/11/2002,Vintage
4200,White Teeth,Zadie Smith,3.77,140276335,9780140000000.0,eng,542,4202,406,1/25/2001,Penguin Books
4204,White Teeth,Zadie Smith,3.77,1417626283,9781420000000.0,eng,448,81,11,06/01/2001,Turtleback Books
4207,White Teeth,Zadie Smith,3.77,140297782,9780140000000.0,en-GB,542,1265,142,11/30/2000,Penguin
4216,Schiffbruch mit Zuschauer. Paradigma einer Daseinsmetapher,Hans Blumenberg,3.93,3518222635,9783520000000.0,ger,106,6,0,5/27/1997,Suhrkamp
4221,The Guide to Dan Brown's the Solomon Key,Greg  Taylor,2.98,875168167,9780880000000.0,en-US,183,34,2,9/30/2005,DeVorss & Company
4223,The Da Vinci Code (Robert Langdon  #2),Dan Brown,3.84,739326740,9780740000000.0,en-US,756,3645,407,3/28/2006,Random House Large Print
4227,Angels & Demons (Robert Langdon  #1),Dan Brown,3.89,743275063,9780740000000.0,en-US,528,1192,143,05/03/2005,Atria Books
4232,The Illuminati,Larry Burkett,3.71,1595540016,20049130001.0,eng,352,60,8,10/04/2004,Thomas Nelson
4241,The Illuminati Papers,Robert Anton Wilson,3.83,1579510027,9781580000000.0,en-US,168,710,22,12/11/1997,Ronin Publishing (CA)
4248,The Da Vinci Code,Dan Brown,3.84,1400079179,9781400000000.0,eng,489,13934,1459,3/28/2006,Anchor
4249,The Da Vinci Code (Robert Langdon  #2),Dan Brown/Paul Michael,3.84,739339788,9780740000000.0,eng,0,91,16,3/28/2006,Random House Audio
4250,El código Da Vinci (Robert Langdon  #2),Dan Brown/Juanjo Estrella,3.84,8495618605,9788500000000.0,spa,557,3276,190,10/17/2003,Umbriel
4251,Truth and Fiction in The Da Vinci Code: A Historian Reveals What We Really Know about Jesus  Mary Magdalene & Constantine,Bart D. Ehrman,3.64,195307135,9780200000000.0,en-US,207,533,50,5/18/2006,Oxford University Press  USA
4256,Harry Potter and the Prisoner of Azkaban (Harry Potter  #3),J.K. Rowling,4.56,074757362X,9780750000000.0,eng,480,3141,140,07/01/2008,Bloomsbury UK
4259,Housekeeping vs. the Dirt,Nick Hornby/Sarah Vowell/Jess Walter/Jennie Erdal/Joshua Ferris,3.88,1932416595,9781930000000.0,eng,153,2636,302,9/13/2006,McSweeney's
4260,The Polysyllabic Spree,Nick Hornby,3.73,1932416242,9781930000000.0,eng,143,6828,621,11/30/2004,McSweeney's
4261,Songbook,Nick Hornby,3.56,1573223565,9781570000000.0,eng,207,10066,341,10/07/2003,Riverhead Books
4263,My Favorite Year: A Collection of Football Writing,Nick Hornby/D.J. Taylor/Huw Richards/Chris Pierson/Roddy Doyle/Harry Ritchie/Harry Pearson/Olly Wicken/Graham Brack/Matt Nation/Ed Horton/Don  Watson,3.68,753814412,9780750000000.0,eng,288,393,4,08/01/2001,Orion Publishing
4264,Fever Pitch,Nick Hornby,3.74,1573226882,9781570000000.0,eng,247,28830,1069,03/01/1998,Riverhead Books
4267,High Fidelity,Nick Hornby,3.94,1573228214,9781570000000.0,en-US,323,827,101,03/01/2000,Riverhead Books
4273,About a Boy,Nick Hornby,3.8,141007338,9780140000000.0,eng,278,825,73,04/04/2002,Penguin
4277,The Complete Polysyllabic Spree,Nick Hornby,3.59,670916668,9780670000000.0,eng,278,450,63,09/07/2006,Viking
4278,Medicus (Gaius Petreius Ruso  #1),Ruth Downie,3.73,1596912316,9781600000000.0,eng,386,5723,695,03/06/2007,Bloomsbury Publishing PLC
4287,Middlesex Borough (Images of America: New Jersey),Middlesex Borough Heritage Committee,5.0,738511676,9780740000000.0,eng,128,2,0,3/17/2003,Arcadia Publishing
4295,David Foster Wallace's Infinite Jest: A Reader's Guide,Stephen J. Burn,3.82,082641477X,9780830000000.0,en-GB,96,900,48,5/20/2003,Bloomsbury Academic
4300,Scar Tissue,Anthony Kiedis,4.11,1401301010,9781400000000.0,en-US,465,327,46,10/06/2004,Hachette Books
4314,Monsieur Ibrahim et les fleurs du Coran,Éric-Emmanuel Schmitt,3.82,2226126260,9782230000000.0,fre,85,975,62,6/13/2001,Albin Michel
4315,Zaat,Sonallah Ibrahim/صنع الله إبراهيم/Anthony Calderbank,3.55,9774248449,9789770000000.0,ara,349,122,12,3/15/2004,American University in Cairo Press
4325,Dreamland,Sarah Dessen,3.91,142401757,9780140000000.0,eng,250,70043,3881,05/11/2004,Speak
4326,End Game (Dreamland  #8),Dale Brown/Jim DeFelice,4.02,60094427,9780060000000.0,eng,432,327,7,10/31/2006,HarperTorch
4329,H. P. Lovecraft's Dreamlands (Call of Cthulhu RPG),Chris  Williams/Sandy Petersen,3.97,1568821573,9781570000000.0,eng,260,98,2,02/02/2008,Chaosium
4331,Dreamland (Dreamland  #1),Dale Brown/Jim DeFelice,3.9,7109660,9780010000000.0,eng,375,1313,28,07/02/2001,HarperCollins Publishers Ltd
4332,Satan's Tail (Dreamland  #7),Dale Brown/Jim DeFelice,4.0,60094419,9780060000000.0,eng,405,339,9,7/26/2005,HarperTorch
4337,The Zanzibar Chest,Aidan Hartley,4.01,1594480117,9781590000000.0,en-US,496,2218,172,08/03/2004,Riverhead Books
4338,Dispatches from the Edge: A Memoir of War  Disasters  and Survival,Anderson Cooper,3.96,61132381,9780060000000.0,eng,212,7205,825,5/23/2006,Harper
4339,Dispatches,Michael Herr,4.23,679735259,9780680000000.0,eng,260,13108,795,08/06/1991,Vintage
4341,Dispatch,Bentley Little,3.62,451216776,9780450000000.0,en-US,386,1291,100,10/04/2005,Signet
4346,Dispatches from the Tenth Circle: The Best of the Onion,Robert D. Siegel/Todd Hanson/Carol Kolb/The Onion,4.21,609808346,9780610000000.0,eng,174,3472,30,09/04/2001,Three Rivers Press
4352,Hello! Is That Grandma?,Ian Whybrow/Deborah Allwright,3.53,439944392,9780440000000.0,en-GB,32,57,14,05/07/2007,Alison Green Books
4359,How Much is That Guinea Pig in the Window?,Joanne Rocklin/Meredith Johnson,4.0,590227165,9780590000000.0,en-US,48,27,7,10/01/1995,Scholastic  Inc.
4360,My War Gone By  I Miss It So,Anthony Loyd,4.29,140298541,9780140000000.0,eng,336,1505,119,02/01/2001,Penguin Books (NY)
4362,Night Draws Near: Iraq's People in the Shadow of America's War,Anthony Shadid,4.12,312426038,9780310000000.0,eng,507,643,61,09/05/2000,St. Martin's Press
4364,Maximum City: Bombay Lost and Found,Suketu Mehta,3.93,375703403,9780380000000.0,eng,542,9024,637,9/27/2005,Vintage
4370,Catfish and Mandala: A Two-Wheeled Voyage Through the Landscape and Memory of Vietnam,Andrew X. Pham,3.96,312267177,9780310000000.0,en-US,344,4820,524,09/02/2000,Picador USA
4372,When Broken Glass Floats: Growing Up Under the Khmer Rouge,Chanrithy Him,4.14,393322106,9780390000000.0,eng,336,3534,320,4/17/2001,W. W. Norton  Company
4373,First They Killed My Father: A Daughter of Cambodia Remembers,Loung Ung,4.35,60856262,9780060000000.0,eng,238,26524,2609,04/04/2006,Harper Perennial
4382,Fahrenheit 451,Ray Bradbury/Christopher Hurt,3.99,078617627X,9780790000000.0,eng,5,483,146,11/01/2005,Blackstone Audiobooks
4390,Los funerales de la Mamá Grande,Gabriel García Márquez,3.78,307350320,9780310000000.0,spa,160,4694,133,02/07/2006,Plaza y Janes
4394,Collected Novellas,Gabriel García Márquez/Gregory Rabassa/J.S. Bernstein,4.0,006093266X,9780060000000.0,eng,288,838,51,01/08/2008,Harper Perennial Modern Classics
4397,The Grapes of Wrath,John Steinbeck/Robert DeMott/Mick Wiggins,3.96,143039431,9780140000000.0,eng,464,7044,639,3/28/2006,Penguin Classics
4398,CliffsNotes on Steinbeck's The Grapes of Wrath,Kelly McGrath Vlcek/CliffsNotes/John Steinbeck,3.81,764585967,9780760000000.0,eng,112,30,5,06/05/2000,Cliffs Notes
4399,The Grapes of Wrath,John Steinbeck,3.96,582461537,9780580000000.0,eng,597,37,8,03/01/2001,Longman Schools Division (a Pearson Education Company)
4404,American Gods,Neil Gaiman,4.11,60010606,9780060000000.0,eng,635,1211,169,06/01/2001,PerfectBound (HarperCollins)
4405,American Gospel: God  the Founding Fathers  and the Making of a Nation,Jon Meacham,3.8,1400065550,9781400000000.0,eng,399,1876,244,04/04/2006,Random House (NY)
4407,American Gods (American Gods  #1),Neil Gaiman,4.11,747263744,9780750000000.0,eng,635,383045,15962,03/04/2005,Headline Review
4408,East of Eden,John Steinbeck,4.37,142004235,9780140000000.0,eng,601,3942,396,6/18/2002,Penguin Books
4411,Eden in the East: The Drowned Continent of Southeast Asia,Stephen Oppenheimer,3.98,753806797,9780750000000.0,eng,575,99,15,07/01/1999,Orion Publishing
4415,East Of Eden,John Steinbeck,4.37,553116088,9780550000000.0,eng,691,83,18,01/01/1977,Bantam Books
4417,Who Was John F. Kennedy?,Yona Zeldis McDonough/Nancy Harrison/Jill Weber,4.18,448437430,9780450000000.0,eng,112,679,116,12/29/2004,Grosset & Dunlap
4418,The Radical Right & the Murder of John F. Kennedy: Stunning Evidence in the Assassination of the President,Harrison Edward Livingstone,3.22,1412040558,9781410000000.0,en-US,615,9,0,10/06/2004,Trafford Publishing
4424,An Unfinished Life: John F. Kennedy  1917-1963,Robert Dallek,4.07,316907928,9780320000000.0,en-US,849,7981,307,05/04/2004,Back Bay Books
4434,Sellevision,Augusten Burroughs,3.56,1843543648,9781840000000.0,eng,229,175,9,01/01/2006,Atlantic
4435,Dry,Augusten Burroughs,4.03,1843541858,9781840000000.0,eng,295,1158,91,03/01/2005,Atlantic
4436,Running with Scissors,Augusten Burroughs,3.72,1843544857,9781840000000.0,en-GB,320,667,70,11/04/2006,Atlantic Books
4451,People of the Lie: The Hope for Healing Human Evil,M. Scott Peck,3.98,684848597,9780680000000.0,en-CA,272,6256,459,01/02/1998,Touchstone
4454,The Road Less Traveled: A New Psychology of Love  Traditional Values  and Spiritual Growth,M. Scott Peck,4.05,743243153,9780740000000.0,en-US,318,1314,98,02/04/2003,Touchstone
4465,The Adventures of Sherlock Holmes,Arthur Conan Doyle,4.36,1842055062,9781840000000.0,eng,189,5906,140,01/01/2004,Geddes & Grosset
4472,A Prayer for Owen Meany,John Irving,4.23,679642595,9780680000000.0,eng,641,1073,97,06/04/2002,Modern Library
4477,Complications: A Surgeon's Notes on an Imperfect Science,Atul Gawande/Susanne Kuhlmann-Krieg,4.26,312421702,9780310000000.0,eng,270,33828,2237,04/01/2003,Picador USA
4479,Sad Underwear and Other Complications: More Poems for Children and Their Parents,Judith Viorst/Richard  Hull,3.91,689833768,9780690000000.0,en-US,80,109,13,04/01/2000,Atheneum Books for Young Readers
4487,Bridget Jones: The Edge Of Reason (Bridget Jones #2),Helen Fielding,3.57,033036734X,9780330000000.0,eng,422,965,49,11/18/1999,Picador  Macmillan Publishers Ltd
4488,Bridget Jones's Guide to Life,Helen Fielding,3.49,142000213,9780140000000.0,en-US,64,1104,34,04/01/2001,Penguin Books
4515,Las luces de septiembre (Niebla  #3),Carlos Ruiz Zafón,3.77,8423671267,9788420000000.0,spa,279,5119,217,10/01/2005,Edebé
4519,A Framework for Understanding Poverty,Ruby K. Payne,3.9,1929229488,9781930000000.0,eng,199,3690,518,02/09/2006,AHA! Process
4520,El príncipe de la niebla (Trilogía de la Niebla  #1),Carlos Ruiz Zafón,3.7,61284386,9780060000000.0,spa,230,3602,325,11/21/2006,Rayo
4524,The Shadow of the Wind,Carlos Ruiz Zafón/Lucia Graves,4.26,753819317,9780750000000.0,eng,403,1278,175,10/28/2004,Phoenix
4525,Ruby for Rails: Ruby Techniques for Rails Developers,David A. Black/David Heinemeier Hansson,3.77,1932394699,9781930000000.0,eng,493,180,10,05/11/2006,Manning Publications
4540,About the B'nai Bagels,E.L. Konigsburg,3.57,440400341,9780440000000.0,eng,172,308,30,03/01/1985,Dell
4579,The Far Side of Evil,Sylvia Engdahl,3.98,142402931,9780140000000.0,eng,324,60,9,1/13/2005,Firebird
4580,Enchantress from the Stars,Sylvia Engdahl/Lois Lowry,3.95,142500372,9780140000000.0,eng,304,2045,230,2/24/2003,Firebird
4583,Everything Is Illuminated,Jonathan Safran Foer,3.9,60792175,9780060000000.0,eng,276,1764,191,8/23/2005,Harper Perennial
4584,Everything Is Illuminated,Jonathan Safran Foer,3.9,141008253,9780140000000.0,eng,276,5210,522,06/05/2003,Penguin Group
4588,Extremely Loud and Incredibly Close,Jonathan Safran Foer,3.98,618711651,9780620000000.0,eng,326,335477,19241,04/04/2006,Mariner Books
4591,Genome: the Autobiography of a Species in 23 Chapters,Matt Ridley,4.04,60894083,9780060000000.0,eng,344,20695,714,5/30/2006,Harper Perennial
4593,Bioinformatics: Sequence and Genome Analysis,David W. Mount,3.86,879697121,9780880000000.0,en-US,692,63,3,8/16/2004,Cold Spring Harbor Laboratory Press
4595,The Genome War: How Craig Venter Tried to Capture the Code of Life and Save the World,James Shreeve,3.83,345433742,9780350000000.0,eng,392,272,23,6/28/2005,Ballantine Books
4599,Carter Beats the Devil,Glen David Gold,4.09,786886323,9780790000000.0,eng,483,11095,880,9/18/2002,Hyperion
4600,Moo  Baa  La La La!,Sandra Boynton,4.2,689861133,9780690000000.0,eng,14,28925,527,09/06/2004,Simon & Schuster Childrens Books
4601,Click  Clack  Moo: Cows That Type,Doreen Cronin/Betsy Lewin,4.24,743461517,9780740000000.0,eng,30,348,33,06/01/2003,Pocket Books
4602,Dooby Dooby Moo,Doreen Cronin/Betsy Lewin,4.1,689845073,9780690000000.0,eng,40,7823,250,08/08/2006,Atheneum Books for Young Readers
4605,Moo,Jane Smiley,3.46,2743604913,9782740000000.0,fre,482,6441,492,06/01/1999,Rivages
4606,Sailor Moo: Cow at Sea,Lisa Wheeler/Ponder Goembel,4.07,689842198,9780690000000.0,eng,32,161,41,07/01/2002,Atheneum/Richard Jackson Books
4608,CliffsNotes on Heller's Catch-22,Charles A. Peek/CliffsNotes/Joseph Heller,3.55,822002965,9780820000000.0,eng,48,37,1,12/31/1975,Cliffs Notes
4610,Catch-22,Joseph Heller,3.98,99477319,9780100000000.0,eng,519,5517,452,10/06/1994,Vintage
4620,Geisha,Liza Dalby,4.0,520204956,9780520000000.0,eng,367,3730,142,10/01/1998,University of California Press
4623,Does Anything Eat Wasps?: And 101 Other Unsettling  Witty Answers to Questions You Never Thought You Wanted to Ask,New Scientist/Mick O'Hare,3.52,743297261,9780740000000.0,en-US,224,606,45,04/05/2006,Atria Books
4624,Chronik eines angekündigten Todes,Gabriel García Márquez/Curt Meyer-Clason,3.97,3462031953,9783460000000.0,ger,119,11,1,08/01/2002,Kiepenheuer & Witsch
4625,The Complete Short Stories of Ernest Hemingway,Ernest Hemingway/John Hemingway/Patrick Hemingway/Gregory H. Hemingway/Charles Scribner Jr.,4.29,684843323,9780680000000.0,eng,650,30081,649,08/03/1998,Scribner
4626,Hemingway & Bailey's Bartending Guide to Great American Writers,Mark Bailey/Edward Hemingway,3.9,1565124820,9781570000000.0,eng,97,132,24,10/13/2006,Algonquin Books
4627,For Whom The Bell Tolls,Ernest Hemingway,3.97,99481561,9780100000000.0,en-GB,490,162,7,05/05/2005,Vintage Classics
4631,A Moveable Feast,Ernest Hemingway,4.04,99285045,9780100000000.0,eng,192,82993,4808,09/06/2012,Vintage
4633,Islands in the Stream,Ernest Hemingway,3.88,743253426,9780740000000.0,eng,448,11265,471,7/22/2003,Scribner
4637,Berlin Blues,Sven Regener/John Brownjohn,3.87,99449234,9780100000000.0,eng,247,186,24,11/04/2004,Vintage
4641,The Short Stories,Ernest Hemingway,4.26,684837862,9780680000000.0,en-US,464,219,21,7/25/2002,Scribner Classics
4642,Hemingway's Cats: An Illustrated Biography,Carlene Fredericka Brennen/Hilary Hemingway,3.82,1561643424,9781560000000.0,eng,185,45,9,01/01/2005,Pineapple Press
4651,The Ernest Hemingway Audio Collection,Ernest Hemingway/Charlton Heston,4.3,694524980,9780690000000.0,en-US,4,43,6,05/08/2001,Caedmon
4653,Until I Find You,John Irving,3.63,552773123,9780550000000.0,eng,928,198,33,08/01/2006,Black Swan
4654,The Imaginary Girlfriend,John Irving,3.42,345458265,9780350000000.0,eng,208,1841,112,12/03/2002,Ballantine Books
4656,The Fourth Hand,John Irving,3.31,345463153,9780350000000.0,eng,368,25257,977,4/29/2003,Fawcett Books
4657,The Water-Method Man,John Irving,3.35,034541800X,9780350000000.0,eng,272,10479,251,6/23/1997,Ballantine Books
4658,Setting Free the Bears,John Irving,3.3,345417984,9780350000000.0,eng,304,8896,217,6/23/1997,Ballantine Books
4660,The 158-Pound Marriage,John Irving,3.24,345417968,9780350000000.0,en-US,176,11346,280,6/23/1997,Ballantine Books
4662,The Short Stories,F. Scott Fitzgerald/Matthew J. Bruccoli,4.23,684842505,9780680000000.0,eng,800,12039,164,4/15/1998,Scribner
4664,A Life in Letters,F. Scott Fitzgerald/Matthew J. Bruccoli,4.22,684801531,9780680000000.0,eng,528,186,13,05/03/1995,Scribner
4666,On Authorship,F. Scott Fitzgerald/Matthew J. Bruccoli/Judith S. Baughman,3.75,1570031460,9781570000000.0,eng,203,8,1,09/01/1996,University of South Carolina Press
4669,The St. Paul Stories of F. Scott Fitzgerald,F. Scott Fitzgerald/Dave Page/Patricia Hampl,4.0,873515129,9780870000000.0,en-US,328,100,11,9/24/2004,Minnesota Historical Society Press
4670,Tender is the Night,F. Scott Fitzgerald/Arnold Goldman/Richard Godden,3.82,141183594,9780140000000.0,en-GB,400,1354,140,6/28/2001,Penguin Classics
4673,The Great Gatsby,Kathleen Parkinson/F. Scott Fitzgerald,3.88,140771972,9780140000000.0,eng,144,557,28,11/25/2003,Penguin Global
4674,The Great Gatsby,F. Scott Fitzgerald/Tim Robbins,3.91,60098910,9780060000000.0,eng,6,258,58,10/01/2002,Caedmon
4675,The Great Gatsby,F. Scott Fitzgerald/Alexander Scourby,3.91,1572702567,9781570000000.0,eng,4,63,13,3/13/2002,Audio Partners
4676,Cliffs Notes on Fitzgerald's the Great Gatsby,Kate Maurer/F. Scott Fitzgerald/CliffsNotes,3.7,764586017,9780760000000.0,eng,96,78,13,06/05/2000,Cliffs Notes
4677,The Great Gatsby,F. Scott Fitzgerald,3.91,140620184,9780140000000.0,eng,188,2729,245,1/13/1994,Penguin Books
4680,Limitations (Kindle County Legal Thriller #7),Scott Turow,3.33,312426453,9780310000000.0,eng,208,1750,228,11/14/2006,Picador
4681,Reversible Errors (Kindle County Legal Thriller #6),Scott Turow,3.83,446612626,9780450000000.0,eng,553,5073,222,11/01/2003,Warner Vision
4682,The Laws Of Our Fathers (Kindle County Legal Thriller #4),Scott Turow,3.75,446604402,9780450000000.0,eng,817,3655,162,09/01/1997,Grand Central Publishing
4683,Personal Injuries (Kindle County Legal Thriller #5),Scott Turow,3.86,446608602,9780450000000.0,eng,528,5163,179,12/01/2000,Warner Books (NY)
4685,One L: The Turbulent True Story of a First Year at Harvard Law School,Scott Turow,3.67,446673781,9780450000000.0,eng,288,6093,447,09/01/1997,Warner Books (NY)
4686,Ultimate Punishment,Scott Turow,3.81,031242373X,9780310000000.0,eng,176,506,50,08/01/2004,St. Martins Press-3PL
4692,The Physician (Cole Family Trilogy  #1),Noah Gordon,4.37,751503894,9780750000000.0,eng,720,23114,1175,07/01/2001,Little  Brown Book Group
4693,Matters of Choice (Cole Family Trilogy  #3),Noah Gordon/Mirjana Cvekić/Ljiljana Cvekić,3.39,451187261,9780450000000.0,eng,448,2680,142,05/01/1997,Signet
4695,The Rabbi,Noah Gordon,3.69,449214540,9780450000000.0,eng,448,921,44,08/12/1987,Fawcett
4696,The Last Jew,Noah Gordon/Mirjana Cvekić/Ljiljana Cvekić,4.1,312300530,9780310000000.0,eng,352,4360,189,8/15/2000,St. Martin's Griffin
4698,The Frequencies,Noah Eli Gordon,4.32,974016713,9780970000000.0,eng,81,69,8,01/01/2003,Tougher Disguises
4700,Chamán (Familia Cole  #2),Noah Gordon/Elsa Mateo,4.12,849654642X,9788500000000.0,spa,768,493,24,6/30/2006,Zeta Bolsillo
4703,The Talking Horse and the Sad Girl and the Village Under the Sea: Poems,Mark Haddon,3.31,307275698,9780310000000.0,eng,60,418,37,04/11/2006,Vintage
4704,Ocean Star Express,Mark Haddon/Peter   Sutton,3.57,000664600X,9780010000000.0,eng,32,1,0,07/01/2002,HarperCollins UK
4714,The Damned and the Beautiful: American Youth in the 1920's,Paula S. Fass,3.76,195024923,9780200000000.0,spa,520,83,14,2/19/1978,Oxford University Press  USA
4717,This Side of Paradise (Paradise  #1),Steven L. Layne,3.73,1589802543,9781590000000.0,eng,224,549,80,3/31/2005,Pelican Publishing
4723,Trimalchio,F. Scott Fitzgerald/James L.W. West III,4.42,521890470,9780520000000.0,eng,214,41,4,4/25/2002,Cambridge University Press
4738,Souvenir of Canada 2,Douglas Coupland,3.83,1553650433,9781550000000.0,eng,144,332,9,05/10/2004,Douglas  McIntyre
4739,Souvenir of Canada,Douglas Coupland,3.85,1550549170,9781550000000.0,en-US,144,893,34,07/01/2002,Douglas  McIntyre
4742,The Illustrated Art of War,Sun Tzu/Samuel B. Griffith,3.97,019518999X,9780200000000.0,eng,272,91,11,10/15/2005,Oxford University Press  USA
4745,World War 3 Illustrated: Confrontational Comics,Scott   Cunningham/Peter Kuper/Seth Tobocman/Sabrina Jones,3.85,1568580398,9781570000000.0,eng,256,20,2,10/17/1995,Running Press
4746,Master Index: An Illustrated Guide,Time-Life Books,3.56,809447967,9780810000000.0,eng,175,16,1,09/01/1993,Time-Life Books  Inc.
4752,A New Hope: The Illustrated Screenplay (Star Wars  Episode IV),George Lucas,4.23,345420691,9780350000000.0,eng,166,11,0,3/24/1998,Del Rey
4764,Soul of the Sword: An Illustrated History of Weaponry and Warfare from Prehistory to the Present,Robert L. O'Connell/John    Batchelor,3.75,684844079,9780680000000.0,en-US,400,55,5,8/27/2002,Free Press
4767,Star Wars Episode 1: The Phantom Menace Illustrated Screenplay,George Lucas,3.92,345431103,9780350000000.0,eng,150,259,9,4/21/1999,Del Rey Books
4777,Warfare in the Classical World: An Illustrated Encyclopedia of Weapons  Warriors  and Warfare in the Ancient Civilizations of Greece and Rome,John Warry/Phillip de ste. Croix,4.14,806127945,9780810000000.0,eng,224,383,19,10/15/1995,University of Oklahoma Press
4796,The Winter of Our Discontent,John Steinbeck/Susan Shillinglaw,3.99,143039482,9780140000000.0,eng,336,32091,1517,8/26/2008,Penguin Classics
4799,Cannery Row,John Steinbeck,4.04,014200068X,9780140000000.0,eng,181,96408,3909,02/05/2002,Penguin Books
4801,The Grapes of Wrath and Other Writings 1936–1941: The Long Valley / The Grapes of Wrath / The Log from the Sea of Cortez / The Harvest Gypsies,John Steinbeck/Elaine Steinbeck/Robert DeMott,4.41,1883011159,9781880000000.0,eng,1088,884,25,09/01/1996,Library of America
4802,Tortilla Flat,John Steinbeck,3.83,141185112,9780140000000.0,en-GB,154,438,38,09/07/2000,Penguin Classics
4803,The Log from the Sea of Cortez,John Steinbeck/Richard Astro,3.84,141186070,9780140000000.0,eng,288,3427,276,1/18/2001,Penguin Books Ltd
4805,The Illustrated Longitude: The True Story of a Lone Genius Who Solved the Greatest Scientific Problem of His Time,Dava Sobel/William J.H. Andrewes/William J. H. Andrewes,3.97,802775934,9780800000000.0,eng,224,179,20,10/01/2003,Walker Books
4806,Longitude: The True Story of a Lone Genius Who Solved the Greatest Scientific Problem of His Time,Dava Sobel/Neil Armstrong,3.97,802714625,9780800000000.0,eng,192,47453,1865,10/01/2005,Walker Books
4808,Latitude and Longitude (Rookie Read-About Geography),Rebecca Aberg/Jeanne Clidas,3.53,516277650,9780520000000.0,eng,32,1,0,09/01/2003,Children's Press(CT)
4812,The Quest for Longitude: The Proceedings of the Longitude Symposium  Harvard University  Cambridge  Massachusetts  November 4-6  1993,William Andrewes,4.5,964432900,9780960000000.0,eng,437,10,2,10/01/1996,Collection of Historical Scientific Instruments
4813,1421: The Year China Discovered America,Gavin Menzies,3.6,006054094X,9780060000000.0,eng,650,11751,893,01/01/2004,Harper Perennial (NYC)
4817,Dr. Desirable,Kristi Gold,3.27,373764219,9780370000000.0,eng,192,20,1,1/25/2002,Silhouette Desire
4820,Mayflower: A Story of Courage  Community  and War,Nathaniel Philbrick,3.87,670037605,9780670000000.0,eng,461,31384,2255,05/09/2006,Viking
4824,Before the Mayflower: A History of Black America,Lerone Bennett Jr.,4.44,874850916,9780870000000.0,eng,796,6,2,10/23/2003,Johnson Publishing Company (IL)
4829,Before The Mayflower A History of Black America,Lerone Bennett Jr.,4.44,140072144,9780140000000.0,en-US,70,26,1,05/01/1984,Penguin Books
4830,Shalimar the Clown,Salman Rushdie,3.88,679783482,9780680000000.0,eng,398,11418,743,10/10/2006,Random House Trade
4832,Midnight's Children,Salman Rushdie,3.98,330267140,9780330000000.0,eng,463,364,46,04/08/1982,Picador
4835,Haroun and the Sea of Stories (Khalifa Brothers  #1),Salman Rushdie/Paul Birkbeck,4.01,670886580,9780670000000.0,eng,224,22378,1613,8/27/1999,Viking Children's Books
4836,Fury,Salman Rushdie,3.29,99421860,9780100000000.0,eng,272,6711,354,09/05/2002,Vintage
4845,Code Complete,Steve McConnell,4.29,735619670,9780740000000.0,en-US,914,7059,326,6/19/2004,Microsoft Press
4864,Dale Carnegie's Lifetime Plan for Success: How to Win Friends and Influence People & How to Stop Worrying and Start Living,Dale Carnegie,4.17,1578660394,9781580000000.0,eng,538,111,6,6/15/1998,Galahad Books
4866,How to Stop Worrying and Start Living,Dale Carnegie,4.12,671035975,9780670000000.0,eng,358,61639,1607,10/05/2004,Gallery Books
4870,How To Enjoy Your Life And Your Job,Dale Carnegie/Dorothy Carnegie,3.96,671708260,9780670000000.0,eng,224,1907,121,01/02/1990,Pocket Books
4873,The Leader In You: How to Win Friends  Influence People and Succeed in a Changing World,Dale Carnegie/Stuart R. Levine/Michael A. Crom,4.08,671519980,9780670000000.0,eng,256,3713,103,05/01/1995,Pocket Books
4887,The Drama of the Gifted Child: The Search for the True Self,Alice   Miller/Ruth Ward,4.09,465016901,9780470000000.0,eng,144,12436,619,7/22/2008,Basic Books
