bookID,title,authors,average_rating,isbn,isbn13,language_code,  num_pages,ratings_count,text_reviews_count,publication_date,publisher
42435,In Harm's Way: The Sinking of the USS Indianapolis and the Extraordinary Story of Its Survivors,Doug Stanton,4.29,805073663,9780810000000.0,eng,339,16684,892,05/01/2003,Owl Books
42438,Harm's Way,Elizabeth Stewart,3.36,1419950584,9781420000000.0,eng,261,13,5,5/27/2005,Ellora's Cave
42439,Harm's Way: Lust & Madness & Murder & Mayhem,Joel-Peter Witkin/Stanley B. Burns,4.54,944092284,9780940000000.0,eng,132,58,3,10/01/1994,Twin Palms Publishers
42444,I Like Winter (Seasons  #3),Lois Lenski/Heidi Kilgras,3.94,375810684,9780380000000.0,eng,56,65,9,10/24/2000,Random House Books for Young Readers
42447,Strawberry Girl,Lois Lenski,3.87,64405850,9780060000000.0,eng,208,11143,423,4/26/2005,HarperCollins
42485,Betsy-Tacy and Tib (Betsy-Tacy  #2),Maud Hart Lovelace/Lois Lenski,4.17,006024416X,9780060000000.0,eng,128,83,16,11/09/1994,HarperCollins
42489,After Collapse: The Regeneration of Complex Societies,Glenn M. Schwartz,4.0,816525099,9780820000000.0,eng,336,0,0,5/25/2006,University of Arizona Press
42501,Seize The Fire,Elda Minger,4.0,373161174,9780370000000.0,eng,249,3,0,7/25/1985,Harlequin American Romance
42512,We Were Soldiers Once... and Young: Ia Drang - The Battle that Changed the War in Vietnam,Harold G. Moore/Joseph L. Galloway,4.31,034547581X,9780350000000.0,eng,480,21876,451,11/23/2004,Presidio Press
42513,We Were Soldiers Once ... and Young (Ia Drang - the Battle That Changed the War in Vietnam),Harold G. Moore/Joseph L. Galloway,4.31,60506989,9780060000000.0,eng,535,166,24,02/05/2002,HarperTorch
42514,We were Soldiers Once... and young,Harold G. Moore/Joseph L. Galloway,4.31,552150266,9780550000000.0,eng,528,153,10,03/01/2002,Corgi
42519,Eisenhower: Soldier and President,Stephen E. Ambrose,3.98,671747584,9780670000000.0,eng,640,10718,126,10/15/1991,Simon  Schuster
42525,Dwight D. Eisenhower (The American Presidents  #34),Tom Wicker/Arthur M. Schlesinger Jr.,3.84,805069070,9780810000000.0,en-US,176,248,30,11/05/2002,Times Books
42528,Crusade in Europe,Dwight D. Eisenhower,4.08,080185668X,9780800000000.0,eng,559,1212,63,06/06/1997,Johns Hopkins University Press
42529,Total Cold War: Eisenhower's Secret Propaganda Battle at Home and Abroad,Kenneth Osgood,3.85,700614451,9780700000000.0,eng,506,18,1,2/23/2006,University Press of Kansas
42533,So Far from God: The U.S. War With Mexico  1846-1848,John S.D. Eisenhower,3.93,806132795,9780810000000.0,eng,464,271,29,9/15/2000,University of Oklahoma Press
42536,Yanks: The Epic Story of the American Army in World War I,John S.D. Eisenhower/Joanne Thompson Eisenhower,3.72,743223853,9780740000000.0,eng,368,110,15,06/04/2002,Free Press
42543,Eisenhower  Volume #2: The President,Stephen E. Ambrose,4.2,671605658,9780670000000.0,eng,749,95,13,10/01/1985,Touchstone Books
42547,The Autobiography of Martin Luther King  Jr.,Martin Luther King Jr./Clayborne Carson,4.35,446676500,9780450000000.0,eng,400,14025,547,01/01/2001,Grand Central Publishing
42558,Bull Halsey,E.B. Potter,4.16,1591146917,9781590000000.0,eng,440,56,6,4/21/2003,US Naval Institute Press
42573,The Water Babies,Charles Kingsley/W. Heath Robinson,3.42,1853261483,9781850000000.0,eng,224,6148,318,12/05/1994,Wordsworth Editions
42579,Water  Water Everywhere: A Splash & Giggle Bath Book (Baby Einstein),Julie Aigner-Clark/Nadeem Zaidi,3.71,786819111,9780790000000.0,eng,10,79,10,09/01/2003,Hyperion Books for Children
42589,Shoot the Piano Player,David Goodis,4.02,679732543,9780680000000.0,eng,158,2768,143,10/03/1990,Vintage Crime/Black Lizard
42594,CliffsNotes on Shakespeare's Twelfth Night,James Lamar Roberts/CliffsNotes/William Shakespeare,4.16,822000946,9780820000000.0,eng,64,11,2,9/20/1960,Cliffs Notes
42597,Twelfth Night: Or What You Will,William Shakespeare/Elizabeth Story Donno/Penny Gay,3.98,052153514X,9780520000000.0,eng,186,62,7,3/15/2004,Cambridge University Press
42602,How to Spell Like a Champ,Barrie Trinkle/Paige Kimble/Carolyn  Andrews,4.17,761143696,9780760000000.0,eng,192,46,7,11/16/2006,Workman Publishing Company
42603,Black Like Me,John Howard Griffin,4.13,451208641,9780450000000.0,eng,208,53790,2118,05/06/2003,Berkley Books
42604,Men Are Like Waffles  Women Are Like Spaghetti,Bill Farrel/Pam Farrel,3.88,736904867,9780740000000.0,eng,253,952,117,01/01/2001,Harvest House Publishers
42606,As You Like It,William Shakespeare/Arkangel Cast/Victoria Hamilton/Niamh Cusack/Stephen Mangan,3.83,1932219048,9781930000000.0,en-US,2,28,6,09/06/2005,The Audio Partners
42607,As You Like It,William Shakespeare,3.83,074348486X,9780740000000.0,eng,263,62368,1291,8/23/2011,Simon Schuster
42609,As You Like It,William Shakespeare/Juliet Dusinberre,3.83,1904271227,9781900000000.0,eng,449,410,36,7/25/2006,Bloomsbury Arden Shakespeare
42612,As You Like It (No Fear Shakespeare),William Shakespeare/SparkNotes/John Crowther,3.83,1411401042,9781410000000.0,eng,256,265,36,6/22/2004,SparkNotes
42615,War of the Rats,David L. Robbins,4.11,055358135X,9780550000000.0,eng,512,1800,127,06/06/2000,Bantam
42622,Nimitz Class (Admiral Arnold Morgan  #1),Patrick Robinson,3.92,60564423,9780060000000.0,eng,495,5402,97,02/03/2004,Harper Paperbacks
42625,Nimitz Class (Admiral Arnold Morgan  #1),Patrick Robinson,3.92,61096849,9780060000000.0,eng,528,1,0,1/23/1998,HarperTorch
42631,Having a Mary Heart in a Martha World: Finding Intimacy with God in the Busyness of Life,Joanna Weaver,4.18,1578562589,9781580000000.0,eng,256,14711,442,7/18/2000,Waterbrook Press
42632,Thirst,Mary Oliver,4.36,807068969,9780810000000.0,eng,88,3689,351,10/15/2006,Beacon Press
42634,The Gilded Web (Web  #1),Mary Balogh,3.58,440243068,9780440000000.0,eng,480,2621,169,11/28/2006,Dell
42641,Resurrection,Leo Tolstoy/Louise Maude/Aylmer Maude,4.13,735102864,9780740000000.0,eng,562,11468,530,02/01/2000,Replica Books
42647,Cold Mountain,Charles Frazier,3.86,871136791,9780870000000.0,eng,356,1088,127,5/16/1997,Atlantic Monthly Press (NYC)
42652,Red Road From Stalingrad: Recollections of a Soviet Infantryman,Mansur Abdulin/Artem Drabkin,4.1,184415145X,9781840000000.0,en-US,195,82,4,1/19/2005,Pen & Sword Military
42661,The Fall of Berlin 1945,Antony Beevor,4.29,142002801,9780140000000.0,eng,490,10230,326,4/29/2003,Penguin Books
42662,Paris: After the Liberation 1944-1949,Antony Beevor/Artemis Cooper,3.83,142437921,9780140000000.0,eng,464,542,48,8/31/2004,Penguin Books
42668,Demon Angel (The Guardians  #1),Meljean Brook,3.53,425213471,9780430000000.0,eng,432,2704,237,01/02/2008,Berkley Sensation
42682,Mariel Hemingway's Healthy Living from the Inside Out: Every Woman's Guide to Real Beauty  Renewed Energy  and a Radiant Life,Mariel Hemingway,3.89,60890398,9780060000000.0,eng,288,175,22,12/26/2006,HarperOne
42688,Hemingway vs. Fitzgerald,Scott Donaldson,3.85,1585671266,9781590000000.0,eng,352,185,19,12/01/2001,Harry N. Abrams
42691,The Haj,Leon Uris,4.03,553248642,9780550000000.0,eng,525,11372,396,05/01/1985,Bantam
42692,Mila 18,Leon Uris,4.29,553241605,9780550000000.0,eng,563,21662,485,11/01/1983,Bantam
42693,A God in Ruins,Leon Uris,3.26,61097934,9780060000000.0,eng,517,1208,104,09/05/2000,Avon
42694,Battle Cry,Leon Uris,4.15,006075186X,9780060000000.0,eng,694,8323,137,6/28/2005,Avon
42695,The Angry Hills,Leon Uris,3.67,553277871,9780550000000.0,eng,245,1163,50,01/01/1984,Bantam
42697,Exodus,Leon Uris,4.34,553258478,9780550000000.0,eng,608,85927,1520,10/01/1986,Bantam Books  Inc.
42698,Oh  Play That Thing,Roddy Doyle,3.29,014303605X,9780140000000.0,en-US,384,1545,105,10/25/2005,Penguin Books
42701,The Van (The Barrytown Trilogy  #3),Roddy Doyle,3.94,140260021,9780140000000.0,eng,320,5718,164,03/01/1997,Penguin Books
42706,Fish & Chips (The Barrytown Trilogie  #3),Roddy Doyle/Renate Orth-Guttmann,3.94,3596153026,9783600000000.0,ger,314,2,0,10/01/2002,Fischer Taschenbuch Verlag
42714,The Giggler Treatment,Roddy Doyle/Brian Ajhar,4.17,439993857,9780440000000.0,en-GB,112,1425,149,7/20/2001,Scholastic  Inc.
42718,A Star Called Henry,Roddy Doyle,3.84,99284480,9780100000000.0,eng,342,6885,438,09/07/2000,Vintage
42719,The Van,Roddy Doyle,3.94,043620052X,9780440000000.0,eng,312,30,4,08/04/1991,Secker and Warburg
42728,Rover rettet Weihnachten.,Roddy Doyle/Brian Ajhar,4.12,3570127214,9783570000000.0,ger,160,1,0,09/01/2002,Omnibus Hc Bei Bertelsmann
42738,The Snapper,Roddy Doyle,3.93,3596153034,9783600000000.0,ger,217,26,5,09/01/2002,Fischer TB
42741,Yeats Is Dead,Roddy Doyle/Frank McCourt/Conor McPherson/Gene Kerrigan/Gina Moxley/Marian Keyes/Pauline McLynn/Tom Humphries/Joseph O'Connor/Anthony Cronin/Owen O'Neill/Hugo Hamilton/Charlie O'Neill/Gerard Stembridge/Donal O'Kelly,3.4,99422344,9780100000000.0,eng,298,34,4,06/06/2002,Vintage
42758,The Fantastic Vampire: Studies in the Children of the Night: Selected Essays from the Eighteenth International Conference on the Fantastic in the Arts,James Craig Holte,0.0,313309337,9780310000000.0,eng,176,0,0,3/30/2002,Greenwood Press
42763,A Dracula Handbook,Elizabeth Russell Miller,4.07,1413480942,9781410000000.0,eng,200,10,1,3/23/2005,Xlibris Corporation
42772,Real Estate Loopholes: Secrets of Successful Real Estate Investing,Diane  Kennedy/Garrett Sutton/Robert T. Kiyosaki,4.15,446691356,9780450000000.0,eng,240,721,9,12/31/2003,Warner Books (NY)
42777,Hope is the Thing with Feathers: A Personal Chronicle of Vanished Birds,Christopher Cokinos,4.22,446677493,9780450000000.0,eng,384,308,33,04/01/2001,Warner Books (NY)
42797,Goodbye Forever (Sweet Dreams  #72),Barbara Conklin,3.76,055324356X,9780550000000.0,eng,135,56,0,12/31/1984,Bantam Books
42798,Winter Dreams (Sweet Dreams  #141),Barbara Conklin,3.85,553270621,9780550000000.0,eng,176,104,4,02/01/1988,Bantam Books
42802,First  Last and Always (Sweet Dreams  #96),Barbara Conklin,3.76,553251791,9780550000000.0,eng,160,65,2,09/01/1985,Bantam Books
42808,P.S. I Love You (Sealed with a Kiss #4),Valerie Parv,2.83,373033664,9780370000000.0,eng,192,23,1,4/24/1995,Harlequin Romance
42811,PS I Love You Baby Collection,Lynda Milligan/Nancy J. Smith,4.43,962247723,9780960000000.0,en-US,79,7,0,12/31/1990,Possibilities
42818,Tales from Margaritaville,Jimmy Buffett,3.9,156026988,9780160000000.0,en-US,230,2450,175,06/03/1989,Fawcett
42819,A Pirate Looks at Fifty,Jimmy Buffett/Leona Nevler,3.83,449005860,9780450000000.0,eng,420,3036,216,11/28/1999,Fawcett
42831,The Parrot-Head Companion: An Insider's Guide to Jimmy Buffett,Thomas Ryan,2.83,806520159,9780810000000.0,eng,176,6,0,01/01/1998,Citadel Press
42849,The Dog Who Loved Too Much: Tales  Treatments and the Psychology of Dogs,Nicholas Dodman,4.08,553375261,9780550000000.0,eng,258,691,35,03/03/1997,Bantam
42854,Barack Obama: Working to Make a Difference,Marlene Targ Brill/Lerner Publishing Group,3.96,822560569,9780820000000.0,en-US,48,19,5,04/01/2006,Lerner Publications
42855,Great Speeches by African Americans: Frederick Douglass  Sojourner Truth  Dr. Martin Luther King  Jr.  Barack Obama  and Others,James Daley/Barack Obama/Martin Luther King Jr.,4.3,486447618,9780490000000.0,eng,160,230,21,4/28/2006,Dover Publications
42862,The Heart of a Leader,Kenneth H. Blanchard,3.96,1562924885,9781560000000.0,en-US,162,542,33,06/01/1999,David C. Cook
42863,Mission Possible,Kenneth H. Blanchard,3.44,71348271,9780070000000.0,eng,242,0,0,4/30/1999,McGraw-Hill Companies
42864,Lead Like Jesus: Lessons from the Greatest Leadership Role Model of All Time,Kenneth H. Blanchard/Phil Hodges,4.04,849918723,9780850000000.0,en-US,239,808,41,03/01/2007,W Publishing Group
42866,The Little Book of Coaching: Motivating People to Be Winners,Kenneth H. Blanchard/Don Shula,3.65,66621038,9780070000000.0,en-US,128,73,12,1/23/2001,Harper Business
42867,Full Steam Ahead!: Unleash the Power of Vision in Your Work and Your Life,Kenneth H. Blanchard/Jesse Stoner,3.76,1576753069,9781580000000.0,en-US,192,156,15,10/01/2004,Berrett-Koehler Publishers
42869,The Servant Leader,Kenneth H. Blanchard,4.09,849996597,23755004321.0,eng,128,276,26,03/11/2003,Thomas Nelson
42876,Down Under,Bill Bryson,4.07,055299703X,9780550000000.0,eng,398,4510,392,08/06/2001,Black Swan
42878,A Walk in the Woods: Rediscovering America on the Appalachian Trail,Bill Bryson,4.06,767902513,9780770000000.0,eng,276,1405,266,05/04/1998,Bantam Doubleday Dell Publishing Group
42880,Bizarre World,Bill  Bryson/Kathryn Lamb,3.38,751510610,9780750000000.0,eng,120,73,6,05/01/2001,Little  Brown Book Group
42882,The Life and Times of the Thunderbolt Kid: A Memoir,Bill Bryson,3.94,767919378,9780770000000.0,en-US,268,1329,250,9/25/2007,Broadway Books
42883,Bill Bryson: The Complete Notes,Bill Bryson,4.09,038560131X,9780390000000.0,eng,544,901,36,10/05/2000,Doubleday
42885,Motel Blues,Bill Bryson/David B. Ellis,3.83,2228897353,9782230000000.0,fre,399,17,3,4/15/2003,Payot
42891,Journeys in English,Bill Bryson,3.72,563496266,9780560000000.0,eng,3,510,60,02/02/2004,BBC Physical Audio
42895,Una breve historia de casi todo,Bill Bryson/José Manuel Álvarez,4.21,8478713808,9788480000000.0,spa,567,713,68,4/30/2006,Rba Libros
42898,Lover Revealed (Black Dagger Brotherhood  #4),J.R. Ward,4.3,451412354,9780450000000.0,eng,480,106469,3691,03/06/2007,Onyx
42899,Dark Lover (Black Dagger Brotherhood  #1),J.R. Ward,4.2,451216954,9780450000000.0,eng,393,259511,10475,09/06/2005,Penguin Group (USA)
42900,Lover Awakened (Black Dagger Brotherhood  #3),J.R. Ward,4.45,451219368,9780450000000.0,eng,448,144906,5728,09/05/2006,Signet
42909,All Things Wise and Wonderful,James Herriot,4.41,312335288,9780310000000.0,eng,448,22780,366,11/01/2004,St. Martin's Griffin
42915,CliffsNotes on Remarque's All Quiet on the Western Front,Susan Van Kirk/CliffsNotes/Erich Maria Remarque,4.24,764586718,9780760000000.0,eng,112,12,0,12/20/2000,Cliffs Notes
42916,All Quiet on the Western Front,Erich Maria Remarque,3.97,449231801,9780450000000.0,en-GB,256,64,4,03/12/1987,Fawcett Crest
42924,The Nightingale's Song,Kathleen Eschenburg,3.88,380815699,9780380000000.0,eng,384,16,3,10/30/2001,HarperTorch
42926,Nightingale's Song,Kate Pennington,3.02,340878754,9780340000000.0,en-GB,219,40,5,10/19/2006,Hachette Children's
42929,Gai-Jin (Asian Saga  #3),James Clavell,3.86,044021680X,9780440000000.0,eng,1236,10757,296,04/03/1994,Dell
42932,Whirlwind (Asian Saga  #6),James Clavell,3.82,340766182,9780340000000.0,eng,1231,5626,164,12/02/1999,Morrow
42933,Tai-Pan (Asian Saga  #2),James Clavell,4.27,440184622,9780440000000.0,eng,734,39315,778,09/01/2009,Dell
42934,Escape: The Love Story from Whirlwind,James Clavell,3.63,340654163,9780340000000.0,eng,584,276,14,07/01/1999,Hodder & Stoughton
42953,Alaska,James A. Michener,4.12,037576142X,9780380000000.0,eng,868,9330,590,11/12/2002,Dial Press Trade Paperback
42955,The Drifters,James A. Michener,4.04,449213536,9780450000000.0,eng,768,6253,353,10/12/1986,Fawcett Books
42956,Sayonara,James A. Michener,3.81,449204146,9780450000000.0,eng,208,1848,104,09/12/1983,Fawcett
42959,The Bridge at Andau,James A. Michener,3.94,449210502,9780450000000.0,en-US,288,1135,158,09/12/1985,Fawcett
42960,Caribbean,James A. Michener,3.93,812974921,9780810000000.0,eng,672,4718,232,12/13/2005,Dial Press
42986,War and Remembrance (The Henry Family  #2),Herman Wouk,4.41,316954993,9780320000000.0,eng,1042,29555,680,02/05/2002,Back Bay Books
42988,Don't Stop the Carnival,Herman Wouk,3.93,316955124,9780320000000.0,eng,416,2700,298,5/15/1992,Back Bay Books
42989,The Hope (The Hope and the Glory  #1),Herman Wouk,4.15,316954411,9780320000000.0,eng,704,2336,141,06/03/2002,Back Bay Books
42990,Youngblood Hawke,Herman Wouk,4.04,316955175,9780320000000.0,en-US,783,1248,68,5/15/1992,Back Bay Books
42993,Aurora Dawn,Herman Wouk,3.47,316955094,9780320000000.0,en-US,288,213,20,4/15/1992,Back Bay Books
43010,The Curious Incident of the Dog in the Night-Time,Mark Haddon,3.88,1419317261,9781420000000.0,eng,6,614,119,12/01/2006,Recorded Books
43015,A Long Way Gone: Memoirs of a Boy Soldier,Ishmael Beah,4.16,374105235,9780370000000.0,eng,229,147820,9547,2/13/2007,Sarah Crichton Books
43017,Yellow Back Radio Broke-Down,Ishmael Reed,3.83,1564782387,9781560000000.0,eng,177,496,38,05/01/2000,Dalkey Archive Press
43027,Anthem,Ayn Rand,3.63,452286352,9780450000000.0,eng,256,470,67,12/28/2004,NAL
43028,Sorrow's Anthem (Lincoln Perry  #2),Michael Koryta,3.89,312936605,9780310000000.0,eng,330,62,7,01/02/2007,St. Martin's Paperbacks
43035,White Fang,Jack London,3.98,439236193,9780440000000.0,eng,252,119589,3124,01/01/2001,Scholastic Paperbacks
43037,The Call of the Wild  White Fang and Other Stories,Jack London,3.99,192835149,9780190000000.0,eng,400,18720,192,8/20/1998,Oxford University Press  USA
43039,White Fang,Kathleen Olmstead/Jack London/Dan Andreasen/Arthur Pober,4.24,1402725000,9781400000000.0,en-US,160,713,31,3/28/2006,Sterling
43044,The Sea-Wolf and Selected Stories,Jack London/Ben Bova,4.06,451529367,9780450000000.0,eng,352,781,40,05/04/2004,Signet Classics
43045,The Death of an Irish Sea Wolf (Peter McGarr  #12),Bartholomew Gill,3.74,380725789,9780380000000.0,eng,304,135,12,10/01/1997,Avon
43046,Jack London Illustrated: The Call of the Wild/White Fang/The Sea-Wolf/40 Short Stories,Jack London,4.26,517309807,9780520000000.0,eng,761,20,1,10/02/1993,Random House Value Publishing
43049,The Sea Wolf,Jack London,4.04,1598184318,9781600000000.0,eng,425,19091,851,06/01/2005,Alan Rodgers Books
43051,Kilo Class (Admiral Arnold Morgan  #2),Patrick Robinson,4.05,61096857,9780060000000.0,eng,512,1738,58,03/03/1999,HarperPaperbacks
43058,Barracuda 945 (Admiral Arnold Morgan  #6),Patrick Robinson,3.97,60086637,9780060000000.0,eng,498,1119,27,6/29/2004,HarperTorch
43059,H.M.S. Unseen (Admiral Arnold Morgan  #3),Patrick Robinson/Sandler/David McCallum,4.01,61098019,9780060000000.0,eng,544,2076,38,03/01/2000,HarperTorch
43060,Slider,Patrick Robinson,4.13,006058033X,9780060000000.0,en-US,416,66,7,4/27/2004,It Books
43061,U.S.S. Seawolf (Admiral Arnold Morgan  #4),Patrick Robinson,3.96,61030651,9780060000000.0,eng,496,1581,46,05/01/2001,HarperTorch
43063,Menace Invisible (Admiral Arnold Morgan  #3),Patrick Robinson,4.01,2226114971,9782230000000.0,fre,384,3,0,03/01/2000,Albin Michel
43068,True Blue: The Oxford Boat Race Mutiny,Daniel Topolski/Patrick Robinson,4.24,553400037,9780550000000.0,en-US,320,69,13,2/23/1990,Bantam
43072,A Picture Book of Anne Frank,David A. Adler/Karen Ritz,4.18,823410781,9780820000000.0,en-US,32,217,70,01/01/1993,Holiday House
43073,Who Was Anne Frank?,Ann Abramson/Nancy Harrison,4.26,448444828,9780450000000.0,eng,103,1953,293,1/18/2007,Penguin Workshop
43074,Enslaved by Ducks,Bob Tarte,3.44,1565124502,9781570000000.0,eng,308,2263,448,10/01/2004,Algonquin Books
43076,Ice Castles,Leonore Fleischer,3.87,044970081X,9780450000000.0,eng,220,161,19,03/12/1982,Fawcett
43081,Marching Powder: A True Story of Friendship  Cocaine  and South America's Strangest Jail,Rusty Young/Thomas McFadden,4.26,312330340,9780310000000.0,eng,400,11121,522,05/01/2004,St. Martin's Griffin
43082,Marching Powder,Rusty Young,4.26,330419587,9780330000000.0,eng,371,906,94,07/01/2004,Pan MacMillan
43084,Nations and Nationalism since 1780: Programme  Myth  Reality,Eric Hobsbawm,3.9,521439612,9780520000000.0,eng,214,1175,39,10/30/1992,Cambridge University Press
43087,Interesting Times: A Twentieth-Century Life,Eric Hobsbawm,4.06,1565849655,9781570000000.0,eng,448,374,24,5/16/2005,New Press
43089,Industry and Empire: The Birth of the Industrial Revolution,Eric Hobsbawm/Chris Wrigley,3.92,1565845617,9781570000000.0,eng,411,301,14,09/01/1999,The New Press
43098,The Communist Manifesto,Karl Marx/Friedrich Engels/Eric Hobsbawm,3.55,1859848982,9781860000000.0,eng,88,309,38,05/01/1998,Verso
43101,On the Edge of the New Century,Eric Hobsbawm/Allan Cameron/Antonio Polito,3.71,1565846710,9781570000000.0,eng,192,82,5,05/01/2001,New Press
43106,The Age of Extremes: The Short Twentieth Century  1914-1991,Eric Hobsbawm,4.25,349106711,9780350000000.0,eng,638,348,24,11/12/1995,Abacus
43110,Echoes of the Marseillaise: Two Centuries Look Back on the French Revolution,Eric Hobsbawm,3.52,813515246,9780810000000.0,eng,168,57,7,04/01/1990,Rutgers University Press
43128,Winter Is the Warmest Season,Lauren Stringer,3.9,152049673,9780150000000.0,eng,40,408,83,10/01/2006,Harcourt
43129,Winter (Four Seasons  #4),Núria Roca/Rosa María Curto,3.82,764127314,9780760000000.0,eng,36,7,1,6/30/2004,Barron's Educational Series
43130,It's Winter,Linda Glaser/Glaser Linda/Susan Swan,3.64,761316809,9780760000000.0,eng,32,88,14,09/01/2002,First Avenue Editions (Tm)
43132,Winter Season: A Dancer's Journal,Toni Bentley,3.92,813027055,9780810000000.0,en-US,168,425,39,11/10/2003,University Press of Florida
43150,Twilight of the Idols/The Anti-Christ,Friedrich Nietzsche/Michael Tanner,4.16,140445145,9780140000000.0,en-GB,208,7149,143,1/25/1990,Penguin Classics
43166,Practical DV Filmmaking,Russell Evans,3.46,240807383,9780240000000.0,en-US,408,9,0,11/01/2005,Focal Press
43171,Diana Vreeland,Eleanor Dwight,4.24,688167381,9780690000000.0,eng,320,150,17,10/22/2002,Harper Design
43175,Inventive Paris clothes: 1909-1939 - a photographic essay,Diana Vreeland/Irving Penn,3.67,067040067X,9780670000000.0,eng,95,3,0,5/26/1978,Penguin Putnam
43177,Brown V. Board of Education: A Civil Rights Milestone and Its Troubled Legacy,James T. Patterson,3.85,195156323,9780200000000.0,eng,320,159,24,12/12/2002,Oxford University Press  USA
43180,Henry V,William Shakespeare/Stephen Orgel/A.R. Braunmuller/Claire McEachern,3.88,140714588,9780140000000.0,eng,121,433,39,09/01/1999,Penguin Classics
43219,Hegemony and Socialist Strategy: Towards a Radical Democratic Politics,Ernesto Laclau/Chantal Mouffe,3.89,1859843301,9781860000000.0,eng,200,1063,35,5/17/2001,Verso
43220,On Populist Reason,Ernesto Laclau,4.04,1859846513,9781860000000.0,eng,276,208,11,7/17/2005,Verso
43221,Contingency  Hegemony  Universality: Contemporary Dialogues on the Left,Judith Butler/Ernesto Laclau/Slavoj Žižek,3.92,185984278X,9781860000000.0,eng,329,707,18,7/17/2000,Verso
43228,The Meaning of Life,Terry Eagleton,3.5,199210705,9780200000000.0,en-GB,187,755,94,05/01/2007,Oxford University Press  USA
43229,Sweet Violence: The Idea of the Tragic,Terry Eagleton,4.0,631233601,9780630000000.0,eng,348,85,8,9/27/2002,Wiley-Blackwell
43230,The English Novel: An Introduction,Terry Eagleton,3.77,1405117079,9781410000000.0,eng,376,101,10,08/06/2004,Wiley-Blackwell
43236,MySQL Cookbook,Paul DuBois,4.0,059652708X,9780600000000.0,en-US,980,126,8,12/04/2006,O'Reilly Media
43244,High Performance MySQL: Optimization  Backups  Replication & Load Balancing,Jeremy D. Zawodny/Derek J. Balling,4.23,596003064,9780600000000.0,eng,304,403,17,4/18/2004,O'Reilly Media
43255,Not Without My Daughter,Betty Mahmoody,4.1,552152161,9780550000000.0,eng,528,19790,1042,07/05/2004,Transworld Publishers Ltd
43268,Aman: The Story of a Somali Girl,Virginia Lee Barnes,3.77,679762094,9780680000000.0,eng,368,549,46,8/29/1995,Vintage
43269,Amanda's Story (The Girls of Lighthouse Lane #4),Thomas Kinkade/Erika Tamar,4.04,60543523,9780060000000.0,eng,208,4,0,3/14/2006,HarperCollins
43271,Lizabeth's Story (The Girls of Lighthouse Lane #3),Thomas Kinkade/Erika Tamar,3.96,60543493,9780060000000.0,eng,192,24,0,10/18/2005,HarperCollins
43273,Kids Are Worth It!: Giving Your Child the Gift of Inner Discipline,Barbara Coloroso,4.19,60014318,9780060000000.0,en-US,352,1215,129,8/20/2002,William Morrow Paperbacks
43278,Creating a Life Worth Living,Carol Lloyd,4.02,60952431,9780060000000.0,eng,336,353,24,08/02/1997,William Morrow Paperbacks
43282,Happy Endings: Finishing the Edges of Your Quilts,Mimi Dietrich,4.25,1564775003,9781560000000.0,en-US,80,24,3,06/04/2013,That Patchwork Place
43283,Unspeakable Truths and Happy Endings: Human Cruelty and the New Trauma Therapy,Rebecca Coffey,4.25,1886968055,9781890000000.0,en-US,226,12,0,04/01/2005,Sidran Press
43287,Year's Happy Ending,Betty Neels,3.97,373511620,9780370000000.0,eng,216,134,14,9/24/2001,Harlequin Readers' Choice
43313,Trail of Tears: The Rise and Fall of the Cherokee Nation,John Ehle,4.15,385239548,9780390000000.0,eng,424,3166,152,9/22/1997,Anchor Books
43317,The Trail of Tears,Joseph Bruchac/Diana Magnuson,3.91,679890521,9780680000000.0,eng,48,170,31,9/21/1999,Random House Books for Young Readers
43324,Are You Afraid of the Dark?,Sidney Sheldon,3.66,7165161,9780010000000.0,eng,401,23924,681,07/01/2005,HarperCollins Publishers
43325,Nothing Lasts Forever,Sidney Sheldon,3.84,446354732,9780450000000.0,eng,384,26040,614,09/01/1995,Grand Central
43328,Rage of Angels,Sidney Sheldon,3.93,6178731,9780010000000.0,eng,512,30283,860,08/03/1999,HarperCollins Publishers
43331,He Sees You When You're Sleeping,Mary Higgins Clark/Carol Higgins Clark,3.79,743456866,9780740000000.0,en-US,230,477,31,11/01/2002,Pocket Books
43332,My Gal Sunday,Mary Higgins Clark,3.57,671014919,9780670000000.0,en-US,206,5355,183,02/01/2003,Pocket Books
43334,We'll Meet Again,Mary Higgins Clark,3.85,743484312,9780740000000.0,eng,234,8892,260,02/02/2004,Pocket Books
43335,All Through the Night,Mary Higgins Clark,3.7,671027123,9780670000000.0,en-US,256,6332,224,10/01/1999,Pocket Books
43338,The Night Awakens: A Mystery Writers of America Anthology,Mary Higgins Clark/Angela Zeman/Noreen Ayres/Sally Cabot Gunning/Joseph Hansen/Sarah Shankman/Nancy Pickard/Eleanor Taylor Bland/Brendan DuBois/Edward D. Hoch/Loren D. Estleman,3.51,671519182,9780670000000.0,en-US,303,162,13,02/01/2000,Simon and Schuster
43339,Where Are the Children?,Mary Higgins Clark,4.02,1416507779,9781420000000.0,eng,304,39738,969,07/01/2005,Pocket Books
43340,The Second Time Around,Mary Higgins Clark,3.75,743412621,9780740000000.0,eng,373,7472,296,04/01/2004,Pocket Books
43342,You Belong To Me,Mary Higgins Clark,3.87,671004549,9780670000000.0,en-US,384,20843,421,04/01/1999,Pocket Books
43343,Stowaway and Milk Run: Two Unabridged Stories From Mary Higgins Clark,Mary Higgins Clark/Jan Maxwell,3.49,671046241,9780670000000.0,eng,0,64,2,12/01/1999,Simon & Schuster Audio
43344,The Christmas Thief (Regan Reilly Mysteries  #9),Mary Higgins Clark/Carol Higgins Clark,3.61,739447343,9780740000000.0,eng,253,12,2,01/01/2004,Doubleday
43348,Kitchen Privileges: A Memoir,Mary Higgins Clark,3.84,743206053,9780740000000.0,eng,208,1756,255,11/19/2002,Simon & Schuster
43352,I'll Be Seeing You,Mary Higgins Clark,3.81,671888587,9780670000000.0,eng,307,14904,291,05/01/1994,Pocket Books
43360,Mount Vernon Love Story: A Novel of George and Martha Washington,Mary Higgins Clark,3.62,743448944,9780740000000.0,eng,254,3914,495,06/01/2003,Pocket Books
43361,Inventing the People: The Rise of Popular Sovereignty in England and America,Edmund S. Morgan,3.78,393306232,9780390000000.0,eng,320,106,4,9/17/1989,W. W. Norton  Company
43363,Benjamin Franklin,Edmund S. Morgan,3.87,300101627,9780300000000.0,eng,352,1476,84,08/11/2003,Yale University Press
43365,American Slavery  American Freedom,Edmund S. Morgan,4.11,039332494X,9780390000000.0,eng,464,3008,83,10/17/2003,W. W. Norton  Company
43368,The Puritan Dilemma: The Story of John Winthrop,Edmund S. Morgan,3.41,321478061,9780320000000.0,eng,210,551,58,10/01/2006,Pearson
43370,Thomas Jefferson: Author of America,Christopher Hitchens,3.91,60598964,9780060000000.0,eng,188,2319,221,5/31/2005,Atlas Books/HarperCollins Publishers
43371,No One Left to Lie to: The Values of the Worst Family,Christopher Hitchens,3.86,1859842844,9781860000000.0,eng,150,1433,157,7/17/2000,Verso
43372,The Missionary Position: Mother Teresa in Theory and Practice,Christopher Hitchens,4.06,185984054X,9781860000000.0,eng,98,7240,571,4/17/1997,Verso
43375,Unacknowledged Legislation: Writers in the Public Sphere,Christopher Hitchens,4.01,1859843832,9781860000000.0,eng,430,211,16,01/01/2002,Verso
43376,For the Sake of Argument: Essays and Minority Reports,Christopher Hitchens,4.16,860916286,9780860000000.0,en-GB,368,221,9,9/17/1994,Verso
43377,The Trial of Henry Kissinger,Christopher Hitchens,3.96,1859843980,9781860000000.0,eng,161,2614,187,6/17/2002,Verso
43378,A Long Short War: The Postponed Liberation of Iraq,Christopher Hitchens,3.75,452284988,9780450000000.0,en-US,112,371,24,06/03/2003,Plume
43380,Blaming the Victims: Spurious Scholarship and the Palestinian Question,Edward W. Said/Christopher Hitchens,4.22,1859843409,9781860000000.0,eng,296,166,7,9/17/2001,Verso
43384,Unacknowledged Legislation: Writers in the Public Sphere,Christopher Hitchens,4.01,1859847862,9781860000000.0,en-US,432,24,4,3/17/2001,Verso
43390,1968: War and Democracy,Eugene J. McCarthy/Christopher Hitchens,4.5,1883477379,9781880000000.0,eng,246,2,1,9/23/2000,Lone Oak Press
43394,Orwell in Spain: The Full Text of Homage to Catalonia  with Associated Articles  Reviews and Letters from the Complete Works of George Orwell,George Orwell/Christopher Hitchens,4.14,141185163,9780140000000.0,eng,416,211,16,05/03/2001,Penguin Classics
43399,Prepared for the Worst: Selected Essays and Minority Reports,Christopher Hitchens,4.02,809078678,9780810000000.0,eng,365,164,7,11/01/1988,Hill & Wang Publ. (NY)
43401,Hons and Rebels,Jessica Mitford/Christopher Hitchens,4.13,1590171101,9781590000000.0,eng,284,2999,200,9/30/2004,NYRB Classics
43407,Alles ist erleuchtet,Jonathan Safran Foer/Dirk van Gunsteren,3.9,3462032178,9783460000000.0,ger,384,39,4,2/20/2003,Kiepenheuer & Witsch
43409,How to Be Lost,Amanda Eyre Ward,3.54,345483170,9780350000000.0,en-US,290,6176,675,8/30/2005,Ballantine Books
43416,The Complete Stories of Theodore Sturgeon  Volume 7: A Saucer of Loneliness,Theodore Sturgeon/Paul Williams/Kurt Vonnegut Jr.,4.42,1556434243,9781560000000.0,eng,400,141,11,09/05/2002,North Atlantic Books
43419,Surviving Justice: America's Wrongfully Convicted and Exonerated,Scott Turow/Lola Vollen/Dave Eggers,4.29,1932416234,9781930000000.0,eng,489,264,32,11/04/2005,McSweeney's
43423,McSweeney's #14,Dave Eggers,3.73,1932416129,9781930000000.0,eng,306,334,21,9/27/2004,McSweeney's
43424,The Best of McSweeney's  Vol. 2,Dave Eggers,3.81,241142466,9780240000000.0,en-US,384,68,5,8/25/2005,Hamish hamilton
43426,Une oeuvre déchirante d'un génie renversant,Dave Eggers/Michelle Herpe-Volinsky,3.68,2290328243,9782290000000.0,fre,536,4,0,04/10/2003,J'ai lu
43432,The Tenants of Moonbloom,Edward Lewis Wallant/Dave Eggers,3.88,1590170709,9781590000000.0,en-US,264,520,78,11/30/2003,NYRB Classics
43433,McSweeney's #18,Dave Eggers,3.72,1932416382,9781930000000.0,eng,200,407,31,12/08/2005,McSweeney's
43437,McSweeney's #19,Dave Eggers/T. Coraghessan Boyle/Adam Golaski/Sean Casey/Brendan Connell,3.8,193241648X,9781930000000.0,en-GB,250,305,15,04/10/2006,McSweeney's
43438,McSweeney's #11,Dave Eggers/A.G. Pasquella/Brent Hoff/Stephen Elliott/Daphne Beal/Denis Johnson/Tom Bissell/Sean Warren/Samantha Hunt/Robert Olmstead/T. Coraghessan Boyle/David Means/Doug Dorst/Joyce Carol Oates/McSweeney's Publishing,3.94,1932416013,9781930000000.0,eng,293,171,6,07/01/2003,McSweeney's
43440,Forty Stories,Donald Barthelme,4.2,141180943,9780140000000.0,eng,246,2496,123,04/07/2005,Penguin Books
43441,A Tramp Abroad,Mark Twain/Dave Eggers,3.86,812970039,9780810000000.0,eng,400,26,9,10/14/2003,Modern Library
43451,Flores en el ático,V.C. Andrews/Jesús Pardo,3.81,849759746X,9788500000000.0,spa,480,1399,220,8/30/2005,DeBolsillo
43454,Black Cat (Gemini  #2),V.C. Andrews,3.76,743428676,9780740000000.0,eng,375,23,4,10/05/2004,Pocket Books
43455,Shooting Stars (Shooting Stars  #1-4),V.C. Andrews,3.94,743449029,9780740000000.0,en-US,656,1231,22,12/01/2002,Pocket Books
43456,Scattered Leaves (Early Spring  #2),V.C. Andrews,3.78,1416530819,9781420000000.0,en-US,416,1481,44,2/27/2007,Pocket Star
43457,Rose (Shooting Stars  #3),V.C. Andrews,3.72,671039954,9780670000000.0,eng,185,2352,29,09/01/2001,Pocket Books
43459,Ice (Shooting Stars  #2),V.C. Andrews,3.75,671039946,9780670000000.0,en-US,208,2455,26,7/31/2001,Pocket Books
43460,Into the Woods (De Beers  #4),V.C. Andrews,3.87,743428595,9780740000000.0,eng,464,2395,34,01/01/2003,Pocket Books
43461,Ruby (Landry  #1),V.C. Andrews,3.93,1568950748,9781570000000.0,eng,402,17,0,12/01/1994,Wheeler Publishing
43475,Criss Cross,Lynne Rae Perkins,3.34,60092726,9780060000000.0,en-US,337,7752,1056,8/30/2005,Greenwillow Books
43476,The Criss Cross,Crystal Lacey Winslow,4.2,971702128,9780970000000.0,en-US,360,110,16,08/01/2004,Melodrama Publishing
43484,Honey (Shooting Stars  #4),V.C. Andrews,3.74,671039962,9780670000000.0,eng,180,2447,27,10/02/2001,Pocket Books
43486,Raven (Orphans  #4),V.C. Andrews,3.71,671020315,9780670000000.0,eng,192,4678,59,1/27/1999,Pocket Books
43487,Fulgor oculto (Landry  #3),V.C. Andrews/Elisa Cerdan,3.89,1400000742,9781400000000.0,spa,400,5,0,1/22/2002,Plaza y Janes
43488,Hidden Leaves (De Beers  #5),V.C. Andrews,3.87,743457870,9780740000000.0,en-US,288,2023,26,03/01/2003,Pocket Star
43489,Music in the Night (Logan  #4),V.C. Andrews,3.85,067153467X,9780670000000.0,eng,320,5554,64,03/01/1998,Pocket Books
43490,Runaways (Orphans  #5),V.C. Andrews,3.77,671007637,9780670000000.0,eng,342,5121,78,11/01/1998,Pocket Books
43491,Child of Darkness (Gemini  #3),V.C. Andrews,3.81,1416500502,9781420000000.0,eng,400,19,4,3/15/2005,Gallery Books
43499,Die Flucht der Waisen (Die Orphan-Saga  #5),V.C. Andrews/Susanne Althoetmar-Smarczyk,3.77,3442354560,9783440000000.0,ger,349,2,0,03/01/2002,Goldmann
43503,Dornen des Glücks (Das Erbe von Foxworth Hall  #3),V.C. Andrews/Michael Görden,3.77,3442552966,9783440000000.0,ger,412,5,0,09/01/2002,Goldmann
43504,Harry Potter and the Philosopher's Stone (Harry Potter  #1),J.K. Rowling,4.47,158234681X,9781580000000.0,gla,250,11,0,07/01/2010,Bloomsbury USA Childrens
43509,Harry Potter and the Goblet of Fire (Harry Potter  #4),J.K. Rowling,4.56,074754624X,9780750000000.0,eng,636,18754,906,07/08/2000,Bloomsbury
43526,Sun-Kissed (The Au Pairs #3),Melissa de la Cruz,3.86,1416917462,9781420000000.0,eng,306,2720,51,5/23/2006,Simon & Schuster
43527,Crazy Hot (The Au Pairs  #4),Melissa de la Cruz,3.94,141693961X,9781420000000.0,eng,271,2501,64,05/08/2007,Simon & Schuster
43529,The Au Pairs (The Au Pairs #1),Melissa de la Cruz,3.65,689873190,9780690000000.0,eng,294,6140,244,5/31/2005,Simon & Schuster Books for Young Readers
43536,Wooden: A Lifetime of Observations and Reflections On and Off the Court,John Wooden/Steve Jamison,4.45,809230410,9780810000000.0,eng,201,3429,274,4/22/1997,McGraw-Hill
43544,The Strange Case of Dr. Jekyll and Mr. Hyde and Other Stories,Robert Louis Stevenson/Jenny Davidson,4.01,1593080549,9781590000000.0,eng,320,857,57,10/01/2003,Barnes  Noble Classics
43545,The Once and Future King (The Once and Future King  #1-4),T.H. White,4.07,441627404,9780440000000.0,eng,639,85082,2921,6/15/1987,Ace
43547,Rose of No Man's Land,Michelle Tea,3.52,156030934,9780160000000.0,eng,320,1484,161,02/05/2007,Mariner Books
43548,The Roses of No Man's Land,Lyn Macdonald,4.26,014017866X,9780140000000.0,eng,320,293,36,09/07/1993,Penguin UK
43554,The Quitter,Harvey Pekar/Dean Haspiel,3.6,1401204007,9781400000000.0,en-US,104,1318,125,09/06/2006,Vertigo
43555,The Best American Comics 2006,Harvey Pekar/Anne Elizabeth Moore/Esther Pearl Watson/Lilli Carré/Robert Crumb/Chris Ware/Kim Deitch/Jaime Hernández/Alison Bechdel/Joe Sacco/Lynda Barry/Justin Hall/Joel Priddy/Anders Nilsen/David Lasky/Ben Katchor/Rebecca Dart/Ivan Brunetti/Jonathan   Bennett/John Porcellino/David Heatley/Lloyd Dangle/Hob/Gilbert Shelton/Olivia Schanzer/Alex Robinson/Jessica Abel/Seth Tobocman/Rick Geary/Tom Hart/Kurt Wolfgang/Jesse Reklaw,3.87,618718745,9780620000000.0,eng,293,1502,124,10/01/2006,Houghton Mifflin
43556,The New American Splendor Anthology: From Off the Streets of Cleveland,Harvey Pekar,4.21,941423646,9780940000000.0,eng,300,577,25,1/22/1993,Running Press Adult
43562,American Splendor: Another Day,Harvey Pekar/Ty Templeton/Eddie Campbell/Hilary Barta,3.71,1401212352,9781400000000.0,en-US,136,349,28,04/07/2007,Vertigo
43564,Face Off: How to Draw Amazing Caricatures & Comic Portraits,Harry Hamernik,4.02,1581807597,9781580000000.0,eng,127,67,5,9/27/2006,Impact
43582,David Boring,Daniel Clowes,3.81,1594971226,9781590000000.0,spa,128,71,2,5/25/2005,Public Square Books
43586,Lout Rampage!,Daniel Clowes,4.1,1560970707,9781560000000.0,eng,96,177,9,11/01/1992,Fantagraphics Books
43594,The Campfire Collection: Spine-tingling Tales to Tell in the Dark,Eric B. Martin/George R. Stewart/Peter Matthiessen/Robert W. Service/Judith M. Brueske/Anthony Boucher/Tobias Wolff/John Long/Frank Norris/Beryl Bainbridge/Greg Child/Marc Reisner/Haruki Murakami/Jack London/Edgar Allan Poe/Paul Bowles/Larry Kanuit,3.22,811824543,9780810000000.0,en-US,176,50,6,03/01/2000,Chronicle Books
43603,The People of Paper,Salvador Plascencia,4.09,156032112,9780160000000.0,eng,256,4154,458,11/13/2006,Mariner Books
43616,The Gunslinger's Bride (Montana Mavericks: Historicals #1),Cheryl St. John,3.68,373291779,9780370000000.0,eng,304,137,11,8/24/2001,Harlequin Historical
43618,Two Brothers: The Lawman / The Gunslinger (Two Brothers  #1-2),Linda Lael Miller,4.04,743411544,9780740000000.0,eng,393,823,40,01/01/2001,Pocket Books
43619,The Gunslinger (Two Brothers  #2),Linda Lael Miller,4.22,1568958129,9781570000000.0,eng,179,78,1,01/01/1999,Wheeler Publishing
43620,The Gunslinger,Mary McBride,4.1,373288565,9780370000000.0,eng,304,17,2,12/23/1994,Harlequin Historical
43623,Gunslinger and Nine Other Action-Packed Stories of the Wild West,Ed Gorman/Bill Pronzini,4.25,1569800367,9781570000000.0,eng,131,4,1,03/01/1995,Barricade Books
43630,Leadership and the One Minute Manager: Increasing Effectiveness Through Situational Leadership,Kenneth H. Blanchard/Drea Zigarmi/Patricia Zigarmi,3.97,688039693,9780690000000.0,en-US,111,2592,123,10/20/1999,William Morrow & Company
43636,Atlantic Shift,Emily Barr,3.31,755301943,9780760000000.0,eng,406,138,12,3/14/2005,Headline Review
43641,Water for Elephants,Sara Gruen,4.09,1565125606,9781570000000.0,eng,335,1260027,52759,05/01/2007,Algonquin Books
43650,Something Borrowed,Rebecca Hagan Lee,4.14,786500735,9780790000000.0,eng,282,38,1,02/01/1995,Diamond/Charter
43656,Double-Cross (Athena Force #4),Meredith Fletcher,3.72,373513283,9780370000000.0,eng,304,38,3,9/24/2004,Silhouette Bombshell
43661,McNally's Alibi (Archy McNally Novels),Vincent Lardo/Lawrence Sanders,3.9,425191192,9780430000000.0,eng,304,221,4,08/05/2003,Berkley
43666,McNally's Puzzle (Archy McNally  #6),Lawrence Sanders,3.85,425157466,9780430000000.0,eng,343,1569,63,02/01/1997,Berkley
43669,McNally's Caper (Archy McNally  #4),Lawrence Sanders,3.9,425145301,9780430000000.0,eng,352,1604,49,01/01/1995,Berkley
43673,The First Deadly Sin (Deadly Sins  #2),Lawrence Sanders,4.04,425104273,9780430000000.0,eng,628,5817,145,4/15/1987,Berkley
43675,First Deadly Sin,Lawrence Sanders,4.04,871881780,9780870000000.0,eng,17,2,0,07/01/1989,Random House Audio
43678,The Anderson Tapes (Deadly Sins #1),Lawrence Sanders,3.68,425103641,9780430000000.0,eng,336,1275,25,3/15/1987,Berkley
43681,A Garden Of Vipers (Carson Ryder  #3),Jack Kerley,3.96,451412338,9780450000000.0,en-US,400,562,37,02/06/2007,Onyx
43682,The Death Collectors (Carson Ryder  #2),Jack Kerley,3.94,451218299,9780450000000.0,eng,400,1088,78,05/02/2006,Signet
43691,The Master,Colm Tóibín,3.83,743250419,9780740000000.0,eng,339,7299,771,05/03/2005,Scribner
43700,The South,Colm Tóibín,3.6,140149864,9780140000000.0,eng,240,807,92,10/01/1992,Penguin Books
43702,The Blackwater Lightship,Colm Tóibín,3.87,743203313,9780740000000.0,eng,288,4421,367,06/05/2005,Scribner
43704,The Sign of the Cross: Travels in Catholic Europe,Colm Tóibín,3.8,330373579,9780330000000.0,eng,243,23,7,05/04/2001,Picador USA
43706,Through the Arc of the Rain Forest,Karen Tei Yamashita,3.9,091827382X,9780920000000.0,eng,212,127,18,07/01/1990,Coffee House Press
43708,Tropic of Orange,Karen Tei Yamashita,3.55,1566890640,9781570000000.0,eng,268,1749,118,09/01/1997,Coffee House Press
43713,Structure and Interpretation of Computer Programs (MIT Electrical Engineering and Computer Science),Harold Abelson/Gerald Jay Sussman/Julie Sussman,4.45,262510871,9780260000000.0,en-US,657,3654,133,7/25/1996,MIT Press
43717,Crooked Little Vein,Warren Ellis,3.82,60723939,9780060000000.0,en-US,288,7811,991,7/24/2007,William Morrow
43722,Fell,Warren Ellis/Ben Templesmith,4.16,1582406936,9781580000000.0,eng,128,6740,283,06/05/2007,Image Comics
43723,Hellblazer: Setting Sun,Warren Ellis/Frank Teran/Tim Bradstreet/Javier Pulido/James Romberger/Marcelo Frusín,4.2,1401202454,9781400000000.0,en-GB,96,2583,35,10/01/2004,Vertigo
43725,NextWave: Agents of H.A.T.E.  Vol. 1: This is What They Want,Warren Ellis/Stuart Immonen/Wade Von Grawbadger/Dave McCaig,4.16,785122788,9780790000000.0,eng,144,4119,184,9/13/2006,Marvel Comics Group
43738,Desolation Jones: Made in England,Warren Ellis/J.H. Williams III,3.93,140121150X,9781400000000.0,eng,144,1767,76,10/04/2006,Wildstorm
43739,Iron Man: Extremis,Warren Ellis/Adi Granov,4.09,785122583,9780790000000.0,eng,160,10792,290,2/14/2007,Marvel
43747,The Authority  Vol. 2: Under New Management,Warren Ellis/Mark Millar/Bryan Hitch/Frank Quitely,4.15,1563897563,9781560000000.0,eng,200,4146,71,11/01/2000,Wildstorm
43755,Azumanga Daioh  Vol. 3 (Azumanga Daioh  #3),Kiyohiko Azuma/あずま きよひこ,4.38,1413900305,9781410000000.0,eng,166,2144,19,2/17/2004,ADV Manga
43758,The Queen of the Damned (The Vampire Chronicles  #3),Anne Rice,3.89,345419626,9780350000000.0,eng,448,121794,1667,11/29/1997,Ballantine Books
43759,La regina dei dannati,Anne Rice/Roberta Rambelli,3.89,8878193283,9788880000000.0,ita,507,333,18,02/01/1997,TEA
43763,Interview with the Vampire (The Vampire Chronicles  #1),Anne Rice,3.99,345476875,9780350000000.0,eng,342,433413,7368,8/31/2004,Ballantine Books
43779,Cántico de sangre (Crónicas Vampíricas  #10),Anne Rice/Camila Batlles,3.72,8466620265,9788470000000.0,spa,416,143,9,07/01/2006,Ediciones B
43780,Vampire Chronicles: Interview with the Vampire  The Vampire Lestat  The Queen of the Damned (Anne Rice),Anne Rice/Robert O'Keefe/F. Murray Abraham/Michael York/Kate Nelligan/David Purdham,4.27,679410503,9780680000000.0,eng,9,10350,120,11/17/1992,Random House Audio
43781,Merrick (The Vampire Chronicles #7),Anne Rice,3.73,345422406,9780350000000.0,eng,370,35529,478,10/02/2001,Ballantine Books
43792,La reina de los condenados (Crónicas Vampíricas  #3),Anne Rice,3.89,8466617116,9788470000000.0,spa,725,287,19,01/01/2007,Byblos
43796,The Vampire Companion,Katherine Ramsland/Anne Rice,3.94,345397398,9780350000000.0,en-US,608,4829,25,08/01/1995,Ballantine Books
43798,The Feast of All Saints,Anne Rice,3.85,345376048,9780350000000.0,en-US,570,16178,337,1/28/1992,Ballantine Books
43799,Exit to Eden,Anne Rampling/Anne Rice,3.58,727853414,9780730000000.0,eng,336,12646,323,4/24/1998,Severn House Publishers
43808,Anne Rice's The Vampire Lestat: A Graphic Novel,Faye Perozich/Anne Rice/John Bolton/Daerick Gröss,4.2,345373944,9780350000000.0,eng,404,70039,138,11/30/1991,Ballantine Books
43812,Entrevista con el vampiro (Crónicas vampíricas  #1),Anne Rice/Marcelo Covián,3.99,8466616209,9788470000000.0,spa,463,1307,93,06/01/2005,Ediciones B
43814,The Vampire Lestat (The Vampire Chronicles  #2),Anne Rice,4.07,345476883,9780350000000.0,eng,481,156354,2720,8/31/2004,Ballantine Books
43817,El Mesías: El niño judío,Anne Rice/Luis Murillo,3.58,8466630031,9788470000000.0,spa,352,61,8,5/28/2007,Ediciones B
43819,Anne Rice Value Collection: Mayfair Witches (Lives of the Mayfair Witches #1-3),Anne Rice/Joe Morton/Tim Curry/Lindsay Crouse,4.23,037541620X,9780380000000.0,eng,10,35,3,11/07/2000,Random House Audio Publishing Group
43821,Merrick (Crónicas Vampíricas  #7),Anne Rice,3.73,8466606602,9788470000000.0,spa,414,99,9,11/01/2002,Ediciones B
43824,Vittorio the Vampire (New Tales of the Vampires  #2),Anne Rice,3.52,375401601,9780380000000.0,eng,292,685,36,03/08/1999,Knopf Publishing Group
43826,The Feast Of All Saints,Anne Rice,3.85,99269473,9780100000000.0,eng,640,86,5,12/04/1997,Arrow
43828,The Unauthorized Anne Rice Companion,George Beahm,3.68,836210360,9780840000000.0,eng,246,97,0,05/01/1996,Andrews and McMeel
43841,When Christ and His Saints Slept  (Henry II and Eleanor of Aquitaine  #1),Sharon Kay Penman,4.27,345396685,9780350000000.0,eng,784,12022,648,02/06/1996,Ballantine Books
43877,The Monk Who Sold His Ferrari: A Fable About Fulfilling Your Dreams and Reaching Your Destiny,Robin S. Sharma,3.83,62515675,9780060000000.0,eng,208,71133,3741,4/21/1999,HarperOne
43878,The Monk Who Sold His Ferrari: A Fable about Fulfilling Your Dreams and Reaching Your Destiny (Revised),Robin S. Sharma,3.83,7179731,9780010000000.0,eng,241,781,93,12/31/2015,Harper Element
43884,Phantom (Sword of Truth  #10),Terry Goodkind,3.99,765305240,9780770000000.0,eng,587,38420,452,7/18/2006,Tor Books
43888,The Sword of Truth  Boxed Set I: Wizard's First Rule  Blood of the Fold  Stone of Tears (Sword of Truth  #1-3),Terry Goodkind,4.29,812575601,9780810000000.0,en-US,2480,4196,81,11/15/1998,Tor Books
43889,Wizard's First Rule (Sword of Truth  #1),Terry Goodkind,4.13,765346524,9780770000000.0,eng,836,204648,4986,4/14/2003,Tor Books
43893,Naked Empire (Sword of Truth  #8),Terry Goodkind,3.81,765344300,9780770000000.0,eng,736,44561,556,06/01/2004,Tor Books
43895,Legends 2 (Legends 1  Volume 2of3),Robert Silverberg/Terry Goodkind/George R.R. Martin/Anne McCaffrey,3.88,812575237,9780810000000.0,eng,379,623,20,11/01/1999,Tor Books
43899,Naked Empire (Sword of Truth  #8),Terry Goodkind,3.81,7145594,9780010000000.0,en-GB,685,171,6,10/01/2004,Voyager
43905,The Wood Boy / The Burning Man,Raymond E. Feist/Tad Williams/Mat Broome/Robin Gillespie/Sean J. Jordan/Brett Booth,3.63,976401118,9780980000000.0,eng,144,363,13,12/21/2005,Dabel Brothers Publishing
43910,The King's Buccaneer (Krondor's Sons  #2),Raymond E. Feist,4.02,385236255,9780390000000.0,en-GB,465,131,6,10/18/1992,Doubleday
43915,Magician: Apprentice Volume 1  (Raymond E. Feist's Magician: Apprentice #1),Raymond E. Feist/Michael Avon Oeming/Bryan J.L. Glass/Ryan Stegman,4.45,785127224,9780790000000.0,eng,168,19895,114,5/30/2007,Marvel Comics Group
43918,Magician (The Riftwar Saga  #1-2),Raymond E. Feist,4.32,385175809,9780390000000.0,en-US,568,73,7,01/01/1982,Doubleday Books
43919,Faerie Tale,Raymond E. Feist,3.88,586071393,9780590000000.0,eng,490,7908,349,11/15/1989,Voyager
43924,Promise Me (Myron Bolitar  #8),Harlan Coben,3.99,451219244,9780450000000.0,eng,504,21149,1138,3/27/2007,Dutton
43925,The Final Detail (Myron Bolitar  #6),Harlan Coben,4.02,752849182,9780750000000.0,eng,344,157,16,05/01/2005,Orion
43926,The Innocent,Harlan Coben,3.96,045121577X,9780450000000.0,eng,503,21382,1229,4/25/2006,Dutton
43927,No Second Chance,Harlan Coben,4.08,451210557,9780450000000.0,eng,452,22104,1237,4/27/2004,Dutton Books
43929,Darkest Fear (Myron Bolitar  #7),Harlan Coben,4.05,752849190,9780750000000.0,eng,354,13462,583,11/08/2008,Dell
43930,Gone for Good,Harlan Coben,4.1,440236738,9780440000000.0,eng,432,35722,1844,03/04/2003,Dell Publishing Company
43932,Drop Shot (Myron Bolitar  #2),Harlan Coben/Martine Leconte,3.94,440220459,9780440000000.0,eng,341,20461,981,02/05/1996,Dell Publishing Company
43933,Tell No One,Harlan Coben,4.11,440236703,9780440000000.0,eng,370,95220,4017,8/25/2009,Dell Publishing Company
43937,The Aeneid: A New Prose Translation,Virgil/David   West,3.84,140444572,9780140000000.0,eng,353,105,10,08/06/1991,Penguin Classics
43939,The Complete Odes and Epodes,Horace/David   West,4.0,019283942X,9780190000000.0,eng,200,40,3,5/16/2000,Oxford University Press
43940,Object Thinking,David      West,3.99,735619654,9780740000000.0,eng,334,155,21,7/23/2019,Microsoft Press
43949,Left Foot Forward: A Year in the Life of a Journeyman Footballer,Garry Nelson,3.97,747251827,9780750000000.0,eng,375,92,4,05/01/1996,Headline Book Publishing
43958,Apologia Pro Vita Sua (A Defense of One's Life),John Henry Newman,4.12,486442136,9780490000000.0,eng,336,894,52,6/17/2005,Dover Publications
43959,Margherita Dolce Vita,Stefano Benni/Antony Shugaar,3.71,1933372206,9781930000000.0,en-US,208,1704,100,11/01/2006,Europa Editions
43960,Living La Dolce Vita: Bring the Passion  Laughter  and Serenity of Italy Into Your Daily Life,Raeleen D'Agostino Mautner,3.76,1570719276,760790000000.0,eng,272,110,11,04/01/2003,Sourcebooks
43961,The Letters of Vita Sackville-West and Virginia Woolf,Louise DeSalvo/Mitchell Alexander Leaska/Vita Sackville-West/Virginia Woolf,4.27,1573441961,9781570000000.0,eng,480,1133,37,9/30/2004,Cleis Press
43963,Vita,Melania G. Mazzucco/Virginia Jewiss,3.77,312425864,9780310000000.0,eng,433,592,48,9/19/2006,St. Martins Press-3PL
43979,The Church in Emerging Culture: Five Perspectives,Leonard Sweet/Brian D. McLaren/Erwin Raphael McManus/Michael S. Horton/Frederica Matthewes-Green/Andy Crouch,3.36,310254876,9780310000000.0,eng,272,190,6,10/19/2003,Zondervan
43980,A History of the World in 10½  Chapters,Julian Barnes,3.89,679731377,9780680000000.0,eng,320,10008,638,11/27/1990,Vintage
43988,Life Is a Caravanserai,Emine Sevgi Özdamar/Luise von Flotow,3.71,189825334X,9781900000000.0,eng,270,89,8,8/30/2000,Middlesex University Press
43992,True Evil,Greg Iles,4.09,743292499,9780740000000.0,eng,512,13021,781,12/12/2006,Scribner Book Company
43993,The Quiet Game (Penn Cage #1),Greg Iles,4.2,340686030,9780340000000.0,eng,580,21288,1418,07/01/2000,Coronet Books (GB)
43994,Trapped (Mississippi #2),Greg Iles,4.0,451207505,9780450000000.0,en-US,434,320,19,8/27/2002,Signet
43995,The Footprints of God,Greg Iles,3.77,743454146,9780740000000.0,eng,528,6179,516,12/28/2004,Pocket Star Books
43996,Dead Sleep,Greg Iles,4.05,451206525,9780450000000.0,eng,452,8124,475,07/02/2002,Berkley Books
44001,Small Island,Andrea Levy,3.95,312424671,9780310000000.0,eng,441,21165,1145,04/01/2005,Picador USA
44002,Never Far From Nowhere,Andrea Levy,3.7,747252130,9780750000000.0,eng,282,648,42,08/08/1996,Tinder Press
44011,Shield of Thunder (Troy  #2),David Gemmell/Željko Petrović,4.36,593052226,9780590000000.0,eng,480,7356,171,09/01/2006,Bantam Press
44012,Shield of Thunder (Troy  #2),David Gemmell,4.36,345477014,9780350000000.0,ale,512,102,16,3/27/2007,Ballantine Books
44018,Historia de una Gaviota y del Gato Que le Enseñó a Volar,Luis Sepúlveda/Chris Sheban,4.14,439560268,9780440000000.0,spa,128,9,1,09/01/2003,Arthur A. Levine Books
44022,Full Circle: A South American Journey,Luis Sepúlveda/Chris Andrews,3.77,864424655,9780860000000.0,eng,192,56,9,12/31/1996,Lonely Planet
44030,Looking East,Steve McCurry,4.55,714846376,9780710000000.0,eng,124,83,8,09/01/2006,Phaidon Press
44034,Masters of Small Worlds: Yeoman Households  Gender Relations  and the Political Culture of the Antebellum South Carolina Low Country,Stephanie McCurry,3.69,195117956,9780200000000.0,eng,344,98,6,11/01/1997,Oxford University Press  USA
44039,Borges and The Eternal Orangutans,Luis Fernando Verissimo/Margaret Jull Costa,3.81,081121592X,9780810000000.0,eng,135,567,80,5/17/2005,New Directions
44045,A Universal History of Iniquity,Jorge Luis Borges/Andrew Hurley,3.97,142437891,9780140000000.0,eng,128,3101,129,7/27/2004,Penguin Classics
44046,Jorge Luis Borges,Nextext/McDougal Publishing Staff,3.5,618048235,9780620000000.0,spa,223,2,0,2/25/2000,Houghton Mifflin
44053,Odes to Common Things,Pablo Neruda/Ferris Cook/Ken Krabbenhoft,4.39,821220802,9780820000000.0,eng,152,1885,105,05/01/1994,Bulfinch
44067,Full Woman  Fleshly Apple  Hot Moon: Selected Poems,Pablo Neruda/Stephen Mitchell,4.45,60928778,9780060000000.0,eng,288,1018,66,02/11/1998,Harper Perennial
44086,Maps for Lost Lovers,Nadeem Aslam,3.78,1400076978,9781400000000.0,eng,400,2127,277,05/09/2006,Vintage
44089,Phantom Pain,Arnon Grunberg/Sam Garrett,3.34,1590511263,9781590000000.0,en-US,288,406,11,5/15/2004,Other Press (NY)
44100,The Ethics and Politics of Asylum: Liberal Democracy and the Response to Refugees,Matthew J. Gibney,3.55,521009375,9780520000000.0,eng,287,10,2,07/08/2004,Cambridge University Press
44101,Arkham Asylum: Living Hell,Dan Slott/Ryan Sook/Wade Von Grawbadger/Jim Royal,3.81,1401201938,9781400000000.0,eng,144,1709,88,03/01/2004,DC Comics
44128,Blackout (Kat Bronsky #2),John J. Nance,3.96,330481916,9780330000000.0,eng,672,572,36,12/09/2000,Pan Books
44131,Design Like You Give a Damn: Architectural Responses to Humanitarian Crises,Architecture For Humanity/Cameron Sinclair,4.12,1933045256,9781930000000.0,eng,336,792,27,1/15/2006,US Green Building Council
44133,The Winter's Tale,William Shakespeare/Susan Snyder/Deborah T. Curren-Aquino,3.7,521293731,9780520000000.0,eng,279,18126,587,03/01/2007,Cambridge University Press
44145,The Bar on the Seine,Georges Simenon/David Watson,3.69,143038311,9780140000000.0,en-US,160,380,54,12/26/2006,Penguin Books
44146,Maigret in Holland,Georges Simenon,3.59,156028522,9780160000000.0,en-US,180,265,20,6/16/2003,Mariner Books
44147,The Man Who Watched Trains Go By,Georges Simenon/Marc Romano/D. Thin/Luc Sante,3.85,1590171497,9781590000000.0,eng,203,1392,86,11/07/2005,New York Review of Books
44148,Maigret and the Killer,Georges Simenon/Lyn Moir,3.86,156028417,9780160000000.0,en-US,168,471,29,6/16/2003,Mariner Books
44149,Lock 14,Georges Simenon/Robert Baldick,3.63,143037277,9780140000000.0,en-US,154,406,45,7/25/2006,Penguin Books
44151,The Madman of Bergerac,Georges Simenon,3.77,141187263,9780140000000.0,eng,160,7,1,12/04/2003,Penguin Books Ltd
44153,Dirty Snow,Georges Simenon/Marc Romano/William T. Vollmann,3.93,1590170431,9781590000000.0,eng,244,1780,220,8/31/2003,NYRB Classics
44156,The Man Who Wasn't Maigret: A Portrait of Georges Simenon,Patrick Marnham,4.08,156000598,9780160000000.0,eng,404,44,7,4/15/1994,Mariner Books
44157,Maigret à New York (Maigret  #27),Georges Simenon,3.55,2253142425,9782250000000.0,fre,189,315,15,12/04/2002,Presses de La Cite
44158,The Engagement,Georges Simenon/Anna Moschovakis/John N. Gray,3.75,1590172280,9781590000000.0,en-US,135,494,67,03/06/2007,New York Review of Books
44160,Mon Ami Maigret,Georges Simenon,3.62,2253142441,9782250000000.0,fre,219,37,6,4/23/2003,Livre de Poche
44162,Maigret and the Headless Corpse,Georges Simenon/Eileen Ellenbogen,3.81,156551446,9780160000000.0,eng,196,392,37,6/26/1985,Mariner Books
44164,Maigret Loses His Temper (Maigret  #61),Georges Simenon,3.83,156028476,9780160000000.0,eng,144,370,26,6/16/2003,Mariner Books
44170,The Looking Glass Wars,Frank Beddor,3.93,803731531,9780800000000.0,eng,364,37148,3142,9/26/2006,Dial Books
44175,Rash,Pete Hautman,3.75,689868014,9780690000000.0,eng,256,2994,459,06/01/2006,Simon  Schuster Books for Young Readers
44176,Saints at the River,Ron Rash,3.81,312424914,9780310000000.0,eng,239,2967,335,07/01/2005,Picador USA
44179,The World Made Straight,Ron Rash,3.87,312426607,9780310000000.0,eng,289,2143,254,3/20/2007,Picador USA
44181,Eureka Mill,Ron Rash,4.2,189188526X,9781890000000.0,eng,64,155,15,09/01/2001,Hub City Press
44183,Chemistry and Other Stories,Ron Rash,4.19,312425082,9780310000000.0,eng,230,601,79,09/05/2000,St. Martins Press-3PL
44184,Monster,Walter Dean Myers,3.72,64407314,9780060000000.0,eng,281,56171,5341,03/05/2019,Amistad
44185,The Gospel of the Flying Spaghetti Monster,Bobby Henderson,3.93,812976568,9780810000000.0,eng,169,3248,341,3/28/2006,Villard
44186,The Monster at the End of this Book,Jon Stone/Michael J. Smollin,4.44,037582913X,9780380000000.0,eng,32,114297,2565,05/11/2004,Golden Books
44187,The Sea of Monsters (Percy Jackson and the Olympians  #2),Rick Riordan,4.24,1423103343,9781420000000.0,eng,280,10551,1205,04/01/2007,Disney Hyperion Books
44188,Monster: The Autobiography of an L.A. Gang Member,Sanyika Shakur,3.97,802141447,9780800000000.0,en-GB,400,4239,350,6/29/2004,Grove Press
44190,Monster Island (Monster Island  #1),David Wellington,3.6,1560258500,9781560000000.0,eng,282,9808,497,3/24/2006,Running Press Adult
44208,The Frog King,Frank McConnell,3.6,802757480,9780800000000.0,eng,226,10,1,07/01/1990,Walker & Company
44215,I Should Be Extremely Happy in Your Company: A Novel of Lewis and Clark,Brian Hall,3.35,142003719,9780140000000.0,en-US,432,339,76,12/30/2003,Penguin
44217,D.B.,Elwood Reid,3.23,385497393,9780390000000.0,eng,356,53,8,07/12/2005,Anchor Books
44224,Lincoln,Gore Vidal,4.21,8448306996,9788450000000.0,spa,354,5,0,7/30/2006,Acento Editorial
44225,Lincoln (Narratives of a Golden Age),Gore Vidal,4.21,349105308,9780350000000.0,en-GB,736,29,4,4/21/1994,Abacus Books
44229,The Silver Pigs (Marcus Didius Falco  #1),Lindsey Davis,3.94,345369076,9780350000000.0,eng,241,144,26,2/13/1991,Fawcett Books
44230,The Silver Pigs (Marcus Didius Falco  #1),Lindsey Davis,3.94,031235777X,9780310000000.0,eng,329,8882,561,10/03/2006,Minotaur Books
44231,The Silver Pigs,Lindsey Davis/Mary Cutler/Anton Lesser/Fritha Goodey,3.94,056352569X,9780560000000.0,eng,2,5,0,02/07/2005,BBC Audiobooks
44233,Judas Pig,Horace  Silver,4.27,1904316344,9781900000000.0,eng,345,63,9,07/01/2004,Do-Not Press
44236,The Civil War  Vol. 1: Fort Sumter to Perryville,Shelby Foote,4.42,394746236,9780390000000.0,eng,856,9760,346,11/12/1986,Vintage
44244,The Beleaguered City: The Vicksburg Campaign,Shelby Foote,4.22,679601708,9780680000000.0,eng,368,271,25,1/30/2000,Modern Library
44246,Stars in Their Courses: The Gettysburg Campaign  June-July 1863,Shelby Foote,4.44,679601120,9780680000000.0,eng,304,1464,88,6/28/1994,Modern Library (NY)
44254,La telaraña de Carlota,E.B. White/Guillermo Solana/Garth Williams,4.17,006075740X,9780060000000.0,spa,224,225,38,10/04/2005,HarperCollins Espanol
44255,Toujours Provence,Peter Mayle,4.02,679736042,9780680000000.0,eng,241,25092,432,06/02/1992,Vintage
44269,The American Heritage New History of the Civil War,Bruce Catton/James M. McPherson,4.11,1586631985,9781590000000.0,eng,630,104,2,10/01/2001,MetroBooks (NY)
44284,The Confident Child,Terri Apter,3.63,393040585,9780390000000.0,eng,270,13,5,01/01/1997,W. W. Norton & Company
44296,Your Child's Self-Esteem: Step-by-Step Guidelines for Raising Responsible  Productive  Happy Children,Dorothy Corkille Briggs,4.27,385040202,9780390000000.0,en-US,368,184,29,6/15/1988,Harmony
44300,Smart Discipline: Fast  Lasting Solutions for Your Child's Self-Esteem and Your Peace of Mind,Larry J. Koenig,3.99,60936665,9780060000000.0,en-US,208,13,2,03/02/2004,William Morrow Paperbacks
44309,Reading in the Dark,Seamus Deane,3.73,375700234,9780380000000.0,en-US,256,3237,227,2/24/1998,Vintage
44312,Alphabet Weekends,Elizabeth Noble,3.59,61122181,9780060000000.0,en-US,448,5796,386,1/23/2007,William Morrow Paperbacks
44321,A Cargo of Women: Susannah Watson and the Convicts of the Princess Royal,Babette Smith,3.58,1877058335,9781880000000.0,eng,264,0,0,06/01/2005,Rosenberg Publishing
44323,The Rose and the Beast: Fairy Tales Retold,Francesca Lia Block,3.77,64407454,9780060000000.0,en-US,240,6872,395,08/07/2001,Joanna Cotler Books/HarperCollinsPublishers
44325,I Was a Teenage Fairy,Francesca Lia Block,3.82,64408620,9780060000000.0,eng,192,6599,236,05/03/2000,HarperTeen
44328,Firebirds Rising: An Anthology of Original Science Fiction and Fantasy,Sharyn November/Francesca Lia Block/Diana Wynne Jones/Ellen Klages/Sharon Shinn/Patricia A. McKillip/Emma Bull/Kelly Link/Tamora Pierce/Nina Kiriki Hoffman/Alison Goodman/Charles de Lint/Kara Dalkey/Alan Dean Foster/Carol Emshwiller/Tanith Lee/Pamela Dean,3.92,142405493,9780140000000.0,eng,530,2819,127,04/06/2006,Firebird
44331,Witch Baby (Weetzie Bat  #2),Francesca Lia Block,4.18,64470652,9780060000000.0,eng,128,3576,110,01/01/1992,HarperTeen
44349,Goat Girls (Weetzie Bat  #2-3),Francesca Lia Block,4.42,60594349,9780060000000.0,en-US,240,469,5,07/06/2004,HarperTeen
44350,Beautiful Boys (Weetzie Bat  #4-5),Francesca Lia Block,4.43,60594357,9780060000000.0,en-US,304,413,5,07/06/2004,HarperTeen
44353,Weetzie Bat (Weetzie Bat  #1),Francesca Lia Block,3.74,60736259,9780060000000.0,eng,128,13013,1025,07/06/2004,HarperTeen
44361,Velvet Elvis: Repainting the Christian Faith,Rob Bell,3.78,031026345X,9780310000000.0,eng,194,20131,848,7/31/2005,Zondervan Publishing Company
44380,Man Walks Into a Room,Nicole Krauss,3.33,385721919,9780390000000.0,eng,248,5422,554,11/11/2003,Anchor Books
44382,Testaments Betrayed: An Essay in Nine Parts,Milan Kundera/Linda Asher/فروغ پوریاوری,4.04,60927518,9780060000000.0,eng,288,1294,59,08/02/1996,Harper Perennial
44399,Too Busy Not to Pray: Slowing Down to Be With God,Bill Hybels/Lavonne Neff,4.16,830819711,9780830000000.0,en-US,191,9632,212,04/01/1998,InterVarsity Press
44408,Becoming a Contagious Christian,Bill Hybels/Mark Mittelberg,3.92,310210089,9780310000000.0,eng,224,1315,50,4/20/1996,Zondervan
44433,Courageous Faith Through the Year,Bill Hybels/Keri Wyatt Kent,3.5,830832947,9780830000000.0,eng,327,0,0,07/01/2004,IVP Books
44436,Becoming a Contagious Christian Leader's Guide: Communicating Your Faith in a Style That Fits You,Mark Mittelberg/Lee Strobel,3.75,310257867,9780310000000.0,eng,299,8,1,02/12/2007,Zondervan
44439,A Is for Abductive : The Language of the Emerging Church,Leonard Sweet/Brian D. McLaren,3.14,310243564,9780310000000.0,en-US,338,49,3,12/24/2002,Zondervan
44442,The Church on the Other Side: Doing Ministry in the Postmodern Matrix,Brian D. McLaren,3.58,310252199,9780310000000.0,eng,224,205,10,01/09/2003,Zondervan
44446,Great Russian Short Stories,Paul Negri/Alexander Pushkin/Maxim Gorky/Aleksandr Ivanovich Kuprin/Leonid Andreyev/Nikolai Gogol/Ivan Turgenev/Fyodor Dostoyevsky/Leo Tolstoy/Nicholay Leskov/Vsevolod Garshin/Anton Chekhov/Theodor Sologub,4.02,048642992X,9780490000000.0,eng,208,162,20,7/29/2003,Dover Publications
44450,The Portable Dorothy Parker,Dorothy Parker/Marion Meade/Seth,4.34,143039539,9780140000000.0,eng,626,1447,199,3/28/2006,Penguin Books
44455,Not Much Fun: The Lost Poems of Dorothy Parker,Dorothy Parker/Stuart Y. Silverstein,4.18,743211480,9780740000000.0,eng,256,444,27,07/10/2001,Scribner
44458,The Collected Dorothy Parker,Dorothy Parker/Brendan Gill,4.29,014118258X,9780140000000.0,eng,604,1106,50,5/31/2001,Penguin Classics
44469,The Killer Angels: A Novel of the Civil War (The Civil War Trilogy  #2),Michael Shaara,4.32,679643249,9780680000000.0,eng,337,425,48,12/23/2004,Modern Library
44470,The Killer Angels,Michael Shaara/Stephen Hoye,4.32,739309056,9780740000000.0,en-US,13,92,37,05/11/2004,Random House Audio Publishing Group
44471,The Killer Angels (The Civil War Trilogy  #2),Michael Shaara,4.32,1841580821,9781840000000.0,eng,395,318,45,04/01/2001,Birlinn Ltd
44478,Architecture and Tourism: Perception  Performance and Place,D. Medina Lasansky,3.2,1859737099,9781860000000.0,eng,320,5,1,09/04/2004,Bloomsbury Academic
44481,The Last Eyewitness: The Final Week,Chris Seay/Rob Pepper/Brian D. McLaren,3.65,529123452,9780530000000.0,eng,144,23,6,05/10/2006,Thomas Nelson
44505,The Best American Essays 2006,Lauren Slater/Robert Atwan,3.88,618705295,9780620000000.0,en-US,304,434,34,10/11/2006,Mariner Books
44508,The Best American Spiritual Writing 2006,Philip Zaleski/Peter J. Gomes,3.5,618586458,9780620000000.0,eng,336,29,11,10/11/2006,Mariner Books
44509,The Best American Travel Writing 2006,Tim Cahill,3.94,618582150,9780620000000.0,eng,352,492,47,10/11/2006,Mariner Books
44510,The Best American Crime Writing 2006,Mark Bowden/Otto Penzler/Thomas H. Cook/S.C. Gwynne/Paige Williams/Mary Battiata/Howard Blum/John Connolly/Richard Rubin/Chuck Hustmyre/David Friedman/Denise Grollmus/Deanne Stillman/Jeffrey Toobin/Skip Hollandsworth/Jimmy Breslin/John Heilemann/Mark Jacobson/Robert Nelson,4.0,60815523,9780060000000.0,eng,352,206,18,09/05/2006,Ecco
44511,How Democratic Is the American Constitution?,Robert A. Dahl,3.64,300095244,9780300000000.0,en-US,240,466,48,11/10/2003,Yale University Press
44513,The Roald Dahl Omnibus: Perfect Bedtime Stories for Sleepless Nights,Roald Dahl,4.35,880291230,9780880000000.0,eng,681,2276,170,6/13/1993,Barnes & Noble
44514,A Preface to Democratic Theory,Robert A. Dahl,3.63,226134342,9780230000000.0,en-GB,200,88,8,9/15/2006,University of Chicago Press
44520,Matilda,Roald Dahl/Joely Richardson,4.31,60582545,9780060000000.0,eng,5,56,18,1/20/2004,Festival Books
44521,Kiss Kiss,Roald Dahl,4.1,140018328,9780140000000.0,eng,231,5961,347,10/26/1987,Penguin Books
44524,Roald Dahl: A Biography,Jeremy Treglown,3.62,156001993,9780160000000.0,eng,336,221,26,06/05/1995,Mariner Books
44528,Matilda,Roald Dahl/Rula Lenska/Sian Thomas/Christopher Timothy,4.31,141805625,9780140000000.0,eng,1,6,0,03/03/2005,Puffin Audiobooks
44529,The Adventures of Charlie and Mr. Willy Wonka: A Fully Dramatized Recording,Roald Dahl,4.13,141805617,9780140000000.0,en-GB,4,11,2,11/25/2004,Puffin
44531,Fantastic Mr Fox and Other Animal Stories,Roald Dahl,3.95,141805641,9780140000000.0,eng,4,25,1,11/25/2004,Puffin
44533,Hood,Emma Donoghue,3.59,1555834531,9781560000000.0,eng,309,1895,170,07/01/1998,Alyson Books
44535,Landing,Emma Donoghue,3.41,151012970,9780150000000.0,eng,336,3032,309,05/07/2007,Houghton Mifflin Harcourt
44536,Touchy Subjects,Emma Donoghue,3.49,156032619,9780160000000.0,eng,288,14,2,05/07/2007,Mariner Books
44537,Kissing the Witch: Old Tales in New Skins,Emma Donoghue,3.89,64407721,9780060000000.0,eng,228,6097,592,2/27/1999,HarperTeen
44538,Life Mask,Emma Donoghue,3.5,156032643,9780160000000.0,eng,672,1883,185,09/05/2005,Mariner Books
44539,Stir-Fry,Emma Donoghue,3.59,1555837239,9781560000000.0,eng,240,1565,97,12/29/2006,Alyson Books
44540,Poems Between Women: Four Centuries of Love  Romantic Friendship  and Desire,Emma Donoghue,3.88,231109253,9780230000000.0,en-US,256,68,4,3/19/1999,Columbia University Press
44541,What Sappho Would Have Said,Emma Donoghue,3.62,241136822,9780240000000.0,eng,256,24,3,4/24/1997,Hamish Hamilton Ltd
44542,Mammoth Book Of Lesbian Short Stories (Mammoth Books),Emma Donoghue,3.65,1841190497,9781840000000.0,eng,512,7,1,6/24/1999,Robson Books  London
44543,Slammerkin,Emma Donoghue,3.71,156007479,9780160000000.0,eng,410,12551,1251,05/01/2002,Mariner Books
44545,We Are Michael Field,Emma Donoghue/Nick Drake,3.55,1899791663,9781900000000.0,en-US,152,50,4,10/01/1998,Absolute Press
44559,Life is Elsewhere,Milan Kundera/Aaron Asher,3.95,60997028,9780060000000.0,eng,432,10129,306,7/25/2000,Harper Perennial
44567,Todo está iluminado,Jonathan Safran Foer,3.9,030734312X,9780310000000.0,spa,352,8,0,07/05/2005,Debolsillo
44574,Hart's Hope,Orson Scott Card,3.47,812521358,9780810000000.0,eng,261,32,5,3/28/1992,Tor Books
44585,Firefighters in the Dark,Dashka Slater/Nicoletta Ceccoli,3.6,618554599,9780620000000.0,en-US,32,89,17,10/02/2006,HMH Books for Young Readers
44595,Wide Sargasso Sea,Jean Rhys,3.58,140818030,9780140000000.0,en-US,168,878,79,4/26/2001,Penguin Classics
44597,Wide Sargasso Sea,Jean Rhys,3.58,140274219,9780140000000.0,eng,160,21384,1386,09/03/1998,Penguin Books
44612,Marcel Proust: On Art and Literature 1896-1919,Marcel Proust/Sylvia Townsend Warner,4.06,786704543,9780790000000.0,eng,416,73,5,08/05/1997,Carroll & Graf Publishers
44613,Remembrance of Things Past (Boxed Set),Marcel Proust/C.K. Scott Moncrieff/Frederick A. Blossom/Joseph Wood Crutch,4.34,701125594,9780700000000.0,eng,3400,6,1,03/05/1981,Chatto & Windus
44617,The Complete Green Letters,Miles J. Stanford,4.2,310330513,9780310000000.0,en-US,336,293,32,01/01/1984,Zondervan
44621,Naked,David Sedaris/Amy Sedaris,4.09,1586212230,9781590000000.0,en-US,3,308,62,10/01/2001,Grand Central Publishing
44628,The Last Shot: City Streets  Basketball Dreams,Darcy Frey,4.17,618446710,9780620000000.0,en-CA,233,5106,155,03/03/2004,Mariner Books
44630,The Inner Sanctum,Stephen W. Frey,3.64,451190149,9780450000000.0,eng,448,472,36,07/01/1998,Signet
44634,Life on Planet Rock: From Guns N' Roses to NIRVana  a Backstage Journey Through Rock's Most Debauched Decade,Lonn M. Friend,3.58,767922085,9780770000000.0,eng,320,241,30,07/11/2006,Three Rivers Press
44644,Principle-Centered Leadership,Stephen R. Covey,4.1,671792806,9780670000000.0,eng,336,15003,140,10/01/1992,Free Press
44649,7 hábitos de las familias altamente efectivas,Stephen R. Covey,4.16,1400083419,9781400000000.0,spa,412,7,0,09/01/2003,Grijalbo
44652,Fablehaven (Fablehaven  #1),Brandon Mull,4.1,1590385810,9781590000000.0,eng,351,117341,8718,06/07/2006,Shadow Mountain
44684,Queen of Sorcery (The Belgariad  #2),David Eddings,4.14,552148083,9780550000000.0,eng,447,453,20,08/03/2000,Corgi Books (Adult)
44685,Castle of Wizardry (The Belgariad  #4),David Eddings,4.16,552148105,9780550000000.0,eng,443,434,12,9/21/1984,Corgi
44705,The Leadership Challenge: Skills for Taking Charge,Warren G. Bennis,0.0,088684049X,9780890000000.0,eng,60,0,0,12/01/1985,AMR/Advanced Management Reports
44734,Fullmetal Alchemist  Vol. 6 (Fullmetal Alchemist  #6),Hiromu Arakawa/Akira Watanabe,4.58,1421503190,9781420000000.0,eng,200,10052,201,3/21/2006,VIZ Media LLC
44735,The Elements of Typographic Style,Robert Bringhurst,4.24,881792063,9780880000000.0,en-US,352,7564,206,9/27/2004,Hartley & Marks Publishers
44737,The Elements of Visual Style: The Basics of Print Design for Every PC and Mac User,Robert W. Harris,3.21,618772456,9780620000000.0,en-US,177,14,3,05/01/2007,Houghton Mifflin Harcourt
44739,Graphic Design Solutions,Robin Landa,4.04,1401881548,9781400000000.0,en-US,403,147,12,4/27/2005,Delmar Thomson Learning
44748,The Mask of the Enchantress,Victoria Holt,3.85,449210847,9780450000000.0,eng,0,21,1,10/12/1981,Ivy Books
44749,Secret for a Nightingale,Victoria Holt,3.82,449212963,9780450000000.0,eng,396,1873,34,10/12/1987,Ivy Books
44758,The Silk Vendetta,Victoria Holt,3.82,449215482,9780450000000.0,eng,373,2261,47,11/27/1988,Ivy Books
44759,Curse Of The Kings,Victoria Holt,3.76,044920068X,9780450000000.0,eng,304,15,1,06/12/1985,Fawcett Crest Books
44766,Purple Cane Road (Dave Robicheaux  #11),James Lee Burke,4.15,440224047,9780440000000.0,en-US,387,5467,246,05/08/2001,Dell
44781,Parliament of Whores: A Lone Humorist Attempts to Explain the Entire U.S. Government,P.J. O'Rourke,4.01,802139701,9780800000000.0,en-US,240,2762,180,01/07/2003,Grove Press
44783,Monkeewrench (Monkeewrench  #1),P.J. Tracy,4.12,045121157X,9780450000000.0,eng,421,8031,618,04/06/2004,G.P. Putnam's Sons
44787,P. J. Funnybunny Camps Out,Marilyn Sadler/Roger Bollen,3.87,679832696,9780680000000.0,eng,32,169,16,2/22/1994,Random House Books for Young Readers
44790,Lo único que no podrás hacer en el cielo,Mark Cahill,4.13,964366568,9780960000000.0,spa,255,15,0,03/01/2007,Mark Cahill Ministries
44795,The Moon And Sixpence,W. Somerset Maugham,4.13,99284766,9780100000000.0,eng,215,447,53,09/02/1999,Vintage Classics
44801,De profundis,Oscar Wilde,4.18,8484034348,9788480000000.0,spa,192,13,2,09/01/2004,Edimat Libros
44815,Un amour de swann (À la recherche du temps perdu  #1.2),Marcel Proust,3.92,2035882133,9782040000000.0,fre,432,4,0,06/01/2006,Larousse
44816,Serious Girls,Maxine Swann,3.2,312288018,9780310000000.0,eng,240,207,28,12/01/2004,Picador USA
44821,Deadly Love (Francesca Cahill Deadly  #1),Brenda Joyce,3.96,312977670,9780310000000.0,eng,338,755,52,1/15/2001,St. Martin's
44824,Exiled in Paris: Richard Wright  James Baldwin  Samuel Beckett and Others on the Left Bank,James    Campbell,4.03,520234413,9780520000000.0,eng,304,35,6,02/01/2003,University of California Press
44826,The Price of the Ticket: Collected Nonfiction  1948-1985,James Baldwin,4.7,312643063,9780310000000.0,eng,712,404,30,9/15/1985,St. Martin's Press
44836,2006 International Building Code,International Code Council (ICC),3.27,1580012515,9781580000000.0,eng,664,11,1,03/06/2006,International Code Council
44841,Einstein's Monsters,Martin Amis/Erroll McDonald,3.4,679729968,9780680000000.0,eng,151,820,33,01/05/2011,Vintage International
44849,Code Check Electrical: An Illustrated Guide to Wiring a Safe House,Michael      Casey/Redwood Kardon/Douglas Hansen,4.67,1561587389,9781560000000.0,eng,29,3,0,11/11/2005,Taunton Press
44851,International Building Code 2003,International Code Council (ICC),3.62,1892395568,9781890000000.0,eng,656,15,2,2/16/2003,International Code Council
44865,The Major Works,Alexander Pope/Pat Rogers,3.87,019920361X,9780200000000.0,eng,768,213,8,11/06/2006,Oxford University Press
44866,Poetry and Prose of Alexander Pope (Riverside Editions),Alexander Pope/Aubrey Williams,3.97,395051568,9780400000000.0,eng,512,93,5,01/02/1968,Houghton Mifflin Company
44877,Illustrated Guide to the NEC: Based on the 2005 National Electric Code,Charles R. Miller,4.06,1401850685,9781400000000.0,eng,452,2,0,12/01/2004,Cengage Learning
44879,Surfer's Code: Twelve Simple Lessons For Riding Through Life,Shaun Tomson/Patrick Moser,3.82,1423600762,9781420000000.0,en-US,192,114,17,09/01/2006,Gibbs Smith Publishers
44881,Code Orange,Caroline B. Cooney,3.63,385732597,9780390000000.0,eng,200,5889,693,9/27/2005,Delacorte Press
44882,Code,Charles Petzold,4.39,735611319,9780740000000.0,eng,400,4919,418,10/21/2000,Microsoft Press
44883,Brando Unzipped: A Revisionist and Very Private Look at America's Greatest Actor,Darwin Porter,3.51,974811823,9780970000000.0,eng,625,81,16,01/05/2006,Blood Moon Productions
44891,The Kid Stays in the Picture,Robert  Evans,3.92,571219314,9780570000000.0,eng,462,2209,176,2/19/2004,Faber & Faber
44896,Measle and the Dragodon,Ian Ogilvy,3.97,60586907,9780060000000.0,eng,352,263,13,09/01/2006,HarperTrophy
44898,The Unpublished David Ogilvy,David Ogilvy/Joel Raphaelson,4.16,517566095,9780520000000.0,eng,178,255,19,10/21/1987,Crown
44900,The Alchemist’s Kitchen: Extraordinary Potions & Curious Notions,Guy Ogilvy,4.03,802715400,9780800000000.0,eng,58,136,12,10/17/2006,Bloomsbury
44905,Writing Down the Bones: Freeing the Writer Within,Natalie Goldberg,4.19,1590303164,9781590000000.0,eng,312,21673,1395,01/10/2006,Shambhala Publications
44906,Black Hawk Down: A Story of Modern War,Mark Bowden,4.28,451205146,9780450000000.0,eng,496,368,39,01/01/2002,Signet
44916,Writing Secure Code,Michael  Howard/David LeBlanc,4.01,735617228,9780740000000.0,en-US,768,328,10,12/14/2002,Microsoft Press
44919,Working Effectively with Legacy Code,Michael C. Feathers,4.14,131177052,76092025986.0,eng,464,3450,195,09/01/2004,Prentice Hall
44921,Explode the Code 1,Nancy Hall,4.37,838814603,9780840000000.0,eng,99,89,10,01/01/2001,School Specialty Publishing
44925,Down the Long Hills,Louis L'Amour,4.07,553280813,9780550000000.0,eng,208,2503,141,09/01/1984,Bantam
44930,The Glass Books of the Dream Eaters (Miss Temple  Doctor Svenson  and Cardinal Chang  #1),Gordon Dahlquist,3.5,385340354,9780390000000.0,en-US,760,3678,459,12/15/2006,Bantam Books
44933,Breaking the Maya Code,Michael D. Coe,4.03,500281335,9780500000000.0,eng,304,402,42,10/01/1999,Thames  Hudson
44936,Refactoring: Improving the Design of Existing Code,Martin Fowler/Kent Beck/Don Roberts/Erich Gamma,4.24,201485672,9780200000000.0,eng,431,6086,222,07/08/1999,Addison-Wesley Professional
44941,The Heart's Code: Tapping the Wisdom and Power of Our Heart Energy,Paul Pearsall/Gary E. Schwartz/Linda G. Russek,4.01,767900952,9780770000000.0,en-US,304,267,34,04/06/1999,Harmony
44949,Write Great Code: Volume 1: Understanding the Machine,Randall Hyde,3.92,1593270038,9781590000000.0,eng,456,145,12,11/08/2004,No Starch Press
44950,Code of the Samurai: A Modern Translation of the Bushido Shoshinshu of Taira Shigesuke,Daidōji Yūzan/Oscar Ratti/Thomas Cleary,4.04,804831904,9780800000000.0,eng,128,2274,87,9/15/1999,Tuttle Publishing
44954,Code: And Other Laws of Cyberspace,Lawrence Lessig,3.94,465039138,9780470000000.0,eng,320,212,12,7/13/2000,Basic Books
44958,Landscape Within: Insights and Inspirations for Photographers,David   Ward/Joe Cornish,4.36,190253834X,9781900000000.0,eng,128,22,3,11/01/2004,Aurum Press
44972,Bob Marley - Songs of Freedom,Bob Marley,4.48,793536693,9780790000000.0,eng,200,16,1,12/01/1995,Hal Leonard Publishing Corporation
44976,Such a Good Girl and Other Crime Stories,Ed Gorman/Richard Laymon,3.6,786229985,9780790000000.0,eng,256,5,1,01/07/2001,Five Star (ME)
44979,Howards End,E.M. Forster/Nadia May,3.96,786168471,9780790000000.0,eng,9,32,16,06/01/2007,Blackstone Audiobooks
44982,Three Complete Novels: Howards End  A Room with a View  Where Angels Fear to Tread,E.M. Forster/Neil Felshman,4.22,517091267,9780520000000.0,eng,503,389,31,2/20/1993,Gramercy Books
44987,Kim,Rudyard Kipling,3.72,486445089,9780490000000.0,eng,240,159,19,11/08/2005,Dover Publications
44988,Kim,Rudyard Kipling/Pankaj Mishra,3.72,812971345,9780810000000.0,eng,306,113,22,02/10/2004,Modern Library
45000,The Island at the Center of the World: The Epic Story of Dutch Manhattan and the Forgotten Colony That Shaped America,Russell Shorto,4.14,1400078679,9781400000000.0,eng,384,6919,777,04/12/2005,Vintage
45017,The Bard's Tale: Prima's Official Strategy Guide,Craig Keller,4.17,761545646,9780760000000.0,eng,144,6,0,10/26/2004,Prima Games
45018,The Free Bards (Bardic Voices  #1-3),Mercedes Lackey,4.18,067187778X,9780670000000.0,eng,712,1530,20,05/01/1997,Baen
45019,Insurgency and Terrorism: From Revolution to Apocalypse,Bard E. O'Neill,3.91,1574881728,9781570000000.0,eng,240,133,8,06/01/2005,Potomac Books
45020,Shakespeare's Landlord (Lily Bard  #1),Charlaine Harris,3.76,425206866,9780430000000.0,eng,216,22721,1111,11/01/2005,Berkley
45025,Liturgies of the Western Church,Bard Thompson,3.96,800614283,9780800000000.0,eng,434,52,8,09/01/1980,Augsburg Fortress Publishing
45030,Bedlam's Bard (Bedlam Bard  #1-2),Mercedes Lackey/Ellen Guon,3.95,141653282X,9781420000000.0,eng,617,3016,30,6/30/2006,Baen Books
45035,Mansfield Park,Jane Austen/James Kinsley/Jane Stabler,3.86,019280264X,9780190000000.0,eng,418,1492,73,10/02/2003,Oxford University Press
45036,Walking the Rez Road,Jim Northrup,4.15,089658321X,9780900000000.0,eng,176,153,16,10/26/1995,Voyageur Press
45037,Mansfield Park,Jane Austen/Carol Shields,3.86,375757813,9780380000000.0,eng,420,328,38,10/09/2001,Modern Library
45041,Mansfield Park,Jane Austen,3.86,755331478,9780760000000.0,eng,454,142,18,5/15/2006,Headline
45046,Mansfield Park,Jane Austen,3.86,140620664,9780140000000.0,eng,479,505,54,5/26/1994,Penguin
45052,The Mini Zen Gardening Kit,Daniel Abdal-Hayy Moore,3.16,762408286,9780760000000.0,eng,40,14,1,09/04/2000,RP Minis
45054,The Zen Gardening Kit/Book and Japanese Rock Garden,Daniel Abdal-Hayy Moore,3.16,1561381489,9781560000000.0,eng,96,29,2,11/23/1992,Running Press Book Publishers
45057,Stalky & Co.,Rudyard Kipling,3.89,1406503258,9781410000000.0,eng,212,552,42,12/21/2005,Dodo Press
45066,The Mill on the Floss,George Eliot/Carol T. Christ,3.79,393963322,9780390000000.0,eng,640,133,16,11/17/1993,W. W. Norton & Company
45085,Zen in Your Garden,Jenny Hendy,3.6,1841811106,9781840000000.0,eng,128,7,2,01/04/2003,Godsfield Press Ltd
45092,Agnes Grey,Anne Brontë/Fred Schwarzbach,3.68,1593083238,9781590000000.0,eng,224,418,77,10/01/2005,Barnes  Noble Classics
45101,The Mad Ship (Liveship Traders  #2),Robin Hobb,4.23,6498868,9780010000000.0,eng,906,38753,893,02/04/2008,Harper Voyager
45102,Ship of Destiny (Liveship Traders  #3),Robin Hobb,4.22,553575651,9780550000000.0,eng,789,46646,1014,11/27/2001,Spectra Books
45106,Forest Mage (Soldier Son  #2),Robin Hobb,3.39,60757639,9780060000000.0,eng,718,13716,393,8/29/2006,Harper Voyager
45112,Assassin's Quest (Farseer Trilogy  #3),Robin Hobb,4.18,553565699,9780550000000.0,eng,757,67473,1967,01/05/1998,Spectra
45113,Der lohfarbene Mann (Die zweiten Chroniken von Fitz  dem Weitseher  #1),Robin Hobb,4.31,3404283368,9783400000000.0,ger,880,8,0,04/01/2003,Lübbe
45114,Disordered Minds,Minette Walters,3.78,425199355,9780430000000.0,eng,544,2968,123,12/07/2004,Berkley
45116,The Scold's Bridle,Minette Walters,3.95,312956126,9780310000000.0,eng,384,7019,113,10/15/1995,St. Martin's Press
45117,Fox Evil,Minette Walters,3.6,425214923,9780430000000.0,en-US,400,2777,119,11/07/2006,Berkley Trade
45118,The Devil's Feather,Minette Walters,3.63,307264629,9780310000000.0,eng,349,2343,153,8/22/2006,Alfred A. Knopf
45119,The Breaker,Minette Walters,3.62,515128821,9780520000000.0,eng,384,2919,142,08/01/2000,Jove
45121,The Echo,Minette Walters,3.63,515122564,9780520000000.0,eng,368,3017,124,04/01/1998,Jove Books
45149,A Painted House,John Grisham,3.7,99416158,9780100000000.0,eng,466,484,48,9/29/2002,Arrow Books
45159,D is for Dahl: A gloriumptious A-Z guide to the world of Roald Dahl,Wendy Cooling/Quentin Blake/Roald Dahl,4.08,670060232,9780670000000.0,en-US,160,1246,54,06/02/2005,Viking Children's Books
45161,The Roald Dahl Audio Collection,Roald Dahl,4.41,61214965,9780060000000.0,en-US,4,199,36,2/20/2007,HarperCollins Publishers
45169,Step on a Crack (Michael Bennett  #1),James Patterson/Michael Ledwidge,4.01,316013943,9780320000000.0,eng,383,37552,1592,02/06/2007,Little Brown and Company
45179,The Railway Children,E. Nesbit,4.01,140621628,9780140000000.0,en-GB,212,177,16,04/01/1995,Penguin Books  Limited (UK)
45181,Five Children and It (Five Children #1),E. Nesbit,3.88,140367357,9780140000000.0,eng,237,18723,722,12/01/1996,Puffin
45182,Five Children and It,E. Nesbit/Gillian Avery,3.88,143039156,9780140000000.0,eng,240,63,7,12/28/2004,Penguin Classics
45183,The Enchanted Castle,E. Nesbit/H.R. Millar,3.85,140367438,9780140000000.0,eng,291,6352,397,07/01/1994,Puffin
45193,Treasure Island #2: Off to Sea (Easy Reader Classics),Catherine Nichols/Sally Wern Comport/Robert Louis Stevenson,4.17,1402732988,9781400000000.0,eng,32,6,0,5/28/2006,Sterling
45194,A Passage to India: A Reader's Guide to Essential Criticism,Betty Jay,3.56,184046027X,9781840000000.0,en-GB,176,108,6,8/16/2003,Palgrave Macmillan
45195,A Passage to India,E.M. Forster/Oliver Stallybrass/Pankaj Mishra,3.68,014144116X,9780140000000.0,eng,376,55810,2148,8/30/2005,Penguin Books
45201,A Passage to India,E.M. Forster,3.68,140274235,9780140000000.0,en-GB,288,441,40,09/03/1998,Penguin Books
45205,No Name,Wilkie Collins/Virginia Blain,3.92,019283388X,9780190000000.0,eng,748,7174,297,6/25/1998,Oxford University Press
45206,Miss or Mrs?/ The Haunted Hotel/ The Guilty River,Wilkie Collins/Norman Page/Toru Sasaki,3.79,192833073,9780190000000.0,eng,360,175,14,5/13/1999,Oxford University Press  USA
45207,The Law and the Lady,Wilkie Collins/David Skilton,3.8,140436073,9780140000000.0,en-GB,383,120,15,9/24/1998,Penguin Classics
45213,The Woman In White,Wilkie Collins,4.0,185715018X,9781860000000.0,en-GB,664,50,11,9/26/1991,Everyman's Library
45217,Armadale,Wilkie Collins/Catharine Peters,3.91,192834673,9780190000000.0,eng,880,56,11,08/12/1999,Oxford University Press
45220,I Never Promised You a Rose Garden,Hannah  Green/Joanne Greenberg,3.87,451160312,9780450000000.0,eng,288,24126,609,11/07/1989,Signet
45223,I Never Promised You a Rose Garden,Hannah  Green/Joanne Greenberg,3.87,451131363,9780450000000.0,eng,256,2,0,03/01/1965,Signet
45234,The Gun Seller,Hugh Laurie,3.68,067102082X,9780670000000.0,eng,340,14495,1434,10/01/1998,Washington Square Press
45250,A Quantum Murder (Greg Mandel  #2),Peter F. Hamilton,3.97,812555244,9780810000000.0,eng,375,4016,95,6/15/1998,Tor Books
45251,Judas Unchained (Commonwealth Saga  #2),Peter F. Hamilton,4.31,345461673,9780350000000.0,en-US,1008,738,68,3/27/2007,Del Rey
45252,Pandora's Star,Peter F. Hamilton,4.24,345461622,9780350000000.0,eng,768,33987,1519,03/02/2005,Del Rey
45253,Mindstar Rising (Greg Mandel  #1),Peter F. Hamilton,3.92,812590562,9780810000000.0,en-US,432,6192,171,5/15/1997,Tor Books
45255,The Reality Dysfunction Part 2: Expansion (Night's Dawn 1),Peter F. Hamilton,4.3,446605166,9780450000000.0,eng,572,4092,39,08/01/1997,Aspect
45259,Anthony Thwaite: In Conversation With Peter Dale and Ian Hamilton,Peter  Dale/Ian          Hamilton/Anthony Thwaite,0.0,953284123,9780950000000.0,eng,96,0,0,12/09/1999,Between the Lines Productions
45267,Doisneau,Peter Hamilton/Robert Doisneau/David    Elliott,4.36,1900826240,9781900000000.0,eng,128,4,0,07/01/2000,Cartago
45279,Criptonomicón II: El código Pontifex,Neal Stephenson/Pedro Jorge Romero,4.1,8466616926,9788470000000.0,spa,496,404,17,11/01/2005,Ediciones B
45280,Quicksilver (The Baroque Cycle  #1),Neal Stephenson,3.93,434008176,9780430000000.0,eng,927,171,12,10/02/2003,William Heinemann
45283,Todo está iluminado,Jonathan Safran Foer,3.9,8497930975,9788500000000.0,spa,344,108,11,11/30/2007,DeBolsillo
45288,The Portable Walt Whitman,Walt Whitman/Michael Warner,4.33,142437689,9780140000000.0,eng,570,82,5,12/30/2003,Penguin Books
45289,Walt Whitman's America,David S. Reynolds,4.17,679767096,9780680000000.0,eng,672,387,43,3/19/1996,Vintage
45291,Walt Whitman: A Life,Justin Kaplan,3.99,60535113,9780060000000.0,eng,464,217,17,07/08/2003,Harper Perennial Modern Classics
45292,Walt Whitman: Words for America,Barbara Kerley/Brian Selznick,4.05,439357918,9780440000000.0,eng,56,258,58,10/01/2004,Scholastic Press
45294,Love  Hate and Everything in Between: Expressing Emotions in Japanese,Mamiko Murakami/Ernest Reiss,3.54,4770028032,9784770000000.0,eng,176,27,0,03/01/2002,Kodansha
45296,Blind Willow  Sleeping Woman,Haruki Murakami/Jay Rubin/Philip Gabriel,3.84,1400096081,9781400000000.0,eng,362,1162,132,09/01/2007,Vintage
45306,Haruki Murakami and the Music of Words,Jay Rubin,3.83,1860469868,9781860000000.0,eng,326,38,2,12/03/2005,Harvill Press
45310,Hard-Boiled Wonderland and the End of the World,Haruki Murakami/Alfred Birnbaum,4.15,4770015445,9784770000000.0,eng,400,247,41,09/01/1991,Kodansha
45312,The Wind-Up Bird Chronicle,Haruki Murakami/Jay Rubin,4.17,679446699,9780680000000.0,eng,611,301,67,10/21/1997,Alfred A. Knopf
45313,After the Quake,Haruki Murakami/Jay Rubin,3.78,375413901,9780380000000.0,eng,182,564,84,8/13/2002,Alfred A. Knopf
45314,Kafka on the Shore,Haruki Murakami/Philip Gabriel,4.14,1400043662,9781400000000.0,en-US,436,1989,315,1/26/2005,Knopf Publishing Group
45316,Sputnik Sweetheart,Haruki Murakami/Philip Gabriel,3.83,375411690,9780380000000.0,eng,210,582,92,4/24/2001,Alfred A. Knopf
45325,Joseph Cornell: Secrets in a Box (Adventures in Art),Alison Baverstock/Joseph Cornell/Christopher Wynne,4.03,3791329286,9783790000000.0,eng,27,32,5,09/01/2003,Prestel Publishing
45334,Mandala: Luminous Symbols for Healing (with a New CD of Meditations and Exercises!),Judith Cornell/Joan Borysenko/Miron Borysenko,4.11,835608476,9780840000000.0,en-US,176,73,4,09/01/2006,Quest Books
45336,Dime-Store Alchemy: The Art of Joseph Cornell,Charles Simic,4.18,1590171705,9781590000000.0,eng,116,70,12,09/12/2006,NYRB Classics
45337,Night Has a Thousand Eyes,Cornell Woolrich,3.77,1933648279,9781930000000.0,eng,344,704,74,04/01/2007,Pegasus Books
45338,Rendezvous in Black,Cornell Woolrich/Richard Dooling,3.96,812971450,9780810000000.0,eng,211,1087,99,3/16/2004,Modern Library
45343,The Nixie's Song (Beyond the Spiderwick Chronicles  #1),Tony DiTerlizzi/Holly Black,3.73,689871317,9780690000000.0,eng,162,9927,416,9/18/2007,Simon  Schuster Books for Young Readers
45348,When the Darkness Will Not Lift: Doing What We Can While We Wait for God—And Joy,John Piper,4.13,1581348762,9781580000000.0,eng,79,1279,126,12/14/2006,Crossway Books
45349,Desiring God: Meditations of a Christian Hedonist,John Piper,4.14,1844740447,9781840000000.0,en-US,391,65,9,7/16/2004,Inter-Varsity Press
45350,Suffering and the Sovereignty of God,John Piper/Justin Taylor/Mark Talbot/David A. Powlison/Steve Saint/Dustin Shramek/Carl Ellis,4.3,1581348096,9781580000000.0,eng,254,652,47,9/13/2006,Crossway Books
45352,When I Don't Desire God: How to Fight for Joy,John Piper,4.19,1581346522,9781580000000.0,eng,268,4446,218,9/21/2004,Crossway Books
45354,The Legacy of Sovereign Joy: God's Triumphant Grace in the Lives of Augustine  Luther  and Calvin (The Swans Are Not Silent  #1),John Piper,4.27,1581348134,9781580000000.0,eng,158,839,65,08/11/2006,Crossway Books
45358,The Hidden Smile of God: The Fruit of Affliction in the Lives of John Bunyan  William Cowper  and David Brainerd (The Swans Are Not Silent  #2),John Piper,4.34,1581342470,9781580000000.0,eng,175,675,61,1/15/2001,Crossway Books
45362,The Passion of Jesus Christ,John Piper,4.23,1581346085,9781580000000.0,eng,127,6164,136,01/09/2004,Crossway Books
45369,Arthur & George,Julian Barnes,3.7,1400097037,9781400000000.0,eng,445,11626,1141,01/09/2007,Vintage International
45378,Wartime Lies,Louis Begley,3.71,449001172,9780450000000.0,eng,240,524,54,10/15/1997,Ballantine Books
45382,Schmidt Delivered (Schmidt  #2),Louis Begley,3.61,345440838,9780350000000.0,en-US,320,107,12,10/30/2001,Ballantine Books
45392,The Brave Women of the Gulf Wars: Operation Desert Storm and Operation Iraqi Freedom,Karen Zeinert/Mary Miller,4.0,761327053,9780760000000.0,eng,112,1,0,09/01/2005,Twenty-First Century Books (CT)
45399,The Classic Ten: The True Story of the Little Black Dress and Nine Other Fashion Favorites,Nancy MacDonell Smith/Nancy MacDonell,3.43,142003565,9780140000000.0,en-US,224,109,14,10/28/2003,Penguin Books
45414,The Locked Room (The New York Trilogy  #3),Paul Auster,3.89,140097368,9780140000000.0,en-US,192,62,3,01/05/1988,Penguin Books
45420,The Home Front,Brian Braithwaite/Noelle Walsh/Glyn Davies,3.4,852237510,9780850000000.0,eng,192,1,1,2/23/1989,Ebury Press
45431,Half Moon Investigations,Eoin Colfer,3.77,786849606,9780790000000.0,en-US,304,279,41,04/01/2007,Disney-Hyperion
45432,The Supernaturalist,Eoin Colfer,3.86,078685149X,9780790000000.0,en-US,267,24863,1001,4/20/2005,Disney-Hyperion
45436,The Wish List,Eoin Colfer,3.77,439443369,9780440000000.0,eng,252,13988,589,07/01/2004,Scholastic Inc.
45438,Legend of the Worst Boy in the World,Eoin Colfer/Glenn McCoy,3.76,786855037,9780790000000.0,en-US,101,328,43,05/01/2007,Hyperion Books for Children
45440,The Legend of Spud Murphy,Eoin Colfer/Glenn McCoy,3.88,786855010,9780790000000.0,eng,96,92,25,09/06/2004,Disney-Hyperion
45442,La venganza de Opal (Artemis Fowl  #4),Eoin Colfer/Ana Alcaina,4.05,307344673,9780310000000.0,spa,368,42,2,11/01/2005,Random House Mondadori
45444,Going Potty,Eoin Colfer,3.14,862786029,9780860000000.0,eng,64,7,1,10/01/1999,O'Brien Press
45449,Artemis Fowl (Artemis Fowl  #1),Eoin Colfer/Claudia Feldmann,3.84,3548603203,9783550000000.0,ger,240,428,24,05/01/2003,List
45450,La última oportunidad,Eoin Colfer,3.77,307350053,9780310000000.0,spa,258,2,0,04/04/2006,Plaza y Janes
45455,Artemis Fowl (Artemis Fowl  #1),Eoin Colfer/Ana Alcaina,3.84,8497939204,9788500000000.0,spa,286,45,3,3/30/2006,DEBOLS!LLO
45462,La venganza de opal (Artemis Fowl  #4),Eoin Colfer,4.05,8484412474,9788480000000.0,spa,368,21,1,4/30/2005,Montena
45463,Encuentro en el Ártico (Artemis Fowl  #2),Eoin Colfer/Ana Alcaina Pérez,3.95,307343103,9780310000000.0,spa,320,15,3,07/05/2005,Montena
45465,Artemis Fowl (Artemis Fowl  #1),Eoin Colfer/Nathaniel Parker,3.84,1400085918,9781400000000.0,eng,6,55,14,04/06/2004,Listening Library
45472,Treasury of American Tall Tales: Volume 1: Davy Crockett  Rip Van Winkle  Johnny Appleseed  Paul Bunyan (Rabbit Ears),David Bromberg/Jay Ungar/Molly Mason/Garrison Keillor/Mark O'Connor/Jonathan Winters/Duck Baker/Washington Irving/Anjelica Huston/Nicolas Cage/Leo Kottke,3.86,739336509,9780740000000.0,eng,0,36,9,8/22/2006,Listening Library (Audio)
45479,The Subtle Knife (His Dark Materials  #2),Philip Pullman/Ian Beck,4.13,375846727,9780380000000.0,eng,326,677,77,09/01/2007,Alfred A. Knopf Books for Young Readers
45480,The Amber Spyglass (His Dark Materials  #3),Philip Pullman/Ian Beck,4.09,375846735,9780380000000.0,en-US,518,562,61,09/01/2007,Alfred A. Knopf Books for Young Readers
45485,The Subtle Knife (His Dark Materials  #2),Philip Pullman,4.13,807210471,9780810000000.0,eng,8,39,8,1/28/2000,Listening Library
45486,His Dark Materials (His Dark Materials  #1-3),Philip Pullman,4.26,375847227,9780380000000.0,eng,933,2656,260,04/10/2007,Alfred A. Knopf
45487,El catalejo lacado (La Materia Oscura  #3),Philip Pullman,4.09,8440699476,9788440000000.0,spa,446,565,49,05/01/2005,Ediciones B
45490,His Dark Materials Omnibus (His Dark Materials),Philip Pullman,4.26,375947221,9780380000000.0,eng,944,70,9,04/10/2007,Knopf Books for Young Readers
45492,Northern Lights (His Dark Materials  #1),Philip Pullman,3.98,439994128,9780440000000.0,en-GB,399,836,62,9/14/2001,Scholastic Press
45495,El alquimista: una fábula para seguir tus sueños,Paulo Coelho/Juan Godó Costa,3.86,62511408,9780060000000.0,eng,192,775,43,10/23/2018,Rayo
45500,La conspiración de los alquimistas,Hania Czajkowski,4.0,030727411X,9780310000000.0,spa,488,51,4,03/05/2005,Debolsillo
45503,El Alquimista: Edicion Illustrada: Edicion Illustrada,Paulo Coelho,3.86,61351342,9780060000000.0,eng,192,43,5,04/10/2007,Rayo
45506,The Call of the Mall: How we shop,Paco Underhill,3.6,1861974426,9781860000000.0,eng,227,14,1,04/01/2004,Profile Books
45511,Die Broke: A Radical Four-Part Financial Plan,Stephen M. Pollan/Mark LeVine,3.64,887309429,9780890000000.0,en-US,320,270,45,9/23/1998,Harper Business
45515,Live Rich  Die Broke,Stephen M. Pollan,3.29,1594860165,9781590000000.0,en-US,482,14,2,01/01/2005,Rodale Books
45516,The Die Broke Financial Problem Solver,Stephen M. Pollan/Mark LeVine,2.33,66619912,9780070000000.0,en-US,272,3,0,12/26/2000,William Morrow Paperbacks
45529,Montaillou: The Promised Land of Error,Emmanuel Le Roy Ladurie/Barbara Bray,3.96,394729641,9780390000000.0,eng,416,1142,62,07/12/1979,Vintage/Random House (NY)
45530,Montaillou: Cathars and Catholics in a French Village 1294-1324,Emmanuel Le Roy Ladurie/Barbara Bray,3.96,140137009,9780140000000.0,eng,400,80,14,12/05/2002,Penguin
45531,Montaillou  village occitan de 1294 à 1324,Emmanuel Le Roy Ladurie/Emmanuel Le Roy-Ladurie,3.96,2070323285,9782070000000.0,fre,640,15,2,6/31/1982,Folio histoire
45533,Montaillou: Cathars and Catholics in a French Village  1294-1324,Emmanuel Le Roy Ladurie/Barbara Bray,3.96,140054715,9780140000000.0,en-GB,400,17,2,5/29/1980,Penguin Books Ltd.
45536,On the Road,Jack Kerouac/Ann Charters,3.63,142437255,9780140000000.0,en-US,307,3271,342,01/03/2006,Penguin Classics
45546,Undaunted Courage: The Pioneering First Mission to Explore America's Wild Frontier,Stephen E. Ambrose,4.21,074347788X,9780740000000.0,eng,592,41236,1830,10/06/2003,Simon & Schuster
45549,Undaunted Courage,Stephen E. Ambrose/Barrett Whitener,4.21,1415918090,9781420000000.0,eng,22,8,2,03/08/2005,Books on Tape
45557,Co. Aytch: A Confederate Memoir of the Civil War,Sam R. Watkins,4.13,684833247,9780680000000.0,eng,240,23,2,08/12/1997,Touchstone Books
45564,Jonny Reb & Billy Yank,Alexander Hunter,4.11,1568520808,9781570000000.0,eng,635,14,2,5/31/1998,Not Avail
45568,El Superzorro,Roald Dahl/Horacio Elena,4.05,9681907191,9789680000000.0,spa,96,174,20,06/01/2000,Alfaguara Infantil
45570,Fantastic Mr Fox,David Wood/Roald Dahl,4.09,057305133X,9780570000000.0,en-GB,74,65,2,01/05/2011,Samuel French Ltd
45572,Fantastic Mr. Fox (Cover to Cover),Roald Dahl,4.05,1855495090,9781860000000.0,eng,90,7,0,9/15/1995,BBC Audiobooks
45574,Ajax in Action,Dave Crane/Eric Pascarello/Darren James,3.56,1932394613,9781930000000.0,en-US,680,126,10,11/03/2005,Manning Publications
45583,Historia del rey transparente,Rosa Montero,3.9,8466318771,9788470000000.0,spa,592,1266,90,09/01/2006,Punto de Lectura
45585,Bella y oscura,Rosa Montero,3.66,843221728X,9788430000000.0,spa,204,293,31,03/01/2006,Planeta Publishing
45592,La tía Julia y el escribidor,Mario Vargas Llosa,3.92,8466302298,9788470000000.0,spa,566,162,10,03/01/2001,Suma
45595,La Tía Julia y el Escribidor,Mario Vargas Llosa,3.92,8432203238,9788430000000.0,spa,447,25,4,07/10/1977,Seix Barral
45604,Narraciones Extraordinarias,Edgar Allan Poe,4.13,9583006408,9789580000000.0,spa,316,36,4,06/01/2004,Panamericana Editorial
45607,Las Crónicas de Narnia,C.S. Lewis/Margarita E. Valdes/Gemma Gallart/Pauline Baynes,4.26,61199001,9780060000000.0,spa,816,186,11,11/07/2006,HarperCollins Espanol
45615,O Trono de Prata (As Crónicas de Nárnia  #6),C.S. Lewis/Ana Falcão Bastos,3.96,972233168X,9789720000000.0,por,168,141,10,4/16/2004,Editorial Presença
45616,A Última Batalha (As Crónicas de Nárnia  #7),C.S. Lewis/Pauline Baynes/Ana Falcão Bastos,4.03,9722332201,9789720000000.0,por,149,211,24,7/17/2004,Editorial Presença
45617,O Cavalo e o Seu Rapaz (As Crónicas de Nárnia  #3),C.S. Lewis/Pauline Baynes/Ana Falcão Bastos,3.92,9722330551,9789720000000.0,por,160,207,16,8/15/2003,Editorial Presença
45623,O Sobrinho do Mágico (As Crónicas de Nárnia  #1),C.S. Lewis/Pauline Baynes/Ana Falcão Bastos,4.04,9722329987,9789720000000.0,por,147,396,37,04/08/2003,Editorial Presença
45625,A Viagem do Caminheiro da Alvorada (As Crónicas de Nárnia  #5),C.S. Lewis/Pauline Baynes/Ana Falcão Bastos,4.09,9722331329,9789720000000.0,por,176,161,14,09/01/2004,Editorial Presença
45626,O Príncipe Caspian (As Crónicas de Nárnia  #4),C.S. Lewis/Pauline Baynes/Ana Falcão Bastos,3.97,9722330977,9789720000000.0,por,160,215,11,10/11/2003,Editorial Presença
45630,Whores for Gloria,William T. Vollmann,3.69,140231579,9780140000000.0,en-US,160,932,111,02/01/1994,Penguin Books
45631,Expelled from Eden: A William T. Vollmann Reader,William T. Vollmann/Larry McCaffery/Michael Hemmingson,4.06,1560254416,9781560000000.0,eng,512,156,20,12/21/2004,Da Capo Press
45633,You Bright and Risen Angels,William T. Vollmann,4.08,140110879,9780140000000.0,eng,635,783,56,12/01/1988,Penguin Books
45634,The Ice-Shirt (Seven Dreams #1),William T. Vollmann,3.96,140131965,9780140000000.0,eng,415,820,95,08/01/1993,Penguin Books
45639,Poor People,William T. Vollmann,3.72,60878827,9780060000000.0,eng,434,769,139,2/27/2007,Ecco
45641,Las aventuras de Tom Sawyer,Mark Twain,3.91,8497646983,9788500000000.0,spa,272,113,12,5/28/2006,Edimat Libros
