{
    "Unnamed: 0":{
        "0":0,
        "1":1,
        "2":2,
        "3":3
    },
    "CustomerID":{
        "0":1,
        "1":2,
        "2":3,
        "3":4
    },
    "Gender":{
        "0":"Male",
        "1":"Female",
        "2":"Female",
        "3":"Male"
    },
    "Age":{
        "0":20,
        "1":21,
        "2":19,
        "3":18
    },
    "Annual Income(k$)":{
        "0":10,
        "1":20,
        "2":30,
        "3":10
    },
    "Spending Score":{
        "0":30,
        "1":50,
        "2":48,
        "3":84
    }
}