{
    "Unnamed: 0":{
        "4":4,
        "5":5,
        "6":6,
        "7":7
    },
    "CustomerID":{
        "4":5,
        "5":6,
        "6":7,
        "7":8
    },
    "Gender":{
        "4":"Male",
        "5":"Female",
        "6":"Male",
        "7":"Male"
    },
    "Age":{
        "4":25,
        "5":26,
        "6":32,
        "7":41
    },
    "Annual Income(k$)":{
        "4":25,
        "5":60,
        "6":70,
        "7":15
    },
    "Spending Score":{
        "4":90,
        "5":65,
        "6":32,
        "7":46
    }
}