bookID,title,authors,average_rating,isbn,isbn13,language_code,  num_pages,ratings_count,text_reviews_count,publication_date,publisher
38955,Just Disgusting!,Andy Griffiths/Terry Denton,3.83,330363689,9780330000000.0,eng,180,70,3,08/01/2002,Pan Australia
38970,Thorn in Her Side (The Princess School  #7),Jane B. Mason/Sarah Hines Stephens,3.88,439798736,9780440000000.0,eng,144,214,8,01/01/2006,Scholastic Paperbacks
38977,The Princess of the Chalet School,Elinor M. Brent-Dyer,4.08,000690601X,9780010000000.0,eng,159,465,21,01/01/2000,HarperCollins
38980,The Princess Diaries (The Princess Diaries  #1),Meg Cabot,3.78,613371658,9780610000000.0,eng,283,216359,4137,07/01/2001,Turtleback
38986,Let Down Your Hair,Jane B. Mason/Sarah Hines Stephens,3.83,043962939X,9780440000000.0,eng,144,450,12,12/01/2004,Scholastic Paperbacks
38988,Awakening (Chasing Yesterday  #1),Robin Wasserman,3.95,439933382,9780440000000.0,en-US,207,2569,297,05/01/2007,Scholastic Paperbacks
38989,Betrayal (Chasing Yesterday  #2),Robin Wasserman,3.96,439933412,9780440000000.0,en-US,209,1435,101,07/01/2007,Scholastic Paperbacks
38990,Fun Home: A Family Tragicomic,Alison Bechdel,4.08,618477942,9780620000000.0,eng,240,48966,3928,06/08/2006,Houghton Mifflin Company
38992,Second Home: Finding Your Place in the Fun (Better Homes and Gardens),Denny Caringer/Better Homes and Gardens,3.83,696211521,9780700000000.0,eng,216,6,1,10/15/2000,Better Homes and Gardens Books
39000,Six Frigates: The Epic History of the Founding of the U. S. Navy,Ian W. Toll,4.32,393058476,9780390000000.0,eng,560,3966,322,10/17/2006,W. W. Norton  Company
39001,Power  Sex  Suicide: Mitochondria and the Meaning of Life,Nick Lane,4.24,199205647,9780200000000.0,eng,354,2221,151,12/01/2006,Oxford University Press  USA
39004,Die Tagebücher einer Nanny,Emma McLaughlin/Nicola Kraus,3.42,3442545536,9783440000000.0,ger,344,38,2,02/01/2003,Goldmann
39020,1491: New Revelations of the Americas Before Columbus,Charles C. Mann,4.02,1400032059,9781400000000.0,eng,541,56290,3238,10/10/2006,Vintage
39022,Saint Ignatius Loyola: The Pilgrim Years 1491-1538,James Brodrick,4.09,898706831,9780900000000.0,eng,350,11,1,11/01/1998,Ignatius Press
39026,Deep Storm (Jeremy Logan  #1),Lincoln Child,3.87,385515502,9780390000000.0,eng,370,21502,801,3/15/2007,Doubleday Books
39027,Death Match,Lincoln Child,3.79,307275566,9780310000000.0,eng,388,8699,410,10/31/2006,Anchor Books
39028,The Wheel of Darkness (Pendergast  #8),Douglas Preston/Lincoln Child,3.93,446580287,9780450000000.0,eng,388,21797,1002,8/28/2007,Grand Central Publishing
39030,Reliquary (Pendergast  #2),Douglas Preston/Lincoln Child,4.01,765354950,9780770000000.0,eng,464,32325,1044,08/01/2005,Tor Books
39031,The Cabinet of Curiosities (Pendergast  #3),Douglas Preston/Lincoln Child,4.25,446611239,9780450000000.0,eng,629,34650,1722,06/01/2003,Warner Books
39033,Still Life With Crows (Pendergast  #4),Douglas Preston/Lincoln Child,4.18,446612766,9780450000000.0,eng,564,26865,1228,07/01/2004,Grand Central Publishing
39034,Dancing on My Grave,Gelsey Kirkland/Greg Lawrence,3.8,051509465X,9780520000000.0,eng,363,1593,133,11/01/1987,Jove
39035,Dancing on His Grave: A True Story of Survival and Triumph,Barbara Richard,3.76,1412086531,9781410000000.0,eng,296,16,4,06/05/2006,Trafford Publishing
39045,I Don't Know How She Does It (Kate Reddy  #1),Allison Pearson,3.33,375713751,9780380000000.0,eng,368,16763,1420,8/26/2003,Anchor Books
39046,I Don't Know How She Does It (Kate Reddy  #1),Allison Pearson,3.33,99428385,9780100000000.0,eng,368,214,25,05/01/2003,Vintage
39068,Perfect Girls  Starving Daughters: The Frightening New Normalcy of Hating Your Body,Courtney E. Martin,3.78,743287967,9780740000000.0,en-US,352,1116,125,4/17/2007,Free Press
39077,The 21 Success Secrets of Self-Made Millionaires: How to Achieve Financial Independence Faster and Easier Than You Ever Thought Possible,Brian Tracy,4.05,1583762051,9781580000000.0,eng,91,1627,88,11/13/2000,Berrett-Koehler Publishers
39081,The Cake Book,Tish Boyle/John Uher,4.19,471469335,9780470000000.0,eng,384,100,12,4/14/2006,Houghton Mifflin Harcourt
39088,Grand Finales: A Modernist View of Plated Desserts,Tish Boyle/Timothy Moriarty,4.24,471292516,9780470000000.0,eng,288,17,0,11/07/1997,Wiley
39093,The Making of the Fittest: DNA and the Ultimate Forensic Record of Evolution,Sean B. Carroll/Jamie W. Carroll/Leanne M. Olds,4.07,393061639,9780390000000.0,eng,304,2611,105,10/17/2006,W. W. Norton  Company
39097,The Bride Finder (St. Leger  #1),Susan Carroll,3.84,449003884,9780450000000.0,eng,416,1242,96,1/30/1999,Ivy Books
39099,The Courtesan (The Dark Queen Saga  #2),Susan Carroll,3.9,345437977,9780350000000.0,eng,560,2218,104,7/26/2005,Ballantine Books
39101,Giovanni and Lusanna: Love and Marriage in Renaissance Florence,Gene A. Brucker,3.57,520244958,9780520000000.0,eng,160,268,25,12/14/2004,University of California Press
39102,The Collected Poetry  1968-1998,Nikki Giovanni/Virginia C. Fowler,4.42,60724293,9780060000000.0,eng,512,1249,52,1/23/2007,William Morrow
39103,Mozart's Don Giovanni (the Dover Opera Libretto Series),Wolfgang Amadeus Mozart/Lorenzo Da Ponte/Ellen H. Bleiler,3.94,486249441,9780490000000.0,eng,128,51,2,10/01/1985,Dover Publications
39105,Love Poems,Nikki Giovanni,4.26,688149898,9780690000000.0,eng,96,1743,134,2/14/1997,William Morrow
39106,Rosa,Nikki Giovanni/Bryan Collier,4.35,805071067,9780810000000.0,en-US,40,6097,635,10/01/2005,Henry Holt and Co. (BYR)
39124,The covert war against rock: what you don't know about the deaths of Jim Morrison  Tupac Shakur  Michael Hutchence  Brian Jones  Jimi Hendrix  Phil Ochs  Bob Marley  Peter Tosh  John Lennon  The Notorious B.I.G,Alex Constantine,3.58,092291561X,9780920000000.0,eng,280,85,8,05/01/2000,Feral House
39141,Gale Gand's Short + Sweet : Quick Desserts with Eight Ingredients or Less,Gale Gand/Julia Moskin/Tim Turner,3.71,1400047331,9781400000000.0,eng,160,24,4,1/13/2004,Clarkson Potter/Publishers
39149,What Angels Fear (Sebastian St. Cyr  #1),C.S. Harris,3.89,451219716,9780450000000.0,eng,410,10168,1077,10/03/2006,Signet
39173,Breaking Free from Compulsive Eating,Geneen Roth,4.01,452270847,9780450000000.0,eng,224,182,12,09/01/1993,Plume
39175,When Food Is Love: Exploring the Relationship Between Eating and Intimacy,Geneen Roth,4.04,452268184,9780450000000.0,eng,224,1536,134,07/01/1992,Plume Books
39177,You're Born an Original  Don't Die a Copy!,John Mason,4.06,884193551,9780880000000.0,eng,120,178,24,12/01/1993,Insight International
39180,Orin Aoraiosaa: Songs for Selected Heads,John    Mason,4.39,1881244067,9781880000000.0,eng,450,39,3,01/01/1997,Yoruba Theological Archministry
39181,Guide to Stress Reduction,L. John Mason,4.22,1587610914,9781590000000.0,eng,326,9,1,5/22/2001,Celestial Arts
39191,La máquina de follar,Charles Bukowski,3.92,8433920448,9788430000000.0,spa,190,951,85,07/01/1995,Anagrama
39201,Getting a Grip on the Basics: Building a Firm Foundation for the Victorious Christian Life,Beth A. Jones,4.67,1577948262,9781580000000.0,eng,124,9,0,05/01/2006,Harrison House
39213,Freedom Riders: John Lewis and Jim Zwerg on the Front Lines of the Civil Rights Movement,Ann Bausum,3.98,792241738,9780790000000.0,eng,80,254,57,12/27/2005,National Geographic Children's Books
39242,The Milagro Beanfield War,John     Nichols,4.1,805063749,9780810000000.0,eng,456,9120,395,2/15/2000,Holt McDougal
39245,The Magic Journey,John     Nichols,3.91,805063390,9780810000000.0,eng,528,449,28,2/15/2000,Holt Paperbacks
39266,Captain Slaughterboard Drops Anchor,Mervyn Peake,4.09,763616257,9780760000000.0,en-US,48,165,17,12/31/2001,Candlewick Press (MA)
39286,Hide-and-Seek with Angels: The Life of J.M. Barrie,Lisa Chaney,3.91,99453231,9780100000000.0,eng,448,66,11,5/16/2006,Arrow
39302,The Hunted (Vampire Huntress  #3),L.A. Banks,4.14,312937725,9780310000000.0,eng,565,2732,79,6/13/2005,St. Martin's Paperbacks
39303,The Bitten (Vampire Huntress  #4),L.A. Banks,4.24,312324081,9780310000000.0,en-US,435,2447,63,6/13/2005,St. Martin's Griffin
39304,The Forsaken (Vampire Huntress  #7),L.A. Banks,4.35,312352352,9780310000000.0,eng,448,1878,36,6/27/2006,St. Martin's Griffin
39305,Minion (Vampire Huntress  #1),L.A. Banks,3.44,312987013,9780310000000.0,eng,286,5531,493,05/04/2004,St. Martin's Paperback
39306,The Awakening (Vampire Huntress  #2),L.A. Banks,4.0,312987021,9780310000000.0,eng,300,3173,133,12/28/2004,St. Martin's Paperbacks
39307,The Forbidden (Vampire Huntress  #5),L.A. Banks,4.27,312940025,9780310000000.0,eng,490,2133,42,6/27/2006,St. Martin's Paperbacks
39308,The Damned (Vampire Huntress  #6),L.A. Banks,4.28,312336241,9780310000000.0,eng,487,69,3,1/24/2006,St. Martin's Griffin
39309,The Damned (Vampire Huntress  #6),L.A. Banks,4.28,312934432,9780310000000.0,eng,492,1993,38,01/02/2007,St. Martin's Paperbacks
39311,Brand New Justice: How Branding Places and Products Can Help the Developing World,Simon Anholt,3.69,750666005,9780750000000.0,en-US,184,15,0,1/15/2005,Routledge
39315,Katie's Big Move (Junior Gymnasts  #2),Teddy Slater/Wayne Alfano,3.75,590859986,9780590000000.0,eng,77,12,0,12/31/1996,Scholastic
39317,Amanda's Unlucky Day (Junior Gymnasts  #6),Teddy Slater/Wayne Alfano,3.5,590959883,9780590000000.0,eng,78,6,1,12/31/1997,Apple
39339,Beat That! Cookbook,Ann Hodgman,4.31,395971780,9780400000000.0,eng,208,34,1,10/07/1999,Rux Martin/Houghton Mifflin Harcourt
39346,Stake That (Blood Coven Vampire  #2),Mari Mancusi,3.97,425212106,9780430000000.0,eng,288,5449,191,12/05/2006,Berkley
39347,Sk8er Boy (First Kiss Club #1),Mari Mancusi,3.72,843956046,9780840000000.0,eng,181,357,32,10/01/2005,Leisure Books
39357,Bride & Groom (A Dog Lover's Mystery  #16),Susan Conant/Maxwell Award,3.78,425200744,9780430000000.0,eng,262,263,19,01/04/2005,Berkley
39358,Stud Rites (A Dog Lover's Mystery #9),Susan Conant,3.81,425201597,9780430000000.0,eng,237,322,16,03/01/2005,Berkley Prime Crime Books
39359,The Dogfather (A Dog Lover's Mystery  #15),Susan Conant,3.83,425194590,9780430000000.0,eng,272,320,20,02/03/2004,Berkley
39360,Steamed (A Gourmet Girl Mystery  #1),Jessica Conant-Park/Susan Conant,3.45,425210383,9780430000000.0,eng,320,956,93,02/06/2007,Berkley
39361,Paws Before Dying (A Dog Lover's Mystery  #4),Susan Conant,3.9,425144305,9780430000000.0,eng,197,427,20,01/01/1960,Berkley Books
39363,A New Leash on Death (A Dog Lover's Mystery  #1),Susan Conant,3.79,425146227,9780430000000.0,eng,180,1097,71,04/01/1994,Berkley Prime Crime
39365,Scratch the Surface (A Cat Lover's Mystery #1),Susan Conant,3.34,425206114,9780430000000.0,eng,288,23,2,07/05/2006,Berkley
39382,Corvette,Jerry Burton,4.83,883631210,9780880000000.0,eng,320,6,1,10/01/2006,Universe Publishing(NY)
39392,Lucifer's Shadow,David Hewson,3.57,385338058,9780390000000.0,eng,369,586,52,7/26/2005,Delta
39396,The Key,Lynsay Sands,4.04,084394482X,9780840000000.0,eng,313,2152,89,01/01/2003,Leisure Books
39397,The Deed (Deed  #1),Lynsay Sands,3.94,843948108,9780840000000.0,eng,313,3048,168,12/01/2004,Leisure Books
39398,The Chase (Deed  #3),Lynsay Sands,4.06,843953241,9780840000000.0,eng,374,2098,68,12/01/2004,Leisure Books
39399,Bliss,Lynsay Sands,3.97,843949090,9780840000000.0,eng,394,1742,108,09/01/2001,Leisure Books
39400,The Perfect Wife,Lynsay Sands,3.86,084395499X,9780840000000.0,eng,354,2712,131,10/01/2005,Leisure Books
39401,Sweet Revenge,Lynsay Sands,3.99,843946806,9780840000000.0,eng,400,1786,90,02/01/2004,Leisure Books
39402,The Reluctant Reformer,Lynsay Sands,3.91,843949740,9780840000000.0,eng,371,1274,61,02/03/2002,Leisure
39403,Love Is Blind,Lynsay Sands,3.99,843955007,9780840000000.0,eng,342,3488,207,08/01/2006,Leisure Books
39418,Standard Catalog of Smith & Wesson,Jim Supica/Richard Nahas,4.44,089689293X,9780900000000.0,en-US,432,38,1,01/01/2007,Gun Digest Books
39433,Korea's Place in the Sun: A Modern History,Bruce Cumings,3.77,393327027,9780390000000.0,eng,544,647,67,9/17/2005,W. W. Norton  Company
39440,Mighty Love,Howard Chaykin,3.12,1563899310,9781560000000.0,eng,96,51,3,02/01/2005,DC Comics
39441,Challengers of the Unknown: Stolen Moments  Borrowed Time,Howard Chaykin/Michelle Madsen,2.82,1401209416,9781400000000.0,eng,144,44,8,3/29/2006,DC Comics
39442,Black Kiss,Howard Chaykin,3.56,1560973803,9781560000000.0,eng,136,277,28,5/16/2000,Eros Comix
39444,Son of Superman,Howard Chaykin/David Tischman/J.H. Williams III/Mick Gray/Lee Loughridge,3.38,1563895951,9781560000000.0,eng,95,11,1,01/01/2000,DC Comics
39470,Castle Diary: The Journal of Tobias Burgess,Richard Platt/Chris Riddell,3.82,763621641,9780760000000.0,eng,128,1155,66,7/14/2003,Candlewick
39473,Disaster!: Catastrophes That Shook the World,Richard Bonson/Richard Platt,4.06,789420341,9780790000000.0,eng,63,16,2,09/01/1997,DK Publishing (Dorling Kindersley)
39476,Stephen Biesty's Incredible Explosions,Stephen Biesty/Richard Platt,4.41,789410249,9780790000000.0,eng,32,30,2,07/01/1996,DK Publishing (Dorling Kindersley)
39501,The Burglar Who Thought He Was Bogart (Bernie Rhodenbarr  #7),Lawrence Block,3.89,60872799,9780060000000.0,en-US,400,2134,99,10/31/2006,HarperTorch
39503,Hit Parade (John Keller  #3),Lawrence Block,3.86,60840889,9780060000000.0,eng,295,104,12,07/03/2006,William Morrow
39504,The Girl with the Long Green Heart,Lawrence Block,3.75,843955856,9780840000000.0,eng,251,1236,115,11/01/2005,Hard Crime Case
39505,The Burglar Who Painted Like Mondrian (Bernie Rhodenbarr  #5),Lawrence Block,3.88,60731435,9780060000000.0,eng,311,2063,103,7/26/2005,HarperTorch
39506,The Burglar Who Liked to Quote Kipling (Bernie Rhodenbarr  #3),Lawrence Block,3.83,60731257,9780060000000.0,eng,304,2473,138,03/01/2005,HarperTorch
39508,Out on the Cutting Edge (Matthew Scudder  #7),Lawrence Block,4.07,752837494,9780750000000.0,eng,244,2383,115,12/07/2000,Orion
39509,Writing the Novel: From Plot to Print,Lawrence Block,3.95,898792088,9780900000000.0,eng,197,347,36,10/28/2002,Writer's Digest Books
39510,The Burglar Who Traded Ted Williams (Bernie Rhodenbarr  #6),Lawrence Block,3.89,60731443,9780060000000.0,eng,384,2190,98,10/25/2005,HarperTorch
39518,Gilda Joyce: Psychic Investigator (Gilda Joyce  #1),Jennifer Allison,3.89,142406988,9780140000000.0,eng,336,5227,400,11/23/2006,Puffin Books
39526,Boeing Versus Airbus: The Inside Story of the Greatest International Competition in Business,John Newhouse,3.63,1400043360,9781400000000.0,eng,254,247,28,1/16/2007,Alfred A. Knopf
39535,Fabulous Small Jews,Joseph Epstein,3.9,618446583,9780620000000.0,en-US,352,192,29,07/06/2004,Mariner Books
39539,Feast: Food to Celebrate Life,Nigella Lawson,4.15,1401301363,9781400000000.0,eng,480,7285,86,10/27/2004,Hachette Books
39541,How to Be a Domestic Goddess: Baking and the Art of Comfort Cooking,Nigella Lawson/Petrina Tinslay,3.97,786867973,9780790000000.0,en-US,374,251,18,11/14/2001,Hyperion Books
39542,How to Be a Domestic Goddess: Baking and the Art of Comfort Cooking,Nigella Lawson,3.97,786886811,9780790000000.0,eng,384,29553,254,09/01/2005,Hachette Books
39543,Forever Summer,Nigella Lawson,4.0,701176156,9780700000000.0,eng,279,4230,43,06/02/2005,Chatto  Windus
39571,programming.java: An Introduction to Programming Using Java: An Introduction to Programming Using Java,Rick Decker/Stuart Hirshfield,4.0,534371094,9780530000000.0,eng,640,1,0,12/24/1999,Course Technology
39580,The American Campaign: U.S. Presidential Campaigns and the National Vote,James E. Campbell,5.0,089096940X,9780890000000.0,eng,314,0,0,05/01/2000,Texas A&M University Press
39582,The Anglo-Saxons,James Campbell/Eric John/Patrick Wormald,4.04,140143955,9780140000000.0,eng,272,550,28,3/28/1991,Penguin
39585,The Final Frontiersman: Heimo Korth and His Family  Alone in Alaska's Arctic Wilderness,James   Campbell,4.21,074345314X,9780740000000.0,en-US,320,1179,141,9/13/2005,Atria Books
39622,The Untamed One (Wild Wulfs of London  #2),Ronda Thompson,4.01,312935749,9780310000000.0,eng,320,925,42,05/02/2006,St. Martin's Paperbacks
39623,The Cursed One (Wild Wulfs of London  #3),Ronda Thompson,4.02,312935757,9780310000000.0,eng,305,1006,46,11/28/2006,St. Martin's Paperbacks
39624,The Dark One (Wild Wulfs of London  #1),Ronda Thompson,3.87,312935730,9780310000000.0,eng,341,1734,98,11/01/2005,St. Martin's Press
39625,Call of the Moon,Ronda Thompson,3.74,505525151,9780510000000.0,eng,352,126,8,01/01/2009,Love Spell
39632,Bad (Fearless  #13),Francine Pascal,3.97,743415353,9780740000000.0,en-GB,215,728,6,07/10/2002,Simon & Schuster Childrens Books
39633,Fear (Fearless  #23),Francine Pascal,3.97,743449320,9780740000000.0,eng,208,436,6,09/01/2002,Simon & Schuster Childrens Books
39636,Twisted (Fearless  #4),Francine Pascal,3.94,671773453,9780670000000.0,eng,240,1582,24,6/22/2002,Simon & Schuster Childrens Books
39637,Run (Fearless  #3),Francine Pascal,3.93,067103748X,9780670000000.0,eng,205,2262,50,03/01/2000,Simon & Schuster (Trade Division)
39638,Killer (Fearless  #12),Francine Pascal,4.03,743408667,9780740000000.0,eng,222,784,12,11/06/2000,Simon & Schuster Childrens Books
39639,Alone (Fearless  #22),Francine Pascal,3.97,743449312,9780740000000.0,eng,224,490,5,7/16/2002,Simon & Schuster Childrens Books
39640,Tears (Fearless  #15),Francine Pascal,3.97,743412494,9780740000000.0,eng,214,644,11,05/01/2001,Simon Pulse
39660,The Shawshank Redemption,Mark Kermode/Rob White,4.43,851709680,9780850000000.0,eng,96,725,42,8/26/2003,British Film Institute
39661,The Shawshank Redemption: The Shooting Script,Frank Darabont/Stephen King,4.64,1557042462,9781560000000.0,eng,184,2406,29,9/30/2004,Newmarket Press
39662,Different Seasons,Stephen King,4.35,751514624,9780750000000.0,eng,560,127648,2080,2/16/1995,Warner Books
39671,The Real Frank Zappa Book,Frank Zappa/Peter Occhiogrosso,4.13,330316257,9780330000000.0,eng,352,4934,223,08/03/1990,Picador USA
39685,Homegrown Democrat: A Few Plain Thoughts from the Heart of America,Garrison Keillor,3.96,143037684,9780140000000.0,eng,288,1182,134,8/29/2006,Penguin Books
39690,Good Poems for Hard Times,Garrison Keillor/Charles Bukowski/Robert Burns/Hayden Carruth/Raymond Carver/Billy Collins/Noël Coward/Carl Dennis/E.E. Cummings/Emily Dickinson/Stephen Dobyns/Fleur Adcock/John Donne/Rita Dove/Stephen Dunn/Lawrence Ferlinghetti/Robert Frost/Erica Funkhouser/Donald Hall/Patricia Hampl/Thomas Hardy/Jim Harrison/W.H. Auden/Jennifer Michael Hecht/David Ignatow/John Keats/X.J. Kennedy/Jane Kenyon/Galway Kinnell/Maxine Kumin/Kate Light/Henry Wadsworth Longfellow/Louis MacNeice/Hilaire Belloc/Herman Melville/W.S. Merwin/Edna St. Vincent Millay/Howard Nemerov/Sharon Olds/Mary Oliver/Grace Paley/Lawrence Raab/Kenneth Rexroth/Wendell Berry/Carl Sandburg/John Berryman/Elizabeth Bishop/William Blake/Philip   Booth/Virginia Hamilton Adair/Liesl Mueller,4.14,143037676,9780140000000.0,eng,344,2662,214,8/29/2006,Penguin Books
39692,Good Poems,Garrison Keillor,4.18,142003441,9780140000000.0,eng,476,6060,389,8/26/2003,Penguin Books
39700,Managers Not MBAs: A Hard Look at the Soft Practice of Managing and Management Development,Henry Mintzberg,3.83,1576753514,9781580000000.0,en-US,464,146,7,08/01/2005,Berrett-Koehler Publishers
39707,Hell No  We Won't Go! Resisting the Draft During the Vietnam War,Sherry Gershon Gottlieb,4.5,670839353,9780670000000.0,eng,274,8,1,07/01/1991,Viking
39724,Marsha Is Only a Flower (Marsha  #2),Barbara Bottner,3.82,307263304,9780310000000.0,eng,48,20,1,04/01/2000,Random House Books for Young Readers
39733,Almond Cookies & Dragon Well Tea,Cynthia Chin-Lee/Youshan Tang,3.89,1879965038,9781880000000.0,eng,37,9,0,05/01/1993,Polychrome Publishing Corporation
39747,The Empire of Ice Cream,Jeffrey Ford/Jonathan Carroll,4.03,1930846398,9781930000000.0,eng,320,426,37,04/01/2006,Golden Gryphon Press
39748,The Fantasy Writer's Assistant and Other Stories,Jeffrey Ford,4.09,193084610X,9781930000000.0,eng,247,207,23,08/01/2002,Golden Gryphon Press
39749,Memoranda,Jeffrey Ford/Jacques Guiod,3.9,2290319708,9782290000000.0,fre,253,206,13,12/10/2002,J'ai Lu
39763,The Mystical Poems of Rumi 1: First Selection  Poems 1-200,Rumi/A.J. Arberry,4.28,226731510,9780230000000.0,eng,208,114,8,3/15/1974,University Of Chicago Press
39771,Ruby Gloom's Guide to Friendship,Matt Riser/Martin Hsu,4.36,810958627,9780810000000.0,eng,72,38,4,05/01/2005,Harry N. Abrams
39773,Slouching Toward Nirvana,Charles Bukowski/John   Martin,3.99,60577045,9780060000000.0,eng,288,1937,105,01/03/2006,Ecco
39774,Mockingbird Wish Me Luck,Charles Bukowski,4.13,876851383,9780880000000.0,eng,160,1818,85,5/31/2002,Ecco
39784,Seventeen and In-Between,Barthe DeClements,3.81,140364757,9780140000000.0,eng,176,227,8,08/01/1993,Puffin
39785,How Do You Lose Those Ninth-grade Blues?,Barthe DeClements,3.74,140363335,9780140000000.0,eng,144,10,1,04/01/1993,Puffin
39792,The Man Who Smiled (Kurt Wallander #4),Henning Mankell/Laurie Thompson,3.93,1565849930,9781570000000.0,eng,325,14322,521,9/19/2006,The New Press
39793,Before the Frost (Linda Wallander #1),Henning Mankell/Ebba Segerberg,3.85,1400095816,9781400000000.0,eng,375,8359,483,2/14/2006,Vintage Crime/Black Lizard
39795,The Dogs of Riga (Kurt Wallander  #2),Henning Mankell/Laurie Thompson,3.72,1400031524,9781400000000.0,eng,326,17060,1016,4/13/2004,Vintage Crime/Black Lizard
39796,Sidetracked (Kurt Wallander  #5),Henning Mankell/Steven T. Murray,4.07,1400031567,9781400000000.0,eng,432,15178,574,5/13/2003,Vintage Crime/Black Lizard
39797,The Return of the Dancing Master,Henning Mankell/Laurie Thompson,3.91,1400076951,9781400000000.0,swe,406,5341,314,02/08/2005,Vintage Crime/Black Lizard
39799,One Step Behind  (Kurt Wallander  #7),Henning Mankell/Ebba Segerberg,4.09,99448874,9780100000000.0,eng,450,11885,481,04/03/2003,Vintage
39801,The White Lioness (Kurt Wallander  #3),Henning Mankell/Laurie Thompson,3.84,99464691,9780100000000.0,eng,576,12367,709,09/04/2003,Vintage
39806,Black Like Us: A Century of Lesbian  Gay  and Bisexual African American Fiction,Devon W. Carbado/Evelyn C. White/Dwight A. McBride/Donald Weise,4.33,1573441082,9781570000000.0,eng,600,127,16,5/28/2002,Cleis Press
39819,Dogged Pursuit (Jack and Jamie #5),Lee Charles Kelley,3.86,60732296,9780060000000.0,eng,320,64,6,6/27/2006,Avon
39820,To Collar a Killer (Jack and Jamie #3),Lee Charles Kelley,3.76,60524952,9780060000000.0,eng,304,70,6,11/30/2004,Avon
39822,A Nose for Murder (Jack and Jamie #1),Lee Charles Kelley,3.52,60524936,9780060000000.0,eng,267,97,13,03/01/2003,Avon Books
39823,Murder Unleashed (Jack and Jamie #2),Lee Charles Kelley,3.95,60524944,9780060000000.0,eng,304,61,10,01/01/2004,Avon Books
39829,His Princess Devotional: A Royal Encounter With Your King,Sheri Rose Shepherd,5.0,1590529626,9781590000000.0,eng,240,2,0,10/16/2007,Multnomah
39836,How to Be Happy All the Time,Paramahansa Yogananda,4.36,1565892151,9781570000000.0,eng,167,317,19,06/01/2006,Crystal Clarity Publishers
39849,Illuminata: A Return to Prayer,Marianne Williamson,4.28,1573225207,9781570000000.0,eng,301,2551,84,11/01/1995,Riverhead Books
39855,Ten Kids  No Pets,Ann M. Martin,3.91,590422448,9780590000000.0,eng,174,88,11,04/01/1989,Scholastic
39872,Encyclopedia of an Ordinary Life,Amy Krouse Rosenthal,3.92,1400080460,9781400000000.0,eng,240,5067,897,12/06/2005,Broadway Books
39876,The OK Book,Amy Krouse Rosenthal/Tom Lichtenheld,3.96,61152552,9780060000000.0,en-US,40,1019,189,4/24/2007,HarperCollins
39889,Grey Eminence,Aldous Huxley,4.16,99477823,9780100000000.0,en-US,320,196,14,04/07/2005,Vintage Classics
39899,Arms and Armor: A Pictorial Archive from Nineteenth-Century Sources,Carol Belanger Grafton,3.96,486285618,9780490000000.0,eng,128,26,1,7/25/1995,Dover Publications
39902,Bittersweet: Recipes and Tales from a Life in Chocolate,Alice Medrich/Deborah Jones,4.28,1579651607,9781580000000.0,eng,378,359,25,11/15/2003,Artisan
39904,Chocolate and the Art of Low-Fat Desserts,Alice Medrich,4.0,044651666X,9780450000000.0,eng,192,38,1,10/28/1994,Warner Books (NY)
39905,A Year in Chocolate: Four Seasons of Unforgettable Desserts,Alice Medrich,3.74,446526649,9780450000000.0,eng,152,28,1,10/24/2001,Warner Books (NY)
39906,Cocolat: Extraordinary Chocolate Desserts,Alice Medrich/Patricia Brabant,4.56,446514195,9780450000000.0,eng,192,80,10,10/01/1990,Grand Central Publishing
39910,The Bread Baker's Apprentice: Mastering the Art of Extraordinary Bread,Peter Reinhart/Ron Manville,4.28,1580082688,9781580000000.0,eng,320,8552,248,11/14/2001,Ten Speed Press
39913,Beach Blanket Bad Boys,Linda Lael Miller/Alison Kent/Lucy Monroe/Jill Shalvis/Susanna Carr/Morgan Leigh,3.89,758210949,9780760000000.0,eng,352,1031,27,06/07/2005,Kensington
39916,Epileptic,David B.,3.88,375714685,9780380000000.0,eng,368,11891,534,07/04/2005,Pantheon
39926,The Beauty Myth,Naomi Wolf,3.89,60512180,9780060000000.0,eng,368,16760,909,9/24/2002,Harper Perennial
39933,How to Read Literature Like a Professor,Thomas C. Foster,3.65,006000942X,9780060000000.0,eng,314,16550,1826,11/14/2014,Harper Perennial
39934,Reading Like a Writer: A Guide for People Who Love Books and for Those Who Want to Write Them,Francine Prose,3.77,60777052,9780060000000.0,eng,297,7914,1094,04/10/2007,Harper Perennial
39936,After,Francine Prose,3.49,60080833,9780060000000.0,eng,352,1782,268,05/11/2004,HarperTeen
39937,Blue Angel,Francine Prose,3.35,60882034,9780060000000.0,eng,314,2948,383,2/28/2006,Harper Perennial
39941,Household Saints,Francine Prose,3.7,60507276,9780060000000.0,en-US,272,370,47,04/01/2003,Harper Perennial
39959,The Carl Hiaasen Collection: Lucky You and Sick Puppy,Carl Hiaasen/Edward Asner,4.32,739340824,9780740000000.0,en-US,0,90,5,06/06/2006,Random House Audio
39961,He Came to Set the Captives Free,Rebecca  Brown,4.09,883683237,9780880000000.0,en-US,288,1598,168,07/01/1992,Whitaker House
39963,A Long Way from Chicago (A Long Way from Chicago  #1),Richard Peck,3.94,142401102,9780140000000.0,eng,160,30141,2106,04/12/2004,Puffin Books
39969,A Long Way from Chicago (Saddleback's Focus on Reading Study Guides),Lisa S.  French,4.0,1599051125,9781600000000.0,eng,42,1,0,08/05/2006,Saddleback Educational Publishing  Inc.
39970,The Dreadful Future of Blossom Culp (Blossom Culp  #3),Richard Peck,3.78,141310944,9780140000000.0,eng,192,561,37,4/23/2001,Puffin
39980,A Year Down Yonder (A Long Way from Chicago  #2),Richard Peck,4.11,142300705,9780140000000.0,eng,160,26143,1638,11/21/2002,Puffin Books
39988,Matilda,Roald Dahl/Quentin Blake,4.31,141301066,9780140000000.0,eng,240,541914,11576,06/01/1998,Puffin Books
39989,Matilda Bone,Karen Cushman/Trina Schart Hyman,3.74,440418224,9780440000000.0,eng,176,3061,215,03/12/2002,Yearling
39993,The Full Matilda,David Haynes,4.0,767915690,9780770000000.0,eng,384,46,5,05/11/2004,Broadway Books
39994,Tuscan Countess: The Life and Extraordinary Times of Matilda of Canossa,Michele K. Spike,3.68,865652422,9780870000000.0,eng,312,51,10,9/28/2004,Vendome Press
40003,The History of Rome  Books 21-30: The War with Hannibal,Livy/Aubrey de Sélincourt/Betty Radice,4.14,014044145X,9780140000000.0,eng,711,3103,46,7/30/1972,Penguin Classics
40004,Hannibal,Theodore Ayrault Dodge/Ian M. Cuthbertson,4.13,076076896X,9780760000000.0,eng,592,19,2,7/16/2005,Barnes  Noble
40005,Hannibal's Children,John Maddox Roberts,3.68,441010385,9780440000000.0,eng,359,204,18,3/25/2003,Berkley Publishing Group
40007,Hannibal Crosses the Alps: The Invasion of Italy & the Second Punic War,John Prevas,3.83,306810700,9780310000000.0,en-US,256,91,11,9/17/2001,Da Capo Press
40010,Hannibal: Enemy Of Rome,Leonard Cottrell,3.89,306804980,9780310000000.0,eng,248,129,17,8/22/1992,Da Capo Press
40012,Goodman & Gilman's the Pharmacological Basis of Therapeutics,Laurence L. Brunton/John S. Lazo/Keith  L. Parker,4.29,71422803,9780070000000.0,eng,2021,185,8,9/21/2005,McGraw-Hill Professional Publishing
40016,Young Goodman Brown and Other Short Stories,Nathaniel Hawthorne,3.86,486270602,9780490000000.0,eng,111,9101,126,02/05/1992,Dover Publications
40020,A Patchwork Planet,Anne Tyler,3.79,080411918X,9780800000000.0,eng,320,11355,571,05/01/2001,Ballantine Books
40021,A Slipping-Down Life,Anne Tyler,3.61,345478959,9780350000000.0,eng,192,3335,142,05/04/2004,Ballantine Books
40022,"The Hound of the Baskervilles: Another Adventure of Sherlock Holmes  with ""the Adventure of the Speckled Band""",Arthur Conan Doyle/Francis O'Gorman,4.11,1551117223,9781550000000.0,eng,300,1356,32,01/10/2006,Broadview Press Inc
40023,The Hound of the Baskervilles,Patrick Nobes/Arthur Conan Doyle/Jennifer Bassett/Tricia Hedge,3.91,019423035X,9780190000000.0,eng,105,136,11,09/12/2000,Oxford University Press  USA
40024,The Alienist (Dr. Laszlo Kreizler  #1),Caleb Carr,4.06,812976142,9780810000000.0,eng,498,126669,5578,10/24/2006,Random House
40030,My Movie Business,John Irving,3.34,552998680,9780550000000.0,eng,158,27,2,10/05/2000,Black Swan
40031,A Son of the Circus,Irving John,3.63,747518459,9780750000000.0,eng,633,139,14,09/01/1994,Bloomsbury
40033,John Hammond on Record: An Autobiography,John   Hammond/Irving Townsend,4.06,140057056,9780140000000.0,eng,432,27,2,2/26/1981,Penguin Books
40042,Always Remember Me: How One Family Survived World War II,Marisabina Russo,4.13,689869207,9780690000000.0,en-US,48,135,37,04/01/2005,Atheneum Books for Young Readers
40048,Un rôle qui me convient,Richard Russo/Jean-Luc Piningre,4.02,2264034890,9782260000000.0,fre,430,6,0,8/29/2002,Éditions 10/18
40049,Monkeys,Susan Minot,3.67,375708367,9780380000000.0,eng,176,1219,105,08/08/2000,Vintage
40051,Evening,Susan Minot,3.37,375700269,9780380000000.0,eng,288,3765,550,09/07/1999,Vintage
40053,Three Genres: Writing Fiction/Literary Nonfiction  Poetry  and Drama,Stephen Minot,3.64,132197383,9780130000000.0,eng,476,36,3,07/01/2006,Prentice Hall
40054,The Tiny One,Eliza Minot,3.68,037570633X,9780380000000.0,eng,258,248,43,10/17/2000,Vintage
40067,Thunderstruck,Erik Larson,3.7,1400080665,9781400000000.0,eng,463,30574,3534,10/24/2006,Crown Publishing Group (NY)
40070,The Naked Consumer: How Our Private Lives Become Public Commodities,Erik  Larson,3.71,140233032,9780140000000.0,eng,288,163,18,02/01/1994,Penguin Books
40076,Artful Paper Dolls: New Ways to Play with a Traditional Form,Terry  Taylor,4.07,1579907156,9781580000000.0,eng,144,59,5,08/01/2006,Lark Books
40081,The Meanest Doll in the World (Doll People  #2),Ann M. Martin/Laura Godwin/Brian Selznick,3.96,786852976,9780790000000.0,en-GB,304,5717,417,5/15/2005,Little  Brown Books for Young Readers
40090,Sacred Games (Sacred Games),Vikram Chandra,3.93,61130354,9780060000000.0,eng,916,5983,724,01/09/2007,HarperCollins
40100,Riding the Bus with My Sister: A True Life Journey,Rachel Simon,3.76,452284554,9780450000000.0,eng,304,5226,771,8/26/2003,Plume
40102,Blink: The Power of Thinking Without Thinking,Malcolm Gladwell,3.93,316010669,9780320000000.0,eng,296,437507,12937,04/03/2007,Back Bay Books
40106,Beatrice's Goat,Page McBrier/Lori Lohstoeter/Hillary Rodham Clinton,4.25,689869908,9780690000000.0,eng,40,546,113,07/01/2004,Aladdin
40127,Leonardo's Swans,Karen Essex,3.72,767923065,9780770000000.0,eng,351,5473,230,01/09/2007,Anchor Books
40128,The Notebooks of Leonardo da Vinci,Leonardo da Vinci/Irma A. Richter,3.93,192838970,9780190000000.0,eng,432,70,2,1/28/1999,Oxford University Press
40130,Leonardo da Vinci: Obra pictorica completa y obra grafica,Frank Zöllner/Johannes Nathan/Frank Zöllner,4.26,3822817341,9783820000000.0,spa,696,56,4,02/01/2003,Taschen
40132,Leonardo on Painting: An Anthology of Writings by Leonardo da Vinci; With a Selection of Documents Relating to his Career as an Artist,Leonardo da Vinci/Martin Kemp,4.17,300090951,9780300000000.0,eng,336,120,4,08/11/2001,Yale University Press
40138,Bone In The Throat,Anthony Bourdain,3.39,1841952877,9781840000000.0,eng,290,30,4,4/30/2002,Canongate Books
40139,Gone Bamboo,Anthony Bourdain,3.48,1841953679,9781840000000.0,eng,286,1066,74,05/01/2002,Canongate Books
40143,The Family That Couldn't Sleep: A Medical Mystery,D.T. Max,3.91,081297252X,9780810000000.0,eng,299,237,48,09/11/2007,Random House Trade Paperbacks
40145,Dear Genius: The Letters of Ursula Nordstrom,Ursula Nordstrom/Leonard S. Marcus/Maurice Sendak,4.4,64462358,9780060000000.0,eng,406,533,112,3/31/2000,HarperCollins
40146,Dear Genius...: A Memoir of My Life with Truman Capote,Jack Dunphy,3.33,70183171,9780070000000.0,eng,275,36,6,12/01/1987,McGraw-Hill Companies
40152,Only Revolutions,Mark Z. Danielewski,3.21,375421769,9780380000000.0,eng,360,4791,443,09/12/2006,Pantheon Books
40153,The Whalestoe Letters,Mark Z. Danielewski,4.04,375714413,9780380000000.0,eng,83,2112,96,10/10/2000,Pantheon
40155,La Maison des feuilles,Mark Z. Danielewski/Christophe Claro,4.1,2207252000,9782210000000.0,fre,978,79,13,8/29/2002,Denoël
40156,The Thief (The Queen's Thief  #1),Megan Whalen Turner,3.88,613060326,9780610000000.0,eng,220,97,17,1/28/1998,San Val
40157,Instead of Three Wishes,Megan Whalen Turner,3.78,60842318,9780060000000.0,eng,160,923,112,08/08/2006,Greenwillow Books
40158,The Queen of Attolia (The Queen's Thief  #2),Megan Whalen Turner,4.19,60841826,9780060000000.0,eng,362,31060,2786,1/24/2006,Eos
40159,The King of Attolia (The Queen's Thief  #3),Megan Whalen Turner,4.37,006083577X,9780060000000.0,eng,387,28480,2309,1/24/2006,Greenwillow Books
40160,Firebirds: An Anthology of Original Fantasy and Science Fiction,Sharyn November/Lloyd Alexander/Emma Bull/Charles Vess/Michael Cadnum/Kara Dalkey/Nancy Farmer/Nina Kiriki Hoffman/Diana Wynne Jones/Patricia A. McKillip/Garth Nix/Meredith Ann Pierce/Delia Sherman/Sherwood Smith/Nancy Springer/Megan Whalen Turner/Elizabeth Wein/Laurel Winter,3.96,142403202,9780140000000.0,eng,432,3464,153,05/05/2005,Firebird
40174,Herzog on Herzog,Paul Cronin,4.45,571207081,9780570000000.0,eng,352,1373,93,07/09/2003,Farrar  Straus and Giroux
40180,Vesco,Arthur Herzog III,4.0,595272096,9780600000000.0,eng,408,6,3,03/11/2003,iUniverse
40184,Encore Provence: New Adventures in the South of France,Peter Mayle,4.0,679762698,9780680000000.0,eng,240,9980,254,4/25/2000,Vintage
40187,Confessions of a French Baker: Breadmaking Secrets  Tips  and Recipes,Peter Mayle/Gerard Auzet,3.64,140004474X,9781400000000.0,en-US,91,405,52,10/25/2005,Alfred A. Knopf
40189,A Year in Provence,Peter Mayle,3.96,679731148,9780680000000.0,eng,207,54963,2554,06/04/1991,Vintage
40199,How to Breathe Underwater,Julie Orringer,3.96,014101508X,9780140000000.0,eng,222,194,34,04/07/2005,Penguin
40200,The Crimson Petal and the White,Michel Faber,3.89,1841954314,9781840000000.0,eng,835,27961,2183,09/11/2003,Canongate Books
40208,Maggie: A Girl of the Streets and Other Short Fiction,Stephen Crane/Jayne Anne Phillips,3.33,553213555,9780550000000.0,eng,240,517,37,11/01/2006,Bantam Classics
40209,Maggie: A Girl of the Streets and Other Tales of New York,Stephen Crane/Larzer Ziff/Theo Davis,3.66,140437975,9780140000000.0,eng,272,2476,32,3/29/2001,Penguin Classics
40214,Kushiel's Scion (Imriel's Trilogy  #1),Jacqueline Carey,4.2,044650002X,9780450000000.0,en-US,753,454,37,06/12/2006,Warner Books (NY)
40215,Theft: A Love Story,Peter Carey,3.43,307263711,9780310000000.0,eng,269,2561,277,05/09/2006,Alfred A. Knopf
40217,Kushiel's Justice (Imriel's Trilogy  #2),Jacqueline Carey,4.25,446500038,9780450000000.0,eng,703,15897,381,6/14/2007,Roc
40219,Dirty Jokes and Beer: Stories of the Unrefined,Drew Carey,3.53,786885599,9780790000000.0,eng,256,1944,93,3/15/2000,Hachette Books
40220,Godslayer (The Sundering  #2),Jacqueline Carey,3.7,076535098X,9780770000000.0,en-US,404,2868,127,6/27/2006,Tor Books
40223,Kushiel's Avatar (Phèdre's Trilogy  #3),Jacqueline Carey,4.36,1405034149,9781410000000.0,eng,702,29409,689,9/17/2004,Tor
40226,Angels: Celestial Spirits in Legend & Art,Jacqueline Carey,4.0,1567996035,9781570000000.0,en-US,128,42,3,11/01/1997,MetroBooks (NY)
40259,World Atlas of Great Apes and their Conservation,Julian Caldecott/Lera Miles,4.5,520246330,9780520000000.0,en-GB,456,10,2,11/01/2005,University of California Press
40260,The Great Ape Project: Equality Beyond Humanity,Paola Cavalieri/Peter Singer,4.05,031211818X,9780310000000.0,en-US,312,86,11,12/15/1994,St. Martin's Griffin
40262,Walking With the Great Apes: Jane Goodall  Dian Fossey  Birute Galdikas,Sy Montgomery,4.18,395515971,9780400000000.0,eng,280,4,1,3/18/1991,Houghton Mifflin
40264,The Nature of Play: Great Apes and Humans,Anthony D. Pellegrini/Peter K. Smith,4.33,1593851170,9781590000000.0,eng,308,3,1,12/06/2004,The Guilford Press
40271,Alvin Journeyman (Tales of Alvin Maker  #4),Orson Scott Card,3.73,312850530,9780310000000.0,en-US,381,13694,231,12/01/2005,Tor Books
40273,Star Trek Voyager Companion,Paul Ruditis,3.95,743417518,9780740000000.0,eng,482,162,9,05/01/2003,Pocket Books
40276,Dodge Caravan/Plymouth Voyager/Chrysler Town & Country 96-02 (Haynes Manuals),L. Alan LeDoux,3.93,1563924692,9781560000000.0,eng,336,14,1,12/02/2002,Haynes Manuals N. America  Inc.
40277,Evolution (Star Trek Voyager: String Theory  #3),Heather Jarman,3.78,1416507817,9781420000000.0,eng,416,324,18,2/28/2006,Pocket Books
40281,Masterpieces: The Best Science Fiction of the Twentieth Century,Orson Scott Card/Isaac Asimov/William Gibson/Michael Swanwick/Theodore Sturgeon/Larry Niven/Robert Silverberg/Harry Turtledove/James Blish/George R.R. Martin/James Patrick Kelly/Karen Joy Fowler/Arthur C. Clarke/Lloyd Biggle Jr./Terry Bisson/Poul Anderson/John Kessel/R.A. Lafferty/C.J. Cherryh/Lisa Goldstein/Edmond Hamilton/Robert A. Heinlein/Ursula K. Le Guin/Ray Bradbury/Frederik Pohl/Harlan Ellison/George Alec Effinger/Brian W. Aldiss,4.21,441011330,9780440000000.0,eng,422,1202,79,03/02/2004,Ace Books
40284,Earthborn (Homecoming Saga #5),Orson Scott Card,3.41,312930402,9780310000000.0,eng,378,64,2,05/01/1995,Tor Books
40286,First Meetings: In the Enderverse,Orson Scott Card,3.84,1841493112,9781840000000.0,en-GB,228,69,2,03/01/2013,Little  Brown Young Readers
40287,Wyrms,Orson Scott Card,3.38,765305607,9780770000000.0,eng,336,4984,202,04/05/2003,Orb Books
40289,The Abyss,Orson Scott Card/James Francis Cameron,4.07,99690608,9780100000000.0,eng,363,17911,111,10/05/1989,Legend
40291,Shadow Puppets (Shadow Series  #3),Orson Scott Card,3.89,641573049,9780640000000.0,eng,345,3,0,8/19/2002,Doherty  Tom Associates  LLC
40293,Pastwatch: The Redemption of Christopher Columbus,Orson Scott Card,3.97,812508645,9780810000000.0,en-US,402,12940,894,03/01/2016,Tor Books
40295,This Is the Way the World Ends,James K. Morrow,3.75,156002086,9780160000000.0,eng,319,1312,81,4/24/1995,Harcourt Brace & company
40296,Galapagos: World's End,William Beebe,3.84,486256421,9780490000000.0,en-US,528,31,7,05/01/1988,Dover Publications
40297,The Well At The World's End: Volume I,William Morris/Lin Carter,3.81,1587150883,9781590000000.0,en-US,332,257,22,3/20/2000,Borgo Press
40299,The Well at the World's End: Volume II,William Morris,3.9,1587150891,9781590000000.0,eng,252,14,1,3/20/2000,Borgo Press
40303,Lost Boys,Orson Scott Card,3.59,517125773,9780520000000.0,eng,448,7469,689,07/10/1994,Random House Value Publishing
40304,The Worthing Saga (Worthing  #1-3),Orson Scott Card,3.85,812533313,9780810000000.0,eng,463,8064,299,12/15/1992,Tor Books
40312,The Rocky Road to Romance (Elsie Hawkins #4),Janet Evanovich,3.67,60598891,9780060000000.0,eng,249,9669,315,11/29/2011,Harper
40314,Love Overboard,Janet Evanovich,3.65,60598840,9780060000000.0,eng,244,11448,338,02/01/2005,HarperTorch
40318,Back to the Bedroom (Elsie Hawkins #1),Janet Evanovich,3.68,60598859,9780060000000.0,eng,234,10077,486,2/25/2014,Harper
40326,More Plums in One (Stephanie Plum  #4-6),Janet Evanovich,4.45,031236296X,9780310000000.0,en-US,792,219,11,04/03/2007,St. Martin's Press
40328,Full Blast (Full #4),Janet Evanovich/Charlotte Hughes,3.83,312983301,9780310000000.0,eng,344,12363,278,4/19/2004,St. Martin's Paperbacks
40329,Metro Girl (Alex Barnaby  #1),Janet Evanovich,3.62,60584025,9780060000000.0,eng,374,28987,1090,9/27/2005,HarperTorch
40331,To the Nines (Stephanie Plum  #9),Janet Evanovich,4.17,747267634,9780750000000.0,eng,320,94990,1581,06/05/2004,St. Martin's Press
40335,Full Speed (Full  #3),Janet Evanovich/Charlotte Hughes,3.83,755301978,9780760000000.0,eng,344,11280,223,11/03/2003,Headline
40338,Love Overboard,Janet Evanovich/C.J. Critt,3.65,006073695X,9780060000000.0,eng,5,95,22,1/25/2005,HarperAudio
40339,The Rocky Road to Romance (Elsie Hawkins  #4),Janet Evanovich/C.J. Critt,3.67,60738251,9780060000000.0,eng,5,93,26,8/31/2004,HarperAudio
40342,Two for the Dough (Stephanie Plum  #2),Janet Evanovich,4.11,312948964,9780310000000.0,en-US,325,2509,292,6/29/2007,St. Martin's Press
40343,The Full Box (Full  #1-4),Janet Evanovich/Charlotte Hughes,4.29,1593979266,9781590000000.0,eng,0,101,3,2/16/2016,Macmillan Audio
40347,Hard Eight (Stephanie Plum  #8),Janet Evanovich,4.17,747267626,9780750000000.0,eng,339,155,13,6/23/2003,Headline Review
40359,Hot Six (Stephanie Plum  #6),Janet Evanovich,4.19,033037124X,9780330000000.0,eng,324,307,28,06/01/2001,Pan MacMillan
40360,Metro Girl (Alex Barnaby  #1),Janet Evanovich/C.J. Critt,3.62,61126527,9780060000000.0,eng,6,79,29,7/25/2006,HarperAudio
40361,Martian Time-Slip,Philip K. Dick,3.77,185798837X,9781860000000.0,eng,226,353,33,07/08/1999,Gollancz
40364,The Martians (Mars Trilogy  #3.5),Kim Stanley Robinson,3.56,553574019,9780550000000.0,eng,434,1495,92,10/03/2000,Spectra Books
40372,Pirates of Venus (Venus  #1),Edgar Rice Burroughs/Thomas Floyd/F. Paul Wilson/Phillip R. Burger,3.7,803261837,9780800000000.0,eng,179,1235,66,09/01/2001,Bison Books
40376,Swords of Mars (Barsoom  #8),Edgar Rice Burroughs,3.82,345329562,9780350000000.0,eng,191,2812,61,07/12/1979,Del Rey
40378,The Chessmen of Mars (Barsoom #5),Edgar Rice Burroughs/John Bolen,3.83,1400130212,9781400000000.0,eng,0,5147,157,01/01/2005,Tantor Media
40379,The Warlord of Mars (Barsoom  #3),Edgar Rice Burroughs/John Bolen,3.86,1400130220,9781400000000.0,eng,6,9350,345,02/01/2001,Tantor Media
40384,Synthetic Men of Mars (Barsoom  #9),Edgar Rice Burroughs,3.78,345339304,9780350000000.0,eng,160,2601,58,01/12/1980,Del Rey
40385,The Master Mind of Mars (Barsoom #6),Edgar Rice Burroughs,3.85,345334248,9780350000000.0,eng,160,3949,80,04/12/1979,Ballantine Books
40386,A Fighting Man of Mars (Barsoom  #7),Edgar Rice Burroughs,3.84,345345118,9780350000000.0,eng,239,3169,77,10/12/1984,Del Rey
40387,Thuvia  Maid of Mars (Barsoom  #4),Edgar Rice Burroughs,3.75,345339932,9780350000000.0,eng,160,6313,233,07/12/1986,Del Rey
40388,John Carter of Mars (Barsoom #11),Edgar Rice Burroughs,3.82,345329554,9780350000000.0,eng,167,3703,78,07/12/1985,Del Rey
40395,A Princess of Mars (Barsoom  #1),Edgar Rice Burroughs/John Seelye,3.81,143104888,9780140000000.0,eng,186,38926,2355,1/30/2007,Penguin Books
40421,Escape on Venus (Venus  #4),Edgar Rice Burroughs,3.7,345370112,9780350000000.0,eng,246,9,0,6/15/1991,Del Rey
40424,Tarzan of the Apes: Tarzan of the Apes/The Son of Tarzan/Tarzan at the Earth's Core/Tarzan Triumphant,Edgar Rice Burroughs/Esteban Maroto/J. Allen St. John/Studley Burroughs,4.14,517659573,9780520000000.0,eng,848,29,1,11/30/1988,Random House Value Publishing
40425,Tarzan of the Apes (Tarzan  #1),Edgar Rice Burroughs,3.9,809599813,9780810000000.0,eng,324,31734,1573,09/01/2003,Wildside Press
40436,The Five People You Meet in Heaven,Mitch Albom,3.93,751536822,9780750000000.0,eng,229,4251,525,09/02/2005,Time Warner Paperbacks
40437,Murder in the Bastille (Aimee Leduc Investigations  #4),Cara Black,3.73,1569473641,9781570000000.0,en-US,276,1198,110,04/01/2004,Soho Crime
40440,The Thirteenth Tale,Diane Setterfield,3.96,743298020,9780740000000.0,eng,406,239809,18865,09/12/2006,Atria Books
40450,Market Forces,Richard K. Morgan,3.59,345457749,9780350000000.0,eng,464,5593,264,03/01/2005,Ballantine Books
40451,Black Widow: The Things They Say About Her,Richard K. Morgan/Bill Sienkiewicz/Sean Phillips,3.47,785117687,9780790000000.0,eng,144,302,33,06/07/2006,Marvel
40452,Black Widow: Homecoming,Richard K. Morgan/Bill Sienkiewicz/Goran Parlov,3.79,785114939,9780790000000.0,eng,144,617,43,05/11/2005,Marvel
40459,Ragtime,E.L. Doctorow,3.88,553026003,9780550000000.0,eng,369,210,37,03/01/1977,Bantam Books
40460,Ragtime in Simla (Joe Sandilands  #2),Barbara Cleverly,3.84,385339720,9780390000000.0,en-US,368,60,10,7/25/2006,Delta
40465,Thank You for Smoking,Christopher Buckley,3.93,812976525,9780810000000.0,eng,272,9900,561,2/14/2006,Random House Trade Paperbacks
40468,The Crossing,Cormac McCarthy,4.13,517168952,9780520000000.0,eng,425,232,13,4/28/1996,Random House Value Publishing
40470,Cities of the Plain (The Border Trilogy  #3),Cormac McCarthy,4.09,679747192,9780680000000.0,eng,292,17475,946,5/25/1999,Vintage
40473,The Agony and the Ecstasy: A Biographical Novel of Michelangelo,Irving Stone,4.07,451213238,9780450000000.0,en-US,776,917,130,09/07/2004,NAL
40478,The Agony and the Ecstasy,Irving Stone,4.07,99416271,9780100000000.0,eng,777,160,18,01/01/1991,Arrow
40482,Harvest,Tess Gerritsen,4.11,067155302X,9780670000000.0,eng,368,15619,523,08/01/1997,Pocket Books
40483,Story of O (Story of O #1),Pauline Réage/Sabine d'Estree,3.32,345301110,9780350000000.0,eng,199,12840,997,05/12/1981,Ballantine Books
40484,Story of O,Pauline Réage/John Paul Hand,3.32,1562010352,9781560000000.0,eng,224,446,52,05/08/1998,Running Press Adult
40485,The O. Henry Prize Stories 2003,Laura Furman/David Guterson/Diane Johnson/Jennifer Egan,3.78,1400031311,9781400000000.0,eng,384,138,22,09/09/2003,Random House Value Publishing
40487,The Illustrated Story Of O,Doris Kloster/Pauline Réage,3.96,312266057,9780310000000.0,eng,160,24,1,9/20/2001,St. Martin's Press
40490,The Valley of Vision: A Collection of Puritan Prayers and Devotions,Arthur Bennett,4.54,851512283,9780850000000.0,eng,223,9476,247,11/01/1975,Banner of Truth
40491,Valley Of Silence (Circle Trilogy  #3),Nora Roberts,4.22,515141674,9780520000000.0,eng,318,1372,113,11/01/2006,Berkley Books
40492,Revolution in The Valley: The Insanely Great Story of How the Mac Was Made,Andy Hertzfeld/Steve Wozniak,4.18,596007191,9780600000000.0,en-US,291,1900,55,12/16/2004,O'Reilly Media
40493,The Valley of Horses (Earth's Children  #2),Jean M. Auel,4.0,553381660,9780550000000.0,en-US,544,59723,1733,6/25/2002,Bantam
40496,How Green Was My Valley,Richard Llewellyn,4.18,141185856,9780140000000.0,eng,448,12351,1041,6/28/2001,Penguin Classics
40502,Once A Warrior King: Memories of an Officer in Vietnam,David Donovan,4.27,345479076,9780350000000.0,en-US,352,413,24,07/12/1986,Ballantine
40504,Once a Warrior (Warriors  #1),Karyn Monk,3.75,553574221,9780550000000.0,eng,384,309,20,3/31/1997,Fanfare
40526,Time and Again (Time  #1),Jack Finney,3.96,575073608,9780580000000.0,eng,399,13760,1624,05/01/2012,Orion Publishing Group
40528,Time and Again (Time Travel #1-2),Nora Roberts,3.77,373285337,9780370000000.0,eng,505,302,30,3/28/2006,Silhouette Books
40530,Time and Again: Time Was / Times Change,Nora Roberts,3.77,373484410,9780370000000.0,eng,505,7574,194,8/24/2001,Silhouette
40531,Meeting Jesus Again for the First Time: The Historical Jesus and the Heart of Contemporary Faith,Marcus J. Borg,4.12,60609176,9780060000000.0,en-US,160,4272,260,04/07/2015,HarperOne
40532,Reading the Bible Again for the First Time: Taking the Bible Seriously but Not Literally,Marcus J. Borg,4.13,60609192,9780060000000.0,en-US,321,2959,187,04/07/2015,HarperOne
40536,The Complete Idiot's Guide to Business Plans,Gwen Moran,3.32,1592574009,9781590000000.0,eng,314,16,4,10/04/2005,Alpha Books
40540,PHP and MySQL Web Development (Developer's Library),Luke Welling/Laura Thomson,3.96,672326728,752063000000.0,en-US,1008,590,31,10/01/2004,Sams
40543,Beginning PHP and MySQL 5: From Novice to Professional,W. Jason Gilmore,3.72,1590595521,9781590000000.0,en-US,913,158,12,10/01/2005,Apress
40549,PHP & MySQL For Dummies,Janet Valade,3.55,470096004,9780470000000.0,eng,436,145,6,12/01/2006,Wiley Publishing
40551,PHP and MySQL for Dummies,Janet Valade,3.55,764555898,9780760000000.0,en-US,456,12,2,04/09/2004,For Dummies
40573,Graphic Design Now,Charlotte Fiell/Peter Fiell,3.43,382284778X,9783820000000.0,eng,349,67,2,11/01/2005,Taschen
40582,Michael Moore's Fahrenheit 9/11: How One Film Divided a Nation,Robert Brent Toplin,3.44,700614524,9780700000000.0,eng,161,9,1,4/20/2006,University Press of Kansas
40597,My Dirty Thirties: Romantic Hedonism,Kelly  Carr,3.0,1932420347,9781930000000.0,eng,144,8,1,07/01/2004,New Tradition Books
40604,The Life and Opinions of Tristram Shandy  Gentleman,Laurence Sterne/Robert Folkenflik,3.74,375761195,9780380000000.0,eng,704,96,11,9/21/2004,Modern Library
40609,La fortaleza digital,Dan Brown/Eduardo García Murillo,3.65,8489367019,9788490000000.0,spa,440,1078,76,02/01/2006,Umbriel
40620,The United States of Europe: The New Superpower and the End of American Supremacy,T.R. Reid,3.62,143036084,9780140000000.0,en-US,320,691,63,11/01/2005,Penguin Books
40622,Europe on a Shoestring,Sarah Johnstone/Aaron Anderson/Sarah  Andrews/Lonely Planet,4.05,1741045916,9781740000000.0,eng,1284,357,16,03/01/2007,Lonely Planet
40625,Europe and the People Without History,Eric R. Wolf,4.12,520048989,9780520000000.0,eng,534,995,32,12/03/1982,University of California Press
40626,A History of Modern Europe  Volume 2: From the French Revolution to the Present,John M. Merriman,4.0,393924955,9780390000000.0,en-US,1040,62,4,02/01/2004,W. W. Norton & Company
40630,How Europe Underdeveloped Africa,Walter Rodney/Vincent Harding,4.27,882580965,9780880000000.0,eng,312,2088,96,01/01/1981,Howard University Press
40631,Europe: A History,Norman Davies,4.17,60974680,9780060000000.0,eng,1392,3394,163,1/20/1998,Harper Perennial
40636,The Basketball Diaries,Jim Carroll,3.95,140249990,9780140000000.0,eng,224,308,19,04/01/1995,Penguin Books
40640,The Basketball Diaries and the Book of Nods,Jim Carroll,4.25,571148433,9780570000000.0,eng,320,85,3,5/26/1987,Faber & Faber Ltd.
40646,The 10 Commandments of Parenting: The Do's and Don'ts for Raising Great Kids,Ed  Young,4.0,802431488,9780800000000.0,eng,224,25,2,09/01/2005,Moody Publishers
40663,Unsung Heroes Of Rock 'n' Roll: The Birth Of Rock In The Wild Years Before Elvis,Nick Tosches,4.11,306808919,9780310000000.0,eng,288,334,15,05/07/1999,Da Capo Press
40664,In the Hand of Dante,Nick Tosches,3.18,316735647,9780320000000.0,en-US,384,683,76,09/01/2003,Back Bay Books
40694,Ray Bradbury's Fahrenheit 451,Harold Bloom,4.18,791059294,9780790000000.0,eng,147,991,52,12/31/2001,Chelsea House Publications
40700,Schott's Original Miscellany,Ben Schott/Collin Deckerman,4.08,1582343497,9781580000000.0,eng,158,1379,103,08/04/2003,Bloomsbury Publishing PLC
40706,Mind Over Money: How to Match Your Emotional Style to a Winning Financial Strategy,John W. Schott/Jean S. Arbeiter,2.67,316773786,9780320000000.0,en-US,260,3,1,01/01/1998,Little Brown and Company
40710,Blowback (Scot Harvath  #4),Brad Thor,4.18,1416505415,9781420000000.0,eng,575,13546,371,06/01/2006,Pocket Books
40718,The Sorrows of Empire: Militarism  Secrecy  and the End of the Republic,Chalmers Johnson/Shara Kay,4.13,805077979,9780810000000.0,en-US,389,1332,75,04/01/2005,St. Martins Press-3PL
40763,Bouvard and Pecuchet,Gustave Flaubert/Αχιλλέας Κυριακίδης/Mark Polizzotti/Raymond Queneau,3.86,1564783936,9781560000000.0,eng,328,2820,103,3/28/2006,Dalkey Archive Press
40789,Voyage of the Turtle: In Pursuit of the Earth's Last Dinosaur,Carl Safina,4.24,805078916,9780810000000.0,eng,383,644,78,5/30/2006,Henry Holt and Company
40790,Thirteen Moons on Turtle's Back,Joseph Bruchac/Jonathan London/Thomas Locker,4.08,698115848,9780700000000.0,en-US,32,318,40,8/25/1997,Puffin Books
40792,One Tiny Turtle,Nicola Davies/Jane Chapman,4.13,763623113,9780760000000.0,eng,32,518,102,6/14/2005,Candlewick Press
40795,Turtle Island,Gary Snyder/Michael Corr,4.09,811205460,9780810000000.0,eng,112,3809,105,1/17/1974,New Directions
40798,Turtles  Termites  and Traffic Jams: Explorations in Massively Parallel Microworlds,Mitchel Resnick,3.86,262680939,9780260000000.0,eng,184,131,8,1/22/1997,Bradford Book
40806,Turtle Moon,Alice Hoffman,3.83,99429160,9780100000000.0,eng,275,7545,388,04/04/2002,Vintage
40807,Aquatic Turtles: Sliders  Cooters  Painted  and Map Turtles,Richard D. Bartlett/Patricia P. Bartlett,3.8,764122789,9780760000000.0,eng,46,20,4,02/01/2003,B.E.S. Publishing
40816,Turtles & Tortoises for Dummies,Liz Palika,3.57,764553135,9780760000000.0,eng,328,53,5,3/15/2001,For Dummies
40821,The Turtle and the Monkey,Paul Galdone/Joanna Galdone,3.74,395544254,9780400000000.0,eng,32,58,6,9/24/1990,Clarion Books
40833,Turtle Diary,Russell Hoban,4.0,747548315,9780750000000.0,eng,182,893,99,09/04/2000,Bloomsbury Publishing PLC
40836,Lessons from Turtle Island: Native Curriculum in Early Childhood Classrooms,Guy W. Jones/Sally Moomaw,4.35,1929610254,9781930000000.0,eng,208,16,2,09/01/2002,Redleaf Press
40859,Inside Himalaya,Basil Pao/Michael Palin,4.0,297843702,9780300000000.0,en-GB,200,30,2,1/31/2005,Weidenfeld & Nicolson
40863,Youth in Revolt: The Journals of Nick Twisp : Volumes I  II  III/Youth in Revolt/Youth in Bondage/Youth in Exile,C.D. Payne,4.04,1882647009,9781880000000.0,eng,503,29,6,08/01/1993,Aivia Press
40868,The Demon Princes  Volume One: The Star King  The Killing Machine  The Palace of Love,Jack Vance,4.25,312853025,9780310000000.0,eng,446,1134,44,4/15/1997,Orb Books
40870,Lurulu,Jack Vance,3.59,312872798,9780310000000.0,en-US,204,276,20,02/06/2007,Tor Books
40877,Lyonesse: Suldrun's Garden (Lyonesse  #1),Jack Vance,3.93,425058735,9780430000000.0,eng,436,130,16,04/01/1983,Berkley Trade
40880,Jack Vance: Critical Appreciations and a Bibliography,A.E. Cunningham/Harlan Ellison/Charles F. Miller/Terry Dowling/Paul Rhoads/Jack Vance/Tom Shippey/Gene Wolfe/David Langford/Dan Simmons/David Mathew,4.15,712311025,9780710000000.0,eng,232,13,2,01/01/2000,British Library
40884,Galactic Effectuator,Jack Vance,3.69,441272320,9780440000000.0,eng,219,286,13,11/01/1981,Ace
40888,The SFWA Grand Masters 3,Frederik Pohl/Lester del Rey/Damon Knight/A.E. van Vogt/Jack Vance,4.02,312868774,9780310000000.0,eng,448,8,2,6/23/2001,Tor Books
40889,The Languages of Pao,Jack Vance,3.8,743487141,9780740000000.0,en-GB,224,894,54,08/01/2004,iBooks
40891,The Last Castle,Jack Vance,3.79,425084787,9780430000000.0,eng,115,841,43,01/01/1986,Underwood/Miller  Berkley
40893,Madouc (Lyonesse  #3),Jack Vance,4.15,441505325,9780440000000.0,eng,426,1825,71,08/01/1991,Ace Books
40894,Ports of Call,Jack Vance,3.55,312864744,9780310000000.0,eng,300,409,23,1/15/1999,Tor Books
40911,The Demon Princes  Volume Two: The Face  The Book of Dreams,Jack Vance,4.3,312865767,9780310000000.0,eng,397,653,19,8/15/1997,Tor Books
40912,The Green Pearl (Lyonesse  #2),Jack Vance,4.16,441303161,9780440000000.0,eng,407,10,2,6/15/1987,Ace
40913,The Last Castle/Nightwings (Tor Double Novel #15),Jack Vance/Robert Silverberg,3.7,812501942,9780810000000.0,eng,182,43,4,12/01/1989,Tor Books
40914,The Many Worlds of Magnus Ridolph,Jack Vance,3.9,879975318,9780880000000.0,eng,174,282,16,04/01/1980,DAW Books Inc
40919,Big Dead Place: Inside the Strange and Menacing World of Antarctica,Nicholas Johnson/Eirik Sonneland,3.72,922915997,9780920000000.0,eng,260,436,95,06/01/2005,Feral House
40922,Best Science Fiction Stories of Clifford D. Simak,Clifford D. Simak,3.94,446658081,9780450000000.0,eng,253,64,5,06/01/1972,Paperback Library
40923,Theodore Rex,Edmund Morris,4.19,812966007,9780810000000.0,eng,555,38131,911,10/01/2002,Random House Trade Paperbacks
40928,Oedipus Tyrannus,Sophocles/Theodore F. Brunner/Luci Berkowitz,3.7,393098745,9780390000000.0,eng,272,146,10,07/01/1970,W.W. Norton & Company
40929,The Rise of Theodore Roosevelt,Edmund Morris,4.23,375756787,9780380000000.0,eng,780,36847,1461,11/20/2001,Random House Trade Paperbacks
40941,The Scientists: A History of Science Told Through the Lives of Its Greatest Inventors,John Gribbin,4.08,812967887,9780810000000.0,eng,672,892,59,08/10/2004,Random House Trade Paperbacks
40951,A History of the Life Sciences,Lois N. Magner/Magner,4.53,824708245,9780820000000.0,en-US,514,15,2,8/13/2002,CRC Press
40958,The Art of Innovation: Lessons in Creativity from IDEO  America's Leading Design Firm,Tom Kelley/Jonathan Littman/Tom Peters,3.97,385499841,9780390000000.0,eng,320,6412,154,1/16/2001,Broadway Business
40969,Absolute Trust in the Goodness of the Earth: New Poems,Alice Walker,4.02,812971051,9780810000000.0,en-US,229,583,70,03/09/2004,Random House Trade Paperbacks
40989,I Sold My Soul on Ebay: Viewing Faith Through an Atheist's Eyes,Hemant Mehta/Rob Bell,3.54,1400073472,9781400000000.0,en-US,224,442,78,4/17/2007,Waterbrook Press
40992,Shadow & Claw (The Book of the New Sun #1-2),Gene Wolfe,4.02,312890176,9780310000000.0,eng,413,13211,883,10/15/1994,Orb Books
40995,Sword & Citadel (The Book of the New Sun #3-4),Gene Wolfe,4.32,312890184,9780310000000.0,eng,411,9426,351,10/15/1994,Orb Books
40996,The Wizard (The Wizard Knight #2),Gene Wolfe,3.86,765350505,9780770000000.0,eng,587,2595,104,8/29/2006,Tor Fantasy
40997,Soldier of Sidon (Latro #3),Gene Wolfe,4.01,765316641,9780770000000.0,eng,320,1063,60,10/31/2006,Tor Books
41005,The Right Stuff,Tom Wolfe,4.24,1579124585,9781580000000.0,eng,304,213,24,05/01/2005,Black Dog & Leventhal
41028,Wild Fire (The Hot Zone  #3),Debra Cowan,3.86,373274742,9780370000000.0,eng,250,14,0,1/31/2006,Silhouette Books
41033,The Best American Mystery Stories 2004,Nelson DeMille/Otto Penzler,3.55,618329676,9780620000000.0,eng,448,100,13,10/14/2004,Mariner Books
41044,Day and Night,Better Homes and Gardens,0.0,696018829,9780700000000.0,eng,32,0,1,03/01/1989,Meredith Corporation
41046,Romanticism,Hugh Honour,3.75,64300897,9780060000000.0,eng,416,42,2,8/15/1979,Westview Press
41053,No Cherubs for Melanie,James  Hawkins,4.0,1550023926,9781550000000.0,eng,394,8,1,10/01/2002,Dundurn
41054,The Fish Kisser,James  Hawkins,3.4,888822405,9780890000000.0,eng,360,9,0,11/01/2001,Dundurn
41055,Street of the Five Moons (Vicky Bliss  #2),Elizabeth Peters,3.95,380731215,9780380000000.0,eng,376,3654,148,03/07/2000,Avon
41069,Stand on Zanzibar,John Brunner,3.96,1857988361,9781860000000.0,eng,672,12560,387,08/12/1999,Gollancz
41070,The Shockwave Rider,John Brunner,3.95,345467175,9780350000000.0,eng,288,2945,125,03/01/1995,Del Rey
41071,Study Guide to Accompany Brunner and Suddarth's Textbook of Medical-Surgical Nursing,Suzanne C. O'Connell Smeltzer/Brenda G. Bare/Mary Jo Boyer,4.0,781723051,9780780000000.0,eng,400,2,0,12/21/1999,LWW
41072,Natural Theology: Comprising Nature & Grace by Professor Dr Emil Brunner & the Reply No! by Dr Karl Barth,Karl Barth/Emil Brunner/Peter Fraenkel,3.72,1592441122,9781590000000.0,en-GB,132,92,11,12/01/2002,Wipf & Stock Publishers
41073,Children of the Thunder / The Tides of Time / The Crucible of Time,John Brunner,2.92,051712310X,9780520000000.0,eng,800,11,1,05/03/1995,Wings
41074,The Sheep Look Up,John Brunner/James John Bell/David Brin,3.95,1932100016,9781930000000.0,eng,388,3568,284,05/11/2003,BenBella Books
41081,Entry to Elsewhen,John Brunner,3.37,879971541,9780880000000.0,eng,172,58,3,2/28/1975,DAW Books
41085,The Crucible of Time,John Brunner,3.71,345302354,9780350000000.0,eng,416,25,3,06/12/1984,Del Rey
41086,Polymath (Zarathustra Refugee Planets  #2),John Brunner,3.56,879977663,9780880000000.0,en-US,156,238,16,8/28/1982,DAW Books (NY)
41087,Total Eclipse,John Brunner,3.44,879979119,9780880000000.0,eng,206,288,22,02/07/1984,DAW
41088,Manshape,John Brunner,3.11,879977647,9780880000000.0,eng,159,34,5,9/28/1982,DAW SF
41089,Modern Classics of Science Fiction,Gardner Dozois/Damon Knight/R.A. Lafferty/Samuel R. Delany/Brian W. Aldiss/Gene Wolfe/Joanna Russ/James Tiptree Jr./Ursula K. Le Guin/Edward Bryant/Howard Waldrop/Jack Dann/L. Sprague de Camp/Lucius Shepard/Pat Cadigan/John Kessel/William Gibson/Connie Willis/Michael Swanwick/Bruce Sterling/Theodore Sturgeon/Richard McKenna/Cordwainer Smith/Jack Vance/Edgar Pangborn/Keith Roberts/Roger Zelazny,4.17,312088477,9780310000000.0,eng,672,91,6,1/15/1993,St. Martin's Griffin
41090,The Mammoth Book of Golden Age Science Fiction: Ten Classic Stories from the Birth of Modern Science Fiction Writing,Isaac Asimov/Charles G. Waugh,3.93,786719052,9780790000000.0,en-US,512,128,12,1/24/2007,Running Press
41091,Unearthly Neighbors,Chad Oliver,3.83,517552949,9780520000000.0,eng,208,38,8,09/05/1984,Random House Value Publishing
41092,The Shores of Another Sea (Classics of Modern Science Fiction 3),Chad Oliver/George Zebrowski/Isaac Asimov,3.55,517551861,9780520000000.0,eng,214,37,6,7/25/1984,Random House Value Publishing
41093,Men  Martians and Machines,Eric Frank Russell/George Zebrowski/Isaac Asimov,3.77,517551853,9780520000000.0,eng,216,164,14,02/01/1984,Crown Publishers
41097,What are the Seven Wonders of the World?: And 100 Other Great Cultural Lists—Fully Explicated,Peter D'Epiro/Mary Desmond Pinkowish,3.77,385490623,9780390000000.0,eng,560,231,19,12/01/1998,Anchor
41098,World of Wonders (The Deptford Trilogy  #3),Robertson Davies/Wayne Johnston,4.09,143039148,9780140000000.0,eng,352,3633,142,2/28/2006,Penguin Classics
41103,Wonder of the World,David Lindsay-Abaire,3.93,822218631,9780820000000.0,eng,72,42,4,12/31/2003,Dramatists Play Service  Inc.
41105,Worlds of Wonder: How to Write Science Fiction & Fantasy,David Gerrold,3.92,1582970076,9781580000000.0,eng,246,424,54,04/01/2004,Writer's Digest Books
41111,Walking the World in Wonder: A Children's Herbal,Ellen Evert Hopman/Steven Foster,4.29,892818786,9780890000000.0,eng,160,52,4,10/01/2000,Healing Arts Press
41117,Worlds of Wonder,Terry Pastor/Damon Knight/Philip K. Dick/C.M. Kornbluth/Bob Shaw/Frederik Pohl/Alfred Bester/C.L. Moore/Henry Kuttner/Robert Sheckley/James Blish/Cordwainer Smith/Brian W. Aldiss/Jack Vance,4.13,575043555,9780580000000.0,eng,368,0,0,11/10/1988,Orion Publishing Co
41120,Sixty Days and Counting (Science in the Capital  #3),Kim Stanley Robinson,3.66,553803131,9780550000000.0,eng,388,1642,136,2/27/2007,Bantam Doubleday Dell Publishing Group
41121,Fifty Degrees Below (Science in the Capital  #2),Kim Stanley Robinson,3.69,553585819,9780550000000.0,eng,640,2099,155,1/30/2007,Spectra
41125,The Gold Coast (Three Californias Triptych  #2),Kim Stanley Robinson,3.7,312890370,9780310000000.0,eng,400,1194,78,5/15/1995,Orb Books
41126,Antarctica,Kim Stanley Robinson,3.78,553574027,9780550000000.0,eng,672,2248,165,07/06/1999,Bantam
41128,The Wild Shore (Three Californias Triptych  #1),Kim Stanley Robinson,3.75,312890362,9780310000000.0,eng,384,2457,170,3/15/1995,Orb Books
41129,Forty Signs of Rain (Science in the Capital #1),Kim Stanley Robinson,3.54,553585800,9780550000000.0,en-US,393,3044,339,7/26/2005,Bantam Spectra
41130,Pacific Edge (Three Californias Triptych  #3),Kim Stanley Robinson,3.78,312890389,9780310000000.0,eng,336,1208,89,5/15/1995,Orb Books
41134,The Memory of Whiteness: A Scientific Romance,Kim Stanley Robinson,3.55,312861435,9780310000000.0,en-US,352,448,37,1/15/1996,Orb Books
41150,Les Fils des ténèbres,Dan Simmons,3.71,2253141208,9782250000000.0,fre,472,33,1,10/01/2007,Livre de Poche
41154,Secret Identity (Lost  #2),Catherine Hapka,2.93,786890916,9780790000000.0,eng,176,195,11,01/01/2006,Voice
41179,Miracleman  Book Three: Olympus,Alan Moore/John Totleben/Steve Oliff/Joe Caramagna/Michael Kelleher/Peter Milligan/Mike Allred,4.39,1560600802,9781560000000.0,eng,328,1768,93,4/21/2015,Marvel Comics
41193,A Thousand Acres,Jane Smiley,3.81,1400033837,9781400000000.0,eng,371,53322,2358,12/02/2003,Anchor
41203,Mother's Milk,Edward St. Aubyn,3.76,1890447420,9781890000000.0,en-US,240,53,7,11/09/2006,Grove Press  Open City Books
41217,From a Limestone Ledge: Some Essays and Other Ruminations about Country Life in Texas,John Graves/Glenn Wolff/Bill Wittliff,4.31,870744852,9780870000000.0,eng,256,67,7,5/19/2004,Southern Methodist University Press
41219,Possession,A.S. Byatt,3.89,679735909,9780680000000.0,eng,555,62580,3465,10/01/1991,Vintage
41226,The Best American Nonrequired Reading 2004,Dave Eggers/Viggo Mortensen,3.86,618341234,9780620000000.0,en-US,407,1234,67,10/14/2004,Houghton Mifflin
41231,The Culture of Fear: Why Americans Are Afraid of the Wrong Things,Barry Glassner,3.7,465014909,9780470000000.0,en-US,210,3095,305,3/16/2000,Basic Books
41232,Culture of Fear Revisited,Frank Furedi,3.52,826493955,9780830000000.0,eng,236,61,3,12/26/2006,Bloomsbury Academic
41250,GraceLand,Chris Abani,3.78,312425287,9780310000000.0,en-US,336,2121,202,1/26/2005,Picador
41258,Raised on Rock: Growing Up at Graceland,David Stanley/Mark Bego,2.75,1851588523,9781850000000.0,eng,192,4,0,12/01/1931,Trafalgar Square Publishing
41261,The White Widow,Jim Lehrer,3.04,189162041X,9781890000000.0,en-US,224,181,19,5/19/2000,PublicAffairs
41264,The Franklin Affair,Jim Lehrer,3.12,345468031,9780350000000.0,eng,208,144,25,6/13/2006,Random House Trade
41270,Short List (One-Eyed Mack  #5),Jim Lehrer,4.09,399136657,9780400000000.0,eng,224,23,3,02/06/1992,Putnam Publishing Group
41273,Fine Lines (One-Eyed Mack  #6),Jim Lehrer,3.23,517164353,9780520000000.0,eng,0,17,4,11/19/1995,Random House Value Publishing
41278,Kick the Can (One-Eyed Mack  #1),Jim Lehrer,3.85,1571780599,9781570000000.0,eng,223,77,10,08/01/1997,Council Oak Books
41304,Strangers from a Different Shore: A History of Asian Americans,Ronald Takaki,4.13,316831301,9780320000000.0,en-US,640,888,45,9/23/1998,Back Bay Books
41307,La chute,Albert Camus,4.04,318634872,9780320000000.0,fre,152,87,6,01/11/1999,Gallimard
41315,Syrup,Max Barry,3.88,140291873,9780140000000.0,en-US,304,4715,303,07/01/2000,New York : Penguin Books
41317,Maple Syrup Cookbook: Over 100 Recipes For Breakfast  Lunch & Dinner,Ken Haedrich,3.81,1580174043,9781580000000.0,eng,144,38,8,09/01/2001,Storey Publishing  LLC
41329,The Red Tent,Anita Diamant,4.17,312427298,9780310000000.0,en-US,321,5390,614,8/21/2007,Picador
41330,Metaconcert (Intervention  #2),Julian May,4.21,345355245,9780350000000.0,eng,282,1389,15,1/13/1989,Del Rey
41331,Surveillance (Intervention  #1),Julian May,4.19,345355237,9780350000000.0,en-US,368,1355,15,11/13/1988,Del Rey
41334,The Adversary (Saga of Pliocene Exile  #4),Julian May,4.22,345352440,9780350000000.0,eng,472,4404,54,09/12/1987,Del Rey Books
41335,Magnificat (Galactic Milieu Trilogy  #3),Julian May,4.21,345362497,9780350000000.0,en-US,432,2756,31,4/20/2011,Del Rey
41336,The Sagittarius Whorl (Rampart Worlds #3),Julian May,3.75,345395182,9780350000000.0,eng,384,339,4,01/02/2001,Del Rey Books
41340,Maison Ikkoku  Volume 7 (Maison Ikkoku  #7),Rumiko Takahashi,4.24,1591164850,9781590000000.0,eng,288,305,4,10/26/2004,VIZ Media LLC
41342,Ranma 1/2  Vol. 8 (Ranma ½ (US 2nd)  #8),Rumiko Takahashi,4.15,1591161304,9781590000000.0,eng,196,1473,22,01/07/2004,Viz Media
41344,Maison Ikkoku  Volume 8 (Maison Ikkoku  #8),Rumiko Takahashi,4.23,1591165628,9781590000000.0,eng,288,283,5,11/01/2004,Viz Media
41348,The Echo Maker,Richard Powers,3.38,312426437,9780310000000.0,en-US,449,555,115,8/21/2007,Picador
41361,Afterglow: A Last Conversation With Pauline Kael,Francis Davis/Pauline Kael,3.69,306812304,9780310000000.0,eng,134,128,15,8/21/2003,Da Capo Press
41363,For Keeps: 30 Years at the Movies,Pauline Kael,4.48,452273080,9780450000000.0,eng,1312,373,18,09/01/1996,Plume
41369,Hooked: Film Writings 1985-1988,Pauline Kael,4.05,714529036,9780710000000.0,eng,528,93,5,07/01/1990,Marion Boyars Publishers
41371,Flirting With Danger (Samantha Jellicoe  #1),Suzanne Enoch,3.93,60593636,9780060000000.0,eng,384,3625,189,03/01/2005,Avon
41376,Flirting with Danger,Linda Turner,3.57,037307316X,9780370000000.0,eng,253,6,2,12/01/1989,Silhouette Books
41378,Flirting With Danger,Kate Walker,3.0,037311818X,9780370000000.0,eng,188,12,4,06/01/1996,Harlequin
41379,As Nature Made Him: The Boy Who Was Raised as a Girl,John Colapinto,3.97,60929596,9780060000000.0,eng,320,5456,619,2/20/2001,Harper Perennial
41394,The Serial Killers Club,Jeff Povey,3.22,446578428,9780450000000.0,eng,279,109,25,6/22/2006,Warner Books (NY)
41404,The Savage Wars Of Peace: Soldiers' Voices 1945-1989,Charles Allen,4.5,718128826,9780720000000.0,eng,290,1,0,10/01/1990,Michael Joseph Ltd./Penguin Books Ltd.
41416,Dark Water (Fog Point  #1),Linda Hall,3.66,1578569540,9781580000000.0,en-US,354,186,25,4/18/2006,Waterbrook Press
41423,The Outlaws of Sherwood,Robin McKinley,3.77,441013252,9780440000000.0,eng,368,9043,617,10/04/2005,Ace
41424,Beauty: A Retelling of the Story of Beauty and the Beast,Robin McKinley,4.05,64404773,9780060000000.0,eng,256,63876,3744,6/30/1993,HarperCollins
41426,Spindle's End,Robin McKinley,3.81,552548227,9780550000000.0,eng,464,189,19,04/03/2003,Corgi Childrens
41430,Imaginary Lands,Robin McKinley/James P. Blaylock/Patricia A. McKillip/Robert Westall/Peter Dickinson/Jane Yolen/P.C. Hodgell/Michael de Larrabetti/Joan D. Vinge,3.59,862032806,9780860000000.0,eng,256,463,19,3/26/1987,Julia MacRae
41446,Beauty,Robin McKinley,4.05,862031435,9780860000000.0,eng,256,3,0,9/29/1983,Julia MacRae
41451,The Hero and the Crown (Damar  #2),Robin McKinley,4.21,441004997,9780440000000.0,eng,227,71,7,02/01/1985,Ace
41457,Hitty  Her First Hundred Years,Rachel Field/Dorothy P. Lathrop,3.86,689822847,9780690000000.0,eng,256,7097,292,09/01/1998,Aladdin
41459,Rachel Field's Hitty: Her First Hundred Years,Rosemary Wells/Susan Jeffers/Rachel Field,4.0,689817169,9780690000000.0,eng,112,117,24,10/01/1999,Simon & Schuster
41460,Voting Rights Days (Hitty's Travels  #3),Ellen Weiss/Betina Ogden,4.27,689849125,9780690000000.0,eng,75,10,2,03/01/2002,Aladdin Paperbacks
41463,A Christmas Carol (Great Illustrated Classics),Malvina G. Vogel/Charles Dickens,4.36,159679237X,9781600000000.0,eng,238,466,31,01/01/2005,Abdo Publishing Company
41464,Moon in a Dewdrop: Writings of Zen Master Dogen,Dōgen/Kazuaki Tanahashi/Robert Aitken/Reb Anderson/Edward G. Brown/Norman Fischer/Arnold Kotler/Daniel Leighton/Lew Richmond/Katherine Thanas/Brian Unger/Mel Weitsman/Dan Welch/Philip Whalen/David    Schneider,4.28,086547186X,9780870000000.0,eng,356,997,27,10/31/1995,North Point Press
41468,Dewdrops on a Lotus Leaf: Zen Poems of Ryokan,Ryōkan/John   Stevens,4.58,1590301080,9781590000000.0,eng,120,183,19,4/13/2004,Shambhala
41473,A Green Desire,Anton Myrer/Alastair Westgarth,3.73,60934638,9780060000000.0,en-US,576,152,9,12/04/2001,Harper Perennial
41474,The Big War,Anton Myrer,3.85,60934735,9780060000000.0,en-US,512,98,9,12/04/2001,Harper Perennial
41485,I Heard That Song Before,Mary Higgins Clark,3.82,743264916,9780740000000.0,eng,318,545,69,04/03/2007,Simon & Schuster
41486,Santa Cruise: A Holiday Mystery at Sea,Mary Higgins Clark/Carol Higgins Clark,3.41,1416535527,9781420000000.0,eng,261,4844,433,11/14/2006,Scribner
41487,No Place Like Home,Mary Higgins Clark,3.87,743497287,9780740000000.0,eng,472,11128,599,04/01/2006,Pocket Books
41488,Ghost Ship: A Cape Cod Story,Mary Higgins Clark/Wendell Minor,3.73,1416935142,9781420000000.0,eng,32,353,38,04/03/2007,Simon  Schuster/Paula Wiseman Books
41489,Deck the Halls,Mary Higgins Clark/Carol Higgins Clark,3.61,743418131,9780740000000.0,eng,292,7116,276,10/01/2001,Pocket Books
41490,On the Street Where You Live,Mary Higgins Clark/Karin Dufner,3.87,671004530,9780670000000.0,eng,387,17988,569,04/01/2002,Pocket Books
41491,Silent Night: The Remarkable Christmas Truce of 1914,Stanley Weintraub,3.6,684866226,9780680000000.0,eng,256,4041,179,10/30/2001,Pocket Books
41492,Nighttime Is My Time,Mary Higgins Clark,3.82,074341263X,9780740000000.0,eng,434,11739,485,04/06/2004,Simon & Schuster Adult Publishing Group
41495,Watchfiends and Rack Screams: Works from the Final Period,Antonin Artaud/Bernard Bador/Clayton Eshleman,4.25,1878972189,9781880000000.0,eng,352,261,14,02/01/2004,Exact Change
41497,Inside My Heart: Choosing to Live with Passion and Purpose,Robin McGraw,3.62,078521836X,9780790000000.0,eng,221,1113,183,09/12/2006,Nelson Books
41502,Lord John and the Brotherhood of the Blade  (Lord John Grey  #2),Diana Gabaldon,3.91,385337493,9780390000000.0,eng,494,17271,776,8/28/2007,Delacorte Press
41503,How to Stop Worrying and Start Living,Dale Carnegie,4.12,749307234,9780750000000.0,eng,293,240,16,5/23/1990,Vermilion
41504,Andrew Carnegie and the Rise of Big Business (Library of American Biography Series),Harold C. Livesay,3.25,321432878,9780320000000.0,eng,230,28,1,03/01/2006,Pearson
41505,How to Develop Self-Confidence and Influence People by Public Speaking,Dale Carnegie,4.14,749305797,9780750000000.0,eng,256,68,1,3/29/1990,Vermilion
41506,The Autobiography of Andrew Carnegie and the Gospel of Wealth,Andrew Carnegie/Gordon Hutner,3.98,451530381,9780450000000.0,eng,336,405,45,11/07/2006,Signet
41513,Love in the Time of Cholera,Gabriel García Márquez/Edith Grossman,3.91,816147175,9780820000000.0,eng,551,20,1,05/01/1989,Thorndike Press
41518,A Fan's Notes,Frederick Exley/Jonathan Yardley,4.08,679602712,9780680000000.0,eng,425,81,10,08/05/1997,Modern Library
41536,My Soul to Keep (African Immortals  #1),Tananarive Due,4.17,006105366X,9780060000000.0,eng,346,3799,361,04/08/1998,Harper Voyager
41537,Joplin's Ghost,Tananarive Due,3.91,743449045,9780740000000.0,eng,496,738,72,9/19/2006,Washington Square Press
41538,The Living Blood (African Immortals  #2),Tananarive Due,4.34,671040847,9780670000000.0,en-US,515,1862,124,01/01/2002,Washington Square Press
41539,The Good House,Tananarive Due,3.94,743296168,9780740000000.0,eng,597,2679,365,12/01/2006,Simon & Schuster
41541,The Prestige,Christopher Priest,3.89,765356171,9780770000000.0,eng,368,441,58,10/03/2006,Tor Books
41544,The Mammoth Book of Storms  Shipwrecks and Sea Disasters,Richard Russell Lawrence,3.57,786714689,9780790000000.0,eng,512,11,3,10/04/2004,Running Press
41551,The Stones of Summer,Dow Mossman,3.15,1585675172,9781590000000.0,eng,586,421,110,2/24/2004,Overlook Press
41555,The Summer House,Jean Stone,3.89,553580833,9780550000000.0,eng,352,128,6,04/04/2000,Bantam
41559,Peek-a-Boo! (Babyfaces),Roberta Grobel Intrater,3.69,590058967,9780590000000.0,eng,12,111,11,10/01/1997,Cartwheel
41567,The Handmaid's Tale,Margaret Atwood,4.11,771008740,9780770000000.0,eng,368,1185,89,9/19/2006,McClelland & Stewart
41573,The BFG: A Set of Plays,Roald Dahl/David Wood,4.26,142407925,9780140000000.0,eng,128,518,48,02/01/2007,Puffin Books
41576,Science Notebooks: Writing about Inquiry,Lori Fulton/Brian Campbell/Linda Gregg,3.64,325005680,9780330000000.0,eng,112,55,6,07/02/2003,Heinemann Educational Books
41590,Interviews with John Kenneth Galbraith (Conversations with Public Intellectuals),John Kenneth Galbraith/James Ronald Stanfield/J. Ron Stanfield/Jacqueline Bloom Stanfield,4.5,1578066107,9781580000000.0,eng,247,2,0,2/20/2004,University Press of Mississippi
41592,The Economics of Innocent Fraud: Truth for Our Time,John Kenneth Galbraith,3.6,618013245,9780620000000.0,en-US,62,225,28,4/26/2004,Houghton Mifflin Harcourt
41595,Robin Williams Web Design Workshop,Robin P. Williams/John Tollett/Dave Rohr,3.8,201748673,9780200000000.0,eng,384,54,1,08/04/2001,Peachpit Press
41602,The Non-Designer's Web Book,Robin P. Williams/John Tollett,3.66,321303377,9780320000000.0,en-US,335,212,19,9/26/2005,Peachpit Press
41611,Hard Drive: Bill Gates and the Making of the Microsoft Empire,James Wallace/Jim  Erickson,4.11,887306292,9780890000000.0,en-US,426,1234,41,3/26/1993,HarperCollins
41639,Bill Gates: Computer Legend (Famous Lives),Sara Barton-Wood,5.0,739844326,9780740000000.0,eng,48,0,0,11/01/2001,Raintree
41648,Chicken Trek,Stephen Manes,4.39,553157167,9780550000000.0,eng,128,96,8,07/01/1989,Bantam Skylark
41649,Make Four Million Dollars by Next Thursday!,Stephen Manes/George Ulrich,3.68,440413702,9780440000000.0,eng,87,79,12,07/08/1996,Yearling Books
41651,Slim Down Camp,Stephen Manes,3.9,553233505,9780550000000.0,eng,176,9,2,12/01/1986,Bantam Books
41652,The Boy Who Turned Into a TV Set,Stephen Manes/Michael  Bass,4.0,380620006,9780380000000.0,eng,10,8,3,02/01/1984,Avon Books
41654,Masters of Enterprise: Giants of American Business from John Jacob Astor and J.P. Morgan to Bill Gates and Oprah Winfrey,H.W. Brands,4.0,684854732,9780680000000.0,eng,368,101,10,06/07/1999,Free Press
41658,The Devil in the Junior League,Linda Francis Lee,3.62,312354959,9780310000000.0,eng,336,3852,531,8/22/2006,St. Martin's Press
41659,Prom Anonymous,Blake Nelson,3.42,142407453,9780140000000.0,eng,262,462,59,2/15/2007,Speak
41661,The New Rules of High School,Blake Nelson,3.54,142402427,9780140000000.0,en-US,224,46,2,09/09/2004,Speak
41662,Cool Girl,Blake Nelson/Hans Schumacher,3.76,3407788193,9783410000000.0,ger,298,8,1,12/01/2000,Beltz und Gelberg
41663,They Came from Below,Blake Nelson,3.66,765314231,9780770000000.0,eng,299,189,42,6/26/2007,Tor Books
41664,User,Blake Nelson,3.37,970481713,9780970000000.0,eng,255,81,8,7/15/2003,Versus Press
41665,Exile,Blake Nelson/Francine Kass,3.15,684838389,9780680000000.0,en-US,288,159,14,06/11/1997,Scribner
41666,Girl (Girl  #1),Blake Nelson,3.76,671897071,9780670000000.0,en-US,252,2001,198,9/13/1994,Touchstone Books
41667,My Side of the Mountain (Mountain  #1),Jean Craighead George,4.06,142401110,9780140000000.0,eng,192,55045,2605,04/12/2004,Puffin Books
41675,The Theban Plays: Oedipus Rex  Oedipus at Colonus & Antigone,Sophocles/George      Young,3.97,048645049X,9780490000000.0,eng,176,182,14,6/23/2006,Dover Publications
41681,The Jungle,Upton Sinclair/Earl Lee/Kathleen DeGrave,3.74,1884365302,9781880000000.0,eng,335,110423,4133,04/01/2003,See Sharp Press
41684,The Jungle Books,Rudyard Kipling/Alev Lytle Croutier,4.02,451529758,9780450000000.0,eng,368,78036,692,05/03/2005,Signet Classics
41688,Human Croquet,Kate Atkinson,3.72,312186886,9780310000000.0,eng,352,6917,548,11/12/1999,Picador
41689,The Key to Rebecca,Ken Follett/Arto Häilä,3.89,451207793,9780450000000.0,eng,352,19339,615,02/04/2003,NAL
41691,Paper Money,Ken Follett,3.32,330345044,9780330000000.0,eng,286,102,17,03/01/1996,MacMillan General Books
41693,Skeleton Coast (Oregon Files  #4),Clive Cussler/Jack Du Brul,4.12,425211894,9780430000000.0,eng,373,7591,210,10/03/2006,Berkley
41694,Dragon (Dirk Pitt  #10),Clive Cussler,3.92,1416537805,9781420000000.0,en-US,602,11450,230,10/31/2006,Pocket Books
41695,Dark Watch (Oregon Files  #3),Clive Cussler/Jack Du Brul,4.1,425205592,9780430000000.0,eng,357,5956,185,10/31/2005,Berkley
41696,Black Wind (Dirk Pitt  #18),Clive Cussler/Dirk Cussler,3.86,425204235,9780430000000.0,eng,639,10113,304,06/06/2006,G.P. Putnam's Sons
41697,Cyclops (Dirk Pitt  #8),Clive Cussler,3.87,671704648,9780670000000.0,eng,473,11750,216,12/01/1986,Pocket Books
41698,Deep Six (Dirk Pitt  #7),Clive Cussler,3.9,1416516859,9781420000000.0,en-US,535,14501,241,01/01/2006,Pocket Books
41699,Polar Shift (NUMA Files  #6),Clive Cussler/Paul Kemprecos,3.91,141017724,9780140000000.0,eng,504,7121,185,8/30/2005,Putnam
41700,Vixen 03 (Dirk Pitt  #5),Clive Cussler,3.84,055358944X,9780550000000.0,eng,384,10238,199,7/25/2006,Bantam
41701,The Mediterranean Caper (Dirk Pitt  #2),Clive Cussler,3.78,425197395,9780430000000.0,eng,391,15305,494,04/06/2004,G.P. Putnam's Sons
41702,The Navigator (NUMA Files  #7),Clive Cussler/Paul Kemprecos,3.94,399154191,9780400000000.0,en-US,437,6152,248,06/05/2007,Putnam Publishing Group
41703,Golden Buddha (Oregon Files  #1),Clive Cussler/Craig Dirgo,3.9,141010312,9780140000000.0,eng,527,9171,309,3/24/2005,Penguin Books
41704,Shock Wave (Dirk Pitt  #13),Clive Cussler,4.02,743449673,9780740000000.0,eng,537,14019,260,01/01/1996,Downtown Press
41706,Raise the Titanic! (Dirk Pitt  #4),Clive Cussler,3.98,425194523,9780430000000.0,eng,545,21489,636,02/03/2004,G.P. Putnam's Sons
41707,Atlantis Found (Dirk Pitt  #15),Clive Cussler,3.99,425204030,9780430000000.0,eng,530,21436,584,10/26/2004,Berkley Trade
41708,Muerte Blanca,Clive Cussler/Paul Kemprecos,3.91,030734326X,9780310000000.0,spa,421,2,0,09/06/2005,Debolsillo
41710,Iceberg (Dirk Pitt  #3),Clive Cussler,3.85,425197387,9780430000000.0,eng,340,18244,381,03/02/2004,Berkley Books
41711,Fire Ice (NUMA Files  #3),Clive Cussler/Paul Kemprecos,3.92,399148728,9780400000000.0,en-US,434,186,7,06/03/2002,Putnam Adult
41712,Lost City (NUMA Files  #5),Clive Cussler/Paul Kemprecos,3.9,425204197,9780430000000.0,en-US,515,227,17,7/26/2005,G.P. Putnam's Sons
41713,The Sea Hunters II (The Sea Hunters  #2),Clive Cussler/Craig Dirgo,3.85,425193721,9780430000000.0,en-US,464,1311,37,12/30/2003,G.P. Putnam's Sons
41714,The Sea Hunters (The Sea Hunters #1),Clive Cussler/Craig Dirgo,3.82,743480694,9780740000000.0,en-US,432,2004,58,09/01/2003,Pocket Star
41715,La Ciudad Perdida (NUMA Files  #5),Clive Cussler/Paul Kemprecos,3.9,307376648,9780310000000.0,spa,432,2,0,11/07/2006,Debolsillo
41716,Sahara (Dirk Pitt  #11),Clive Cussler,3.96,030720961X,9780310000000.0,spa,400,51807,724,01/11/2005,Debolsillo
41717,Clive Cussler and Dirk Pitt Revealed,Clive Cussler/Craig Dirgo,3.88,671026224,9780670000000.0,eng,544,2066,35,10/01/1998,Pocket Books
41719,Cliffs Notes on Billy Budd & Typee,Mary Ellen Snodgrass,3.5,764539507,9780760000000.0,eng,80,3,0,1/24/2003,Cliffs Notes
41735,Billy Budd  Sailor,Herman Melville,3.12,014062175X,9780140000000.0,eng,96,178,20,10/24/1995,Penguin Books Ltd
41740,Billy Budd  Sailor,Herman Melville,3.12,1417647116,9781420000000.0,eng,127,29,0,03/01/1999,Turtleback Books
41760,Billy Budd  Sailor and Other Uncompleted Writings: The Writings of Herman Melville  Volume 13,Herman Melville/Hershel Parker/G. Thomas Tanselle/Harrison Hayford/Robert Sandberg/Alma MacDougall Reising,3.11,810111144,9780810000000.0,eng,1016,0,0,9/15/2017,Northwestern Univ Press
41773,Billy Budd  marin,Herman Melville,3.12,2070709043,9782070000000.0,fre,182,9,0,5/14/1987,Gallimard
41780,The Elections of 2004,Michael Nelson,4.0,1568028342,9781570000000.0,eng,213,7,0,3/15/2005,CQ Press
41781,Love Sick: A Smoldering Look at Love  Lust  and Marriage,Michael J. Nelson/Charles S. Anderson Design Company/Pop Ink,3.76,810957906,9780810000000.0,eng,176,71,8,09/01/2005,Harry N. Abrams
41782,Goth-Icky: A Macabre Menagerie of Morbid Monstrosities,Michael J. Nelson/Charles S. Anderson Design Company/Pop Ink,3.65,810957892,9780810000000.0,eng,176,147,11,09/01/2005,Harry N. Abrams
41783,Fluffy Humpy Poopy Puppy: A Ruff  Dog-Eared Look at Man's Best Friend,Michael J. Nelson/Pop Ink/Charles S. Anderson Design Company,4.0,810970570,9780810000000.0,eng,176,56,7,09/01/2006,Harry N. Abrams
41784,Mike Nelson's Death Rat!,Michael J. Nelson,3.66,60934727,9780060000000.0,eng,336,450,44,4/15/2003,Dey Street Books
41786,Joel on Software,Joel Spolsky,4.11,1590593898,9781590000000.0,eng,384,2981,118,10/28/2004,Apress
41793,Hackers & Painters: Big Ideas from the Computer Age,Paul Graham/Allen Noren/Matt Hutchinson,4.05,596006624,9780600000000.0,eng,272,6572,302,5/25/2004,O'Reilly Media
41804,I  Robot (Robot  #0.1),Isaac Asimov,4.19,553803700,9780550000000.0,eng,224,238100,4196,06/01/2004,Spectra
41805,I  Robot: The Illustrated Screenplay,Harlan Ellison,4.03,1596870419,9781600000000.0,eng,288,26,1,05/01/2004,iBooks
41810,The Robots of Dawn (Robot #3),Isaac Asimov,4.16,553299492,9780550000000.0,eng,435,31186,866,03/01/1994,Spectra
41814,I. Asimov,Isaac Asimov,4.2,055356997X,9780550000000.0,eng,578,1729,97,01/01/1995,Bantam
41815,Asimov's New Guide to Science,Isaac Asimov,4.38,140172130,9780140000000.0,eng,896,49,1,5/27/1993,Penguin
41820,Pebble in the Sky (Galactic Empire #3),Isaac Asimov,3.88,553293427,9780550000000.0,eng,308,14022,452,12/01/1991,Bantam
41821,The Gods Themselves,Isaac Asimov,4.09,1857989341,9781860000000.0,eng,288,42770,1022,02/10/2000,Millenium
41822,The Stars  Like Dust (Galactic Empire  #1),Isaac Asimov,3.74,553293435,9780550000000.0,eng,304,12547,424,12/01/1991,Spectra
41824,The Currents of Space (Galactic Empire  #2),Isaac Asimov,3.83,4490249512,9780450000000.0,eng,192,37,3,01/01/1952,Fawcett crest
41832,Gold: The Final Science Fiction Collection,Isaac Asimov/Orson Scott Card,4.0,60556528,9780060000000.0,eng,416,2476,85,10/21/2003,Harper Voyager
41834,Asimov's Guide to the Bible: The Old Testament,Isaac Asimov,4.07,380010321,9780380000000.0,eng,677,237,20,11/01/1971,Avon Books (P)
41840,100 Great Fantasy Short Short Stories,Isaac Asimov/Terry Carr/Martin H. Greenberg/Janet  Fox,3.91,380699176,9780380000000.0,eng,395,204,19,08/01/1985,Avon
41851,Rock Star Superstar,Blake Nelson,3.61,142405744,9780140000000.0,en-US,229,310,34,04/06/2006,Speak
41856,Writings and Selected Narratives of the Exploration and Settlement of Virginia,John  Smith,3.39,1598530011,9781600000000.0,en-US,1327,28,3,3/22/2007,Library of America
41861,John  Paul  George & Ben,Lane Smith,4.21,786848936,9780790000000.0,eng,40,3500,393,04/01/2006,Little  Brown Books for Young Readers
41862,Evolution and the Theory of Games,John Maynard Smith,4.0,521288843,9780520000000.0,eng,234,86,5,10/21/1982,Cambridge University Press
41863,The Origins of Life: From the Birth of Life to the Origin of Language,John Maynard Smith/Eörs Szathmáry,4.13,019286209X,9780190000000.0,eng,192,43,3,11/26/2000,Oxford University Press  USA
41864,American Genesis: Captain John Smith and the Founding of Virginia,Alden T. Vaughan,3.43,673393550,9780670000000.0,eng,224,23,2,8/17/2019,Pearson
41865,Twilight (Twilight  #1),Stephenie Meyer,3.59,316015849,9780320000000.0,eng,501,4597666,94265,09/06/2006,Little  Brown and Company
41885,Sense and Sensibility,Jane Austen,4.07,1593081251,9781590000000.0,eng,325,1278,153,7/25/2004,Barnes & Noble
41887,Uncle Shelby's ABZ Book,Shel Silverstein,4.36,067121148X,9780670000000.0,eng,80,2550,222,09/09/1985,Gallery Books
41890,Who Wants a Cheap Rhinoceros?,Shel Silverstein,3.96,689851138,9780690000000.0,eng,64,1907,124,08/01/2002,Simon  Schuster Books for Young Readers
41899,Fantastic Beasts and Where to Find Them (Hogwarts Library),Newt Scamander/J.K. Rowling,3.99,439321603,9780440000000.0,eng,128,259399,5513,06/01/2001,Arthur A. Levine Books
41900,J.K. Rowling - A Biography,Sean Smith,3.73,1843170175,9781840000000.0,eng,248,937,41,05/01/2003,Michael O'Mara Books
41903,Das Zauberer-Handbuch - Die Magische Welt der Joanne K. Rowling von A bis Z,Allan Zola Kronzek,4.04,3442451531,9783440000000.0,ger,304,39,1,11/01/2001,Goldmann
41907,Harry Potter und die Kammer des Schreckens (Harry Potter  #2),J.K. Rowling,4.42,3551552096,9783550000000.0,ger,351,26,1,9/30/2000,Carlsen
41908,Harry Potter und der Gefangene von Askaban (Harry Potter  #3),J.K. Rowling/Rufus Beck,4.56,3895849618,9783900000000.0,ger,13,313,8,8/31/2002,Dhv der Hörverlag
41909,Harry Potter ve Sırlar Odası (Harry Potter  #2),J.K. Rowling/Sevin Okyay,4.42,3570211029,9783570000000.0,tur,403,1000,41,10/01/2001,Yapı Kredi Yayınları
41911,Harry Potter und der Gefangene von Askaban (Harry Potter  #3),J.K. Rowling,4.56,355155210X,9783550000000.0,ger,448,30,2,04/01/2001,Carlsen
41918,There are No Children Here: The Story of Two Boys Growing Up in the Other America,Alex Kotlowitz,4.27,385265565,9780390000000.0,eng,323,12092,837,01/05/1992,Anchor Books
41919,Infants  Children  and Adolescents (MyDevelopmentLab Series),Laura E. Berk,3.64,205419283,9780210000000.0,en-US,784,19,2,09/10/2004,Allyn & Bacon
41926,Spring Music,Elvi Rhodes,4.05,552146552,9780550000000.0,eng,464,37,5,8/19/1999,Corgi
41951,Scarlet Feather,Maeve Binchy,3.96,451203771,9780450000000.0,eng,549,22812,791,03/01/2002,Signet
41952,The Lilac Bus,Maeve Binchy,3.62,99498642,9780100000000.0,eng,196,9649,297,01/12/2007,Dell
41962,Light a Penny Candle,Maeve Binchy,3.91,009949857X,9780100000000.0,eng,832,14656,585,05/04/2006,Arrow
41967,Evening Class,Maeve Binchy,3.99,752876821,9780750000000.0,en-GB,528,35964,855,6/30/2005,Orion Publishing Group
41977,Circle of Friends,Maeve Binchy/René Huigen/Frans Thomése,4.03,99498596,9780100000000.0,eng,722,51839,1396,06/01/2006,Arrow
41979,Nos rêves de Castelbay,Maeve Binchy,3.8,2268031675,9782270000000.0,fre,434,1,0,3/29/1999,Editions du Rocher
41991,Les Saveurs de la vie,Maeve Binchy,3.96,2266129376,9782270000000.0,fre,893,6,1,6/19/2003,Pocket
41993,Kiss,Jill Mansell,3.68,747268460,9780750000000.0,eng,512,1587,67,09/07/2000,Headline Review
41994,Solo,Jill Mansell,3.65,747267456,9780750000000.0,eng,421,3362,127,09/02/2002,Headline Review
41996,Two's Company,Jill Mansell,3.61,747267448,9780750000000.0,eng,448,1462,53,10/27/2003,Headline Review
41998,Open House,Jill Mansell,3.9,074726743X,9780750000000.0,en-US,448,2440,65,03/03/2003,Headline
41999,The Dream Kingdom (The Morland Dynasty  #26),Cynthia Harrod-Eagles,4.34,751533432,9780750000000.0,eng,640,195,7,11/01/2004,Little  Brown Book Group
42001,Falling for You,Jill Mansell,3.8,755304853,9780760000000.0,eng,448,4816,143,8/16/2004,Headline Review
42002,Millie's Fling,Jill Mansell,3.75,747264864,9780750000000.0,en-GB,512,8052,463,8/16/2001,Headline Review
42003,Sheer Mischief,Jill Mansell,3.82,747268479,9780750000000.0,eng,504,2555,102,08/02/2001,Headline Review
42007,Head Over Heels,Jill Mansell,3.72,747257361,9780750000000.0,en-US,448,3286,128,06/10/1999,Headline Review
42010,Mixed Doubles,Jill Mansell,3.71,747257353,9780750000000.0,en-GB,416,2087,82,07/02/1998,Headline Review
42012,Méli-mélo,Jill Mansell,3.71,2290327506,9782290000000.0,fre,381,5,0,10/31/2002,J'ai Lu
42018,Seven Sunny Days,Chris Manby,3.35,373895208,9780370000000.0,eng,352,588,30,4/26/2005,Red Dress Ink
42020,Girl Meets Ape,Chris Manby,3.46,340828064,9780340000000.0,eng,406,553,20,01/05/2004,Coronet
42029,Girls' Night In,Jessica Adams/Chris Manby/Fiona Walker,3.26,6514855,9780010000000.0,en-GB,586,140,11,07/03/2000,HarperCollins
42036,Tales from Shakespeare,Charles Lamb/Mary Lamb/Arthur Rackham,3.96,140621598,9780140000000.0,eng,288,3097,154,10/26/2007,Penguin Books
42038,Shakespeare's Sonnets,William Shakespeare/Katherine Duncan-Jones,4.25,1903436575,9781900000000.0,eng,488,70617,614,8/21/1997,Bloomsbury Academic
42040,Love Poems and Sonnets,William Shakespeare,4.34,385017332,9780390000000.0,eng,160,5808,64,09/03/1957,Doubleday Books
42041,Shakespeare A to Z: The Essential Reference to His Plays  His Poems  His Life and Times  and More,Charles Boyce/David Allen White,4.35,385313616,9780390000000.0,eng,752,153,6,11/10/1991,Delta
42045,The Sonnets,William Shakespeare/Stephen Orgel/John Hollander,4.25,140714537,9780140000000.0,eng,164,349,19,12/01/2001,Penguin Classics
42048,Shakespeare's Secret,Elise Broach,3.88,805073876,9780810000000.0,eng,256,7373,645,05/01/2005,Henry Holt & Company
42051,The Complete Sonnets and Poems,William Shakespeare/Colin Burrow,4.34,019281933X,9780190000000.0,eng,624,5487,43,7/18/2002,Oxford University Press
42054,The Arden Shakespeare Complete Works,William Shakespeare/Richard Proudfoot/Ann Thompson/David Scott Kastan/Harold Jenkins,4.5,1903436613,9781900000000.0,eng,1347,122,7,07/05/2001,Arden Shakespeare
42055,Reduced Shakespeare: The Attention-impaired Readers Guide to the World's Best Playwright,Reed Martin/Austin Tichenor,4.13,1401302203,9781400000000.0,en-US,256,281,53,07/11/2006,Hachette Books
42056,The Cat Who Knew Shakespeare (Cat Who...  #7),Lilian Jackson Braun,3.92,747250383,9780750000000.0,eng,208,6876,206,11/07/1996,Headline
42057,The Shakespeare Stealer (Shakespeare Stealer  #1),Gary L. Blackwood,3.68,141305959,9780140000000.0,eng,224,5582,451,07/01/2000,Puffin Books
42060,Richard III,William Shakespeare/Barbara A. Mowat/Paul Werstine,3.93,743482840,9780740000000.0,eng,369,1945,191,07/01/2004,Simon  Schuster
42068,King Henry VI  Part 3,William Shakespeare/John D. Cox/Eric Rasmussen,3.76,1903436311,9781900000000.0,eng,460,3138,186,11/01/2001,Bloomsbury Arden Shakespeare
42070,The Age Of Shakespeare,Frank Kermode,3.68,753819953,9780750000000.0,eng,208,20,2,07/07/2005,Phoenix
42078,Ukraine,Sarah Johnstone,3.91,186450336X,9781860000000.0,eng,216,27,5,07/01/2005,Lonely Planet
42099,Jimi Hendrix: The Complete Guide to His Music  (Complete Guide to the Music of...),Peter Doggett,4.0,1844494241,9781840000000.0,eng,96,4,1,12/01/2004,Omnibus Press
42140,Outside the Dog Museum (Answered Prayers  #4),Jonathan Carroll,3.97,765311852,9780770000000.0,eng,267,1406,97,06/01/2005,Orb Books
42141,Glass Soup  (Vincent Ettrich  #2),Jonathan Carroll,3.88,765311801,9780770000000.0,eng,320,1153,62,11/28/2006,Tor Books
42143,The Land of Laughs,Jonathan Carroll,3.9,312873115,9780310000000.0,eng,253,4337,352,02/10/2001,Orb Books
42145,Sleeping in Flame (Answered Prayers  #2),Jonathan Carroll/Dave McKean,4.05,765311860,9780770000000.0,en-US,304,1543,76,10/01/2004,Orb Books
42146,Bones of the Moon (Answered Prayers  #1),Jonathan Carroll,3.89,312873123,9780310000000.0,eng,224,2046,116,05/03/2002,Orb Books
42148,Kissing the Beehive (Crane's View  #1),Jonathan Carroll,3.7,575402911,9780580000000.0,eng,256,808,40,08/10/2000,Orion
42149,Baby Proof,Emily Giffin,3.72,312348649,9780310000000.0,eng,340,140762,3096,6/13/2006,St. Martin's Press
42155,Something Blue (Darcy & Rachel  #2),Emily Giffin,3.93,312323867,9780310000000.0,en-US,338,191577,6599,3/21/2006,Griffin
42156,Something Borrowed (Darcy & Rachel  #1),Emily Giffin,3.85,031232118X,9780310000000.0,eng,322,454917,7487,06/01/2004,St. Martin's Press
42157,P.S. Longer Letter Later (Elizabeth and Tara*Starr  #1),Paula Danziger/Ann M. Martin,3.78,590213113,9780590000000.0,eng,234,2699,242,05/01/1999,Scholastic Paperbacks
42158,P.S. Your Cat Is Dead,James Kirkwood Jr.,3.75,312321201,9780310000000.0,eng,218,1334,141,11/15/2003,St. Martin's Griffin
42162,P.S. I Love You Three!,Lynda Milligan/Nancy J. Smith,4.14,1880972476,9781880000000.0,eng,79,7,0,12/01/2002,Possibilities
42172,The Christmas Shoes (Christmas Hope #1),Donna VanLiere,4.23,312289510,9780310000000.0,eng,132,32701,967,11/09/2001,St. Martin's Press
42177,Burning The Map,Laura Caldwell,3.54,373250215,9780370000000.0,en-US,288,1336,66,10/25/2002,Red Dress Ink
42180,iMovie 4 & iDVD: The Missing Manual: The Missing Manual,David Pogue,3.25,596006934,9780600000000.0,eng,496,4,0,8/23/2004,Pogue Press
42198,The Icarus Agenda,Robert Ludlum,3.96,752858505,9780750000000.0,eng,836,37,3,07/01/2004,Orion Books
42210,Life Is a Dream,Pedro Calderón de la Barca,3.98,486421244,9780490000000.0,eng,96,346,27,07/01/2002,Dover Publications
42211,Life Is a Dream and Other Spanish Classics (Eric Bentley's Dramatic Repertoire) - Volume II,Pedro Calderón de la Barca/Miguel de Cervantes Saavedra/Lope de Vega/Tirso de Molina/Roy Campbell/Eric Bentley,3.81,1557830061,73999140774.0,eng,298,61,4,04/01/2000,Applause Theatre & Cinema Book Publishers
42212,Life Is A Dream = La Vida Es Sueño,Pedro Calderón de la Barca/Stanley Appelbaum,3.98,486424731,9780490000000.0,eng,208,56,2,12/06/2002,Dover Publications
42213,Life Is a Dream,Pedro Calderón de la Barca/Gregary Racz,3.98,143104829,9780140000000.0,eng,160,168,11,12/26/2006,Penguin Classics
42261,Stylepedia: A Guide to Graphic Design Mannerisms  Quirks  and Conceits,Steven Heller/Louise Fili,4.06,811833461,9780810000000.0,eng,336,170,9,11/09/2006,Chronicle Books
42278,I Can Fly,Ruth Krauss/Mary Blair,4.24,307001466,9780310000000.0,eng,24,1069,70,09/09/2003,Golden Books
42300,A Whole Lotta Love,Donna Hill/Francis Ray/Brenda Jackson/Monica Jackson,4.46,451210905,9780450000000.0,eng,384,662,7,01/06/2004,Signet
42308,The Best of Pippi Longstocking (Pippi Longstocking  #1-3),Astrid Lindgren/Tony Ross,4.25,192753371,9780190000000.0,en-GB,378,217,16,10/09/2003,Oxford University Press
42311,Astrid Lindgren: Storyteller to the World,Johanna Hurwitz/Michael Dooling,3.69,140326928,9780140000000.0,eng,64,10,2,11/01/1991,Puffin
42323,Astrid Lindgren,Eva-Maria Metcalf,3.78,805745254,9780810000000.0,eng,157,7,2,11/01/1994,Twayne Publishers
42337,The Moffats (The Moffats  #1),Eleanor Estes/Louis Slobodkin,4.0,152025413,9780150000000.0,eng,212,9334,302,04/01/2001,Oddysey/Harcourt Young Classics
42341,Arthur and the Lost Kingdoms,Alistair Moffat,3.7,753810743,9780750000000.0,eng,282,59,14,12/31/1999,Orion Publishing Group
42355,God's Generals Why They Succeeded and Why Some Fail,Roberts Liardon,4.45,883689448,9780880000000.0,eng,416,1481,67,11/01/2000,Whitaker House
42357,The Alley (The Alley  #1),Eleanor Estes/Edward Ardizzone,3.76,152049185,9780150000000.0,eng,288,320,20,08/01/2003,HMH Books for Young Readers
42359,Pinky Pye (The Pyes  #2),Eleanor Estes/Edward Ardizzone,3.86,152025650,9780150000000.0,eng,192,1578,102,09/01/2000,HMH Books for Young Readers
42366,The Witch Family,Eleanor Estes/Edward Ardizzone,4.07,015202610X,9780150000000.0,eng,240,2550,98,09/01/2000,HMH Books for Young Readers
42369,The Hundred Dresses,Eleanor Estes/Louis Slobodkin,4.09,152052607,9780150000000.0,eng,80,30311,2306,09/01/2004,HMH Books for Young Readers
42376,Theater Shoes,Noel Streatfeild/Diane Goode,4.02,613013379,9780610000000.0,en-US,252,85,11,11/01/1999,Sagebrush
42377,Gemma Alone (Gemma  #3),Noel Streatfeild,3.61,440428653,9780440000000.0,eng,150,175,7,02/01/1987,Yearling
42380,When the Siren Wailed,Noel Streatfeild/Judith Gwyn Brown,3.72,394931475,9780390000000.0,en-US,157,16,3,10/01/1977,Lions
42382,The Caine Mutiny Court-Martial,Herman Wouk,4.12,385514417,9780390000000.0,eng,120,281,10,4/20/1954,Doubleday Books
42389,Band of Brothers: E Company  506th Regiment  101st Airborne from Normandy to Hitler's Eagle's Nest,Stephen E. Ambrose,4.43,743464117,9780740000000.0,eng,432,82525,2124,09/01/2002,Simon & Schuster; Media Tie-In edition
42390,Midnight Riders: The Story of the Allman Brothers Band,Scott  Freeman,3.97,316294527,9780320000000.0,eng,343,278,16,07/01/1996,Little  Brown and Company
42408,Babar's World Tour,Laurent de Brunhoff,3.82,810957809,9780810000000.0,en-US,48,69,12,09/01/2005,Harry N. Abrams
42410,The Easter Rabbit's Parade,Lois Lenski,3.0,037582748X,9780380000000.0,eng,40,29,7,1/27/2004,Random House Books for Young Readers
42415,The Little Fire Engine,Lois Lenski,3.56,375810706,9780380000000.0,eng,56,209,27,10/24/2000,Random House Books for Young Readers
42417,Right Stuff  Wrong Sex: America's First Women in Space Program,Margaret A. Weitekamp,3.82,801883946,9780800000000.0,eng,256,36,9,10/26/2005,Johns Hopkins University Press
42424,The Right Stuff (To Protect and Defend #3),Merline Lovelace,3.61,373273495,9780370000000.0,eng,256,40,3,2/23/2004,Silhouette Books
42425,For Whom the Bell Tolls,Ernest Hemingway,3.97,1117066037,9781120000000.0,eng,503,365,33,01/01/1940,P. F. Collier and Sons
42429,Cliffs Notes on Hemingway's The Sun Also Rises,Gary K. Carey,3.5,822012375,9780820000000.0,eng,80,14,2,5/20/1964,Cliffs Notes
42430,Dune (Dune #1),Frank Herbert/Domingo Santos,4.22,849759682X,9788500000000.0,spa,702,565,93,10/30/2003,Debolsillo
42432,God Emperor of Dune (Dune Chronicles #4),Frank Herbert,3.84,575075066,9780580000000.0,eng,454,51343,896,3/13/2003,Victor Gollancz
42434,Sandworms of Dune (Dune Chronicles #8),Brian Herbert/Kevin J. Anderson,3.64,076531293X,9780770000000.0,en-US,494,8486,273,08/07/2007,Tor Books
