bookID,title,authors,average_rating,isbn,isbn13,language_code,  num_pages,ratings_count,text_reviews_count,publication_date,publisher
29490,Candy,Mian Mian/Andrea Lingenfelter,3.32,316563560,9780320000000.0,en-US,279,1169,95,7/15/2003,Back Bay Books
29497,Demon Diary  Volume 01,Kara/Lee Chi-Hyong,3.95,1591821541,9781590000000.0,eng,192,4685,78,05/06/2003,TokyoPop
29498,Demon Diary  Volume 03,Kara/Lee Yun-Hee,4.07,1591821568,9781590000000.0,eng,187,1296,20,09/09/2003,TokyoPop
29499,Demon Diary  Volume 02,Kara/Jee-Hyung Lee,4.14,159182155X,9781590000000.0,eng,199,1672,26,07/08/2003,TokyoPop
29500,Demon Diary  Volume 04,Kara/Lee Yun-Hee,4.1,1591821576,9781590000000.0,eng,192,1182,15,11/04/2003,TokyoPop
29501,The End of Faith: Religion  Terror  and the Future of Reason,Sam Harris,3.93,393327655,9780390000000.0,en-US,348,29971,1480,9/17/2005,W. W. Norton  Company
29506,Prisoner's Dilemma: John von Neumann  Game Theory  and the Puzzle of the Bomb,William Poundstone/John von Neumann,3.91,038541580X,9780390000000.0,eng,320,1323,94,01/01/1993,Anchor
29512,Lost Continents,L. Sprague de Camp,3.65,486226689,9780490000000.0,en-US,363,108,10,06/01/1970,Dover Publications (NYC)
29514,The Lost Continent,Edgar Rice Burroughs,3.68,1600961509,9781600000000.0,eng,108,1235,59,7/30/2008,Waking Lion Press
29516,The Lost Continent: The Story of Atlantis,Charles John Cutcliffe Wright Hyne/Gary Hoppenstand/Harry Turtledove,3.78,803273320,9780800000000.0,eng,260,19,1,11/01/2002,Bison Books
29519,Conspiracy of Fools,Kurt Eichenwald,4.23,767911792,9780770000000.0,eng,784,4511,309,12/27/2005,Broadway Books
29526,The Death and Rebirth of the Seneca,Anthony F.C. Wallace,3.66,039471699X,9780390000000.0,eng,416,102,5,04/12/1972,Vintage
29529,Rebirth Volume 5,Kang-Woo Lee/Lauren Na,4.03,1591822203,9781590000000.0,eng,184,102,2,12/02/2003,TokyoPop
29533,Satan Burger,Carlton Mellick III,3.56,971357234,9780970000000.0,eng,230,1691,129,11/01/2001,Eraserhead Press
29534,The Strategy of Satan: How to Detect and Defeat Him,Warren W. Wiersbe,4.37,842366652,9780840000000.0,en-US,162,440,45,7/20/1979,Tyndale House Publishers
29537,The Black Stallion and Satan (The Black Stallion  #5),Walter Farley,4.12,679813462,9780680000000.0,eng,224,6280,53,4/14/1992,Yearling
29545,Satan: His Psychotherapy and Cure by the Unfortunate Dr. Kassler  J.S.P.S.,Jeremy Leven,4.13,059514506X,9780600000000.0,eng,496,519,52,11/01/2000,Backinprint.com
29547,Everyone Worth Knowing,Lauren Weisberger,3.4,1416543007,9781420000000.0,en-US,448,67653,1680,12/26/2006,Pocket Books
29549,The Lost Blogs: From Jesus to Jim Morrison--The Historically Inaccurate and Totally  Fictitious Cyber Diaries of Everyone Worth Knowing,Paul       Davidson,3.61,446697389,9780450000000.0,eng,288,30,5,11/29/2009,Warner Books
29551,Happy Are the Peace Makers (Blackie Ryan  #5),Andrew M. Greeley,3.79,515110752,9780520000000.0,eng,300,369,16,04/01/1993,Jove Books
29561,The Truth Will Set You Free: Overcoming Emotional Blindness and Finding Your True Adult Self,Alice   Miller/Andrew Edwin Jenkins,4.06,465045855,9780470000000.0,eng,224,501,32,12/10/2002,Basic Books
29565,The Stone Raft,José Saramago,3.8,1860467210,9781860000000.0,eng,272,3224,180,06/01/2000,Panther
29566,Baltasar and Blimunda,José Saramago/Giovanni Pontiero,3.92,1860469019,9781860000000.0,eng,346,105,14,9/20/2001,Vintage Classics
29569,You: The Owner's Manual: An Insider's Guide to the Body That Will Make You Healthier and Younger,Michael F. Roizen/Mehmet C. Oz,3.82,60765313,9780060000000.0,en-US,417,3170,286,01/01/2005,Collins Publishers
29571,You: On a Diet: The Owner's Manual for Waist Management,Michael F. Roizen/Mehmet C. Oz,3.66,743292545,9780740000000.0,en-US,370,4403,405,10/31/2006,Free Press
29579,Foundation (Foundation  #1),Isaac Asimov,4.16,553803719,9780550000000.0,eng,244,349846,6561,06/01/2004,Bantam
29580,Second Foundation (Foundation #3),Isaac Asimov,4.26,553803735,9780550000000.0,eng,256,119224,1708,06/01/2004,Bantam Spectra
29581,Foundation and Empire (Foundation #2),Isaac Asimov,4.22,553803727,9780550000000.0,eng,256,126226,2034,06/01/2004,Spectra Books
29582,Foundation and Earth (Foundation #5),Isaac Asimov,4.05,553587579,9780550000000.0,eng,500,46112,890,8/31/2004,Spectra
29584,Foundations of Clinical Research: Applications to Practice,Leslie Gross Portney,4.12,838526950,9780840000000.0,eng,742,18,1,01/01/2000,Prentice Hall
29587,Down and Out in the Magic Kingdom,Cory Doctorow,3.56,076530953X,9780770000000.0,eng,208,10810,1068,12/05/2003,Tor Books
29588,Someone Comes to Town  Someone Leaves Town,Cory Doctorow,3.51,765312808,9780770000000.0,en-US,315,2956,321,5/30/2006,Tor Books
29589,Eastern Standard Tribe,Cory Doctorow,3.48,765310457,9780770000000.0,en-US,223,3213,213,04/01/2005,Tor Books
29593,A Place So Foreign and Eight More,Cory Doctorow/Bruce Sterling,3.72,1568582862,9781570000000.0,eng,243,860,43,09/08/2003,Four Walls Eight Windows Press
29597,Through Painted Deserts: Light  God  and Beauty on the Open Road,Donald Miller,3.92,785209824,9780790000000.0,eng,256,8931,444,8/14/2005,Thomas Nelson
29603,20 000 Leagues Under the Sea,Ron     Miller/Jules Verne/Paul   Wright,3.76,751370738,9780750000000.0,eng,64,34,4,10/08/1998,Prentice Hall
29613,Codebreakers' Victory: How the Allied Cryptographers Won World War II,Hervie Haufler,4.18,451209796,9780450000000.0,eng,352,45,3,11/04/2003,NAL Trade
29616,All Night Long,Jayne Ann Krentz,3.96,399153055,9780400000000.0,eng,416,7438,257,01/03/2006,G.P. Putnam's Sons
29617,White Lies (Arcane Society  #2),Jayne Ann Krentz,4.01,039915373X,9780400000000.0,eng,371,7604,328,02/01/2007,G.P. Putnam's Sons
29619,Ghost Hunter (Ghost Hunters  #3),Jayne Castle/Jayne Ann Krentz,4.14,515141402,9780520000000.0,eng,327,4349,170,5/30/2006,Jove Books
29620,The Pirate / The Adventurer / The Cowboy,Jayne Ann Krentz,3.89,373771711,9780370000000.0,eng,362,262,7,4/25/2006,Harlequin
29621,Midnight Jewels,Jayne Ann Krentz,3.75,446692476,9780450000000.0,eng,425,1306,35,07/01/2003,Warner Books
29622,The Wedding Night,Jayne Ann Krentz,3.45,1551668513,9781550000000.0,eng,256,795,23,11/23/2001,MIRA
29623,After Glow (Ghost Hunters  #2),Jayne Castle/Jayne Ann Krentz,4.14,515136948,9780520000000.0,eng,343,4149,138,2/24/2004,Jove Books
29624,Orchid (St. Helen's  #3),Jayne Castle/Jayne Ann Krentz,4.15,671569023,9780670000000.0,eng,327,3748,102,05/01/1998,Pocket Books
29625,The Origin of Consciousness in the Breakdown of the Bicameral Mind,Julian Jaynes,4.25,713912545,9780710000000.0,en-GB,467,7,1,06/01/1979,Allen Lane
29627,The Future of the Universe,Jack Meadows,3.8,1852339462,9781850000000.0,eng,175,5,0,12/01/2006,Springer
29632,Micro Eco-Farming: Prospering from Backyard to Small Acreage in Partnership with the Earth,Barbara Berst Adams,3.76,963281437,9780960000000.0,eng,174,68,5,05/01/2005,New World Publishing
29633,The Quiet American: Text and Criticism,Graham Greene/John Clark Pratt,3.97,014024350X,9780140000000.0,eng,515,225,17,01/01/1996,Penguin Books
29639,The Quiet American,Graham Greene/Zadie Smith,3.97,99478390,9780100000000.0,eng,198,1344,156,10/07/2004,Vintage Books/Vintage Classics
29641,The End of the Affair,Graham Greene/Monica Ali,3.94,99478447,9780100000000.0,eng,160,38283,3002,10/07/2004,Vintage Classics
29658,Postwar: A History of Europe Since 1945,Tony Judt,4.34,143037757,9780140000000.0,eng,933,8017,571,09/05/2006,Penguin Books
29680,The Coen Brothers: Interviews,William Rodney Allen,3.82,1578068894,9781580000000.0,eng,208,73,3,8/18/2006,University Press of Mississippi
29685,The Hermeneutical Spiral: A Comprehensive Introduction to Biblical Interpretation,Grant R. Osborne,3.94,830828265,9780830000000.0,eng,624,410,37,12/01/2006,IVP Academic
29694,Raising the Bar: Ministry to Youth in the New Millennium,Alvin L. Reid,3.86,082543632X,9780830000000.0,en-US,208,42,3,04/07/2004,Kregel Academic & Professional
29705,The Book of Other People,Zadie Smith/David Mitchell/George Saunders/Colm Tóibín/Aleksandar Hemon/Nick Hornby/Hari Kunzru/Toby Litt/Chris Ware,3.38,143038184,9780140000000.0,eng,304,2546,328,01/02/2008,Penguin Books
29718,The Confusions of Young Törless,Robert Musil/Shaun Whiteside/J.M. Coetzee,3.73,142180009,9780140000000.0,eng,176,4374,179,9/27/2001,Penguin
29719,Robinson Crusoe,Daniel Defoe/J.M. Coetzee,3.67,192100335,9780190000000.0,eng,306,125,3,9/16/1999,Oxford University Press
29720,Doubling the Point: Essays and Interviews,J.M. Coetzee/David Attwell,4.05,674215184,9780670000000.0,en-US,438,85,2,08/12/1992,Harvard University Press
29724,Fantastic! Wow! and Unreal!: A Book About Interjections and Conjunctions,Ruth Heller,4.22,698118758,9780700000000.0,en-US,32,84,11,10/23/2000,Puffin Books
29726,Don DeLillo's White Noise: A Reader's Guide,Leonard  Orr,3.92,826414745,9780830000000.0,eng,96,76,9,04/10/2003,Bloomsbury Academic
29734,Letting Go,Philip Roth,3.7,679764178,9780680000000.0,eng,630,1103,88,09/02/1997,Vintage
29737,My Life as a Man,Philip Roth,3.73,067974827X,9780680000000.0,eng,334,1561,101,1/13/1994,Vintage
29738,Patrimony,Philip Roth,4.17,679752935,9780680000000.0,eng,240,2531,202,06/03/1996,Vintage
29741,The Great American Novel,Philip Roth,3.63,679749063,9780680000000.0,eng,416,180,22,04/11/1995,Vintage
29743,The Professor of Desire,Philip Roth/Νίκος Παναγιωτόπουλος,3.66,99389010,9780100000000.0,eng,272,2016,113,10/05/1995,Vintage
29745,Deception,Philip Roth,3.34,99801906,9780100000000.0,eng,208,1524,118,1/17/2006,Vintage
29746,When She Was Good,Philip Roth,3.53,679759255,9780680000000.0,eng,320,1748,149,1/31/1995,Vintage
29776,The Dying Animal,Philip Roth,3.63,99422697,9780100000000.0,eng,156,5910,437,03/07/2002,Vintage
29788,For the Relief of Unbearable Urges,Nathan Englander,3.93,375704434,9780380000000.0,eng,205,2418,229,3/21/2000,Vintage
29791,The Ministry of Special Cases,Nathan Englander,3.66,375404937,9780380000000.0,eng,339,2509,368,4/24/2007,Knopf Publishing Group
29797,The Pilgrim's Progress,John Bunyan,4.0,486426750,9780490000000.0,eng,324,87175,1875,02/10/2003,Dover Publications
29800,Scott Pilgrim  Volume 1: Scott Pilgrim's Precious Little Life,Bryan Lee O'Malley,4.17,1932664084,9781930000000.0,eng,168,155863,3267,8/18/2004,Oni Press
29806,The Pilgrim's Regress,C.S. Lewis/Michael Hague,3.88,802806414,9780800000000.0,eng,219,6276,362,01/10/1992,William B. Eerdmans Publishing Company
29811,Little Pilgrim's Progress: From John Bunyan's Classic,Helen L. Taylor,4.26,802449247,9780800000000.0,eng,336,2065,136,02/01/2006,Moody Publishers
29819,The Landing of the Pilgrims,James Daugherty,3.41,394846974,9780390000000.0,eng,160,611,69,02/12/1981,Random House Books for Young Readers
29820,Little Pilgrim's Progress,Helen L. Taylor/John Bunyan,4.26,802449263,9780800000000.0,eng,256,212,20,03/08/1989,Moody Publishers
29823,From Nomads to Pilgrims: Stories from Practicing Congregations,Diana Butler Bass,4.0,1566993237,9781570000000.0,eng,179,13,0,12/30/2005,Rowman & Littlefield Publishers
29838,The New York Times Guide to Essential Knowledge,John D. Leonard/The New York Times,4.1,312313675,9780310000000.0,en-US,1104,157,10,11/05/2004,St. Martin's Press
29841,New York 2000: Architecture and Urbanism Between the Bicentennial and the Millennium,Robert A.M. Stern/David Fishman/Jacob Tilove,4.44,1580931774,9781580000000.0,eng,1520,16,0,11/01/2006,The Monacelli Press
29842,Forgotten New York: Views of a Lost Metropolis,Kevin   Walsh,4.16,60754001,9780060000000.0,eng,384,200,20,9/26/2006,Collins Reference
29845,The Historical Atlas of New York City: A Visual Celebration of Nearly 400 Years of New York City's History,Eric Homberger/Alice Hudson,4.06,805078428,9780810000000.0,eng,192,308,22,07/01/2005,Holt Paperbacks
29868,La toile de Charlotte,E.B. White/Garth Williams/Catherine Chaine,4.17,221102288X,9782210000000.0,fre,192,13,0,04/01/1997,l'ecole des loisirs
29873,This Is New York,Miroslav Sasek,4.29,789308843,9780790000000.0,en-GB,64,385,38,5/30/2003,Universe
29879,They Dare to Speak Out: People and Institutions Confront Israel's Lobby,Paul Findley,4.07,155652482X,9781560000000.0,eng,416,106,5,05/01/2003,Lawrence Hill Books
29881,Famous Last Words,Timothy Findley,3.99,057120905X,9780570000000.0,eng,416,1400,57,8/20/2001,Faber  Faber
29898,The Wars,Timothy Findley,3.88,571207995,9780570000000.0,eng,218,6467,245,8/20/2001,Faber and Faber
29900,Into the Void (Spelljammer: The Cloakmaster Cycle  #2),Nigel Findley,3.54,1560761547,9781560000000.0,en-US,311,257,12,09/01/1991,TSR
29905,Essential Dialogues of Plato,Plato/Benjamin Jowett/Pedro De Blas,4.05,159308269X,9781590000000.0,eng,624,4853,14,10/05/2005,Barnes  Noble Classics
29906,The Collected Dialogues,Plato/Edith Hamilton/Huntington Cairns,4.23,691097186,9780690000000.0,eng,1776,704,31,9/15/1963,Princeton University Press (NJ)
29907,Republic,Plato/Benjamin Jowett/Elizabeth Watson Scharffenberger,3.94,1593080972,9781590000000.0,eng,496,392,33,08/01/2005,Barnes  Noble Classics
29908,The Republic,Plato/Tom Griffith,3.94,460873822,9780460000000.0,eng,240,7,1,11/15/1993,Orion Publishing Group  Ltd.
29914,Inner Circle (Carol Ashton Mysteries  #8),Claire McNab,3.74,156280135X,9781560000000.0,eng,196,72,1,10/01/1996,Naiad Press
29917,The Rising Tide (World War II: 1939-1945  #1),Jeff Shaara,4.11,034546141X,9780350000000.0,eng,576,5709,390,11/07/2006,Ballantine Books
29919,Jeff Shaara's Civil War Battlefields: Discovering America's Hallowed Ground,Jeff Shaara,4.11,345464885,9780350000000.0,eng,288,584,59,4/25/2006,Ballantine Books
29920,Rise to Rebellion,Jeff Shaara,4.18,345427548,9780350000000.0,eng,492,5745,383,6/29/2004,Ballantine Books
29922,Gone for Soldiers: A Novel of the Mexican War,Jeff Shaara,4.14,345427513,9780350000000.0,eng,424,191,18,07/03/2001,Ballantine Books
29923,The Last Full Measure (The Civil War Trilogy  #3),Jeff Shaara,4.24,345434811,9780350000000.0,eng,640,13438,314,05/02/2000,Ballantine Books
29927,A Farewell to Arms?: Beyond the Good Friday Agreement,Adrian Guelke/Michael Cox/Fiona Stephen,4.33,719071151,9780720000000.0,eng,624,0,0,4/18/2006,Manchester University Press
29932,When Smoke Ran Like Water: Tales Of Environmental Deception And The Battle Against Pollution,Devra Davis/Mitchell Gaynor,4.02,465015220,9780470000000.0,en-US,352,249,29,12/25/2003,Basic Books
29934,What Work Is,Philip Levine,4.27,679740589,9780680000000.0,eng,77,2102,90,4/21/1992,Knopf
29936,The Simple Truth,Philip Levine/Harry Ford,4.21,679765840,9780680000000.0,eng,69,656,52,09/03/1996,Knopf
29941,Fiskadoro,Denis Johnson,3.54,60976098,9780060000000.0,en-US,221,1513,116,5/30/2000,Harper Perennial
29946,Illusions: The Adventures of a Reluctant Messiah,Richard Bach,4.15,99427869,9780100000000.0,eng,144,50816,1906,03/12/2001,Arrow Books Ltd
29947,There's No Such Place As Far Away,Richard Bach/H. Lee Shapiro/دل آرا قهرمان,3.93,385319274,9780390000000.0,eng,48,2737,83,01/12/1998,Delta
29949,Running from Safety: An Adventure of the Spirit,Richard Bach,3.79,385315287,9780390000000.0,eng,368,1775,54,11/01/1995,Delta
29953,A Gift Of Wings,Richard Bach,3.79,330304216,9780330000000.0,eng,299,1664,44,05/11/2001,Sidgwick & Jackson Ltd
29960,Winter of Magic's Return,Pamela F. Service,4.25,449702022,9780450000000.0,eng,194,235,18,11/12/1986,Fawcett
29964,A Modern Utopia,H.G. Wells/Gregory Claeys/Francis Wheen,3.45,141441127,9780140000000.0,eng,320,596,53,3/31/2006,Penguin Books Limited
29965,The War of the Worlds,H.G. Wells/Leon Stover,3.82,786407808,9780790000000.0,eng,321,16,1,4/30/2001,McFarland & Company
29966,The Shape of Things to Come,H.G. Wells/John Clute,3.61,141441046,9780140000000.0,eng,530,931,43,5/26/2006,Penguin Books Limited
29967,Floor Games (Sandplay Classics),H.G. Wells/Barbara A. Turner,3.4,972851720,9780970000000.0,eng,110,46,3,09/01/2004,Temenos Press
29971,Seven Novels,H.G. Wells,4.14,706425618,9780710000000.0,eng,828,4,3,01/01/1985,Octopus Books (London)
29976,Three Prophetic Science Fiction Novels,H.G. Wells/E.F. Bleiler,3.86,844631515,9780840000000.0,eng,335,1,0,12/31/1975,Peter Smith Publisher  Inc.
29979,Science Fiction Treasury: Six Complete Novels (complete & unabridged),H.G. Wells/George Gesner,3.94,517436329,9780520000000.0,eng,688,17,1,9/19/1984,Random House Value Publishing
29981,The Island of Doctor Moreau,H.G. Wells,3.73,553214322,9780550000000.0,eng,153,71933,2443,05/01/1994,Bantam Classics
29990,Notebooks of the Mind: Explorations of Thinking  Revised Edition,Vera John-Steiner,3.83,195108965,9780200000000.0,eng,288,17,1,1/23/1997,Oxford University Press  USA
29993,The Visible Hand: The Managerial Revolution in American Business,Alfred D. Chandler Jr.,4.01,674940520,9780670000000.0,en-US,624,222,26,01/01/1977,Belknap Press
29998,Crime Stories and Other Writings,Dashiell Hammett/Steven Marcus,4.39,1931082006,9781930000000.0,eng,934,490,30,09/10/2001,Library of America
29999,The Maltese Falcon,Dashiell Hammett,3.91,752865331,9780750000000.0,eng,213,69254,2997,03/01/2005,Orion
30001,Lost Stories,Dashiell Hammett/Vince Emery/Joe Gores,3.98,972589813,9780970000000.0,eng,342,201,37,09/01/2005,Vince Emery Productions
30002,The Dain Curse,Dashiell Hammett,3.83,752851802,9780750000000.0,eng,256,5558,268,12/05/2002,Orion
30003,The Big Knockover: Selected Stories and Short Novels,Dashiell Hammett/Lillian Hellman/Jeff Stone,4.18,679722599,9780680000000.0,eng,480,2916,83,7/17/1989,Vintage Crime/Black Lizard
30005,Red Harvest,Dashiell Hammett,3.97,752852612,9780750000000.0,eng,224,17966,870,05/01/2003,Orion
30010,The Complete Stories  Vol 1,Isaac Asimov,4.36,038541627X,9780390000000.0,eng,624,5362,115,10/01/1990,Broadway
30026,Xénocide (Ender's Saga  #3),Orson Scott Card,3.79,2290315524,9782290000000.0,fre,573,73,3,10/18/2001,J'ai lu
30028,Edgar A. Poe: Mournful and Never-ending Remembrance,Kenneth Silverman,4.01,60923318,9780060000000.0,en-US,592,295,34,12/23/2008,Harper Perennial
30029,Tales of Mystery and Madness,Edgar Allan Poe/Gris Grimly,4.34,689848374,9780690000000.0,eng,135,2226,139,8/30/2011,Atheneum
30036,Elric of Melniboné (The Elric Saga  #1),Michael Moorcock,3.89,441203981,9780440000000.0,eng,181,20559,682,7/15/1987,Ace Books
30039,The Prize (deWarenne Dynasty  #4),Brenda Joyce,3.98,778320898,9780780000000.0,eng,575,1604,66,9/24/2004,Mira Books
30041,Elric of Melnibone: Bright Shadows,Charles  Green/Richard Ford/Pascal Quidault,4.0,1905850581,9781910000000.0,eng,98,8,0,04/01/2008,Mongoose Publishing
30043,A River Runs Through it and Other Stories,Norman Maclean/Annie Proulx,4.18,226500667,9780230000000.0,eng,217,18634,1147,10/01/2001,University of Chicago Press
30044,Young Men and Fire,Norman Maclean,4.08,226500624,9780230000000.0,eng,301,4346,386,11/05/1993,University Of Chicago Press
30050,When the Rivers Run Dry: Water - The Defining Crisis of the Twenty-first Century,Fred Pearce,3.94,807085731,9780810000000.0,eng,336,672,82,3/15/2007,Beacon Press
30051,The River Runs Black: The Environmental Challenge to China's Future,Elizabeth C. Economy,3.8,801489784,9780800000000.0,eng,337,135,15,2/24/2005,Cornell University Press
30053,Only the River Runs Free (The Galway Chronicles  #1),Bodie Thoene/Brock Thoene,4.09,785263780,9780790000000.0,eng,271,1387,104,1/14/1997,Thomas Nelson
30055,It's Not About the Bike: My Journey Back to Life,Lance Armstrong/Sally Jenkins,3.72,224060872,9780220000000.0,en-GB,294,495,42,05/03/2001,Yellow Jersey
30065,The Walking Dead  Vol. 5: The Best Defense,Robert Kirkman/Charlie Adlard/Cliff Rathburn,4.29,158240612X,9781580000000.0,eng,136,21435,841,4/21/2009,Image Comics
30066,Being Dead Is No Excuse: The Official Southern Ladies Guide to Hosting the Perfect Funeral,Gayden Metcalfe,3.86,1401359345,9781400000000.0,en-US,243,1741,272,3/16/2005,Hyperion Books
30067,Drop Dead Gorgeous (Blair Mallory  #2),Linda Howard,3.93,345486587,9780350000000.0,eng,347,7227,301,11/28/2006,Ballantine Books
30068,The Book of the Dead (Pendergast  #7; Diogenes  #3),Douglas Preston/Lincoln Child,4.13,446576980,9780450000000.0,eng,454,27050,947,8/14/2006,Warner Books (NY)
30069,The Walking Dead  Vol. 3: Safety Behind Bars,Robert Kirkman/Charlie Adlard/Cliff Rathburn,4.3,1582404879,9781580000000.0,eng,136,25796,1020,6/18/2005,Image Comics
30071,The Walking Dead  Book One (The Walking Dead #1-12),Robert Kirkman/Tony Moore/Charlie Adlard/Cliff Rathburn,4.35,1582406197,9781580000000.0,eng,304,34751,1346,10/05/2010,Image Comics
30072,The Brief History of the Dead,Kevin Brockmeier,3.67,1400095956,9781400000000.0,eng,252,9490,1576,01/09/2007,Vintage
30080,Beckett Football Card Price Guide,Dan Hitt/James Beckett III,0.0,1930692471,9781930000000.0,eng,830,0,0,09/01/2006,Beckett Media
30085,The Power of Infinite Love & Gratitude: An Evolutionary Journey to Awakening Your Spirit,Darren R. Weissman,4.11,1401917178,9781400000000.0,eng,298,62,14,02/01/2007,Hay House
30091,Masculinity and Male Codes of Honor in Modern France,Robert A. Nye,4.36,520215109,9780520000000.0,en-US,316,14,0,11/30/1998,University of California Press
30092,The Life and Death of My Lord Gilles de Rais,Robert Nye,3.87,349102503,9780350000000.0,en-GB,323,65,8,12/01/1991,Abacus Books (London)
30093,The White Wolf's Son: The Albino Underground (Elric & Oona Von Bek  #3),Michael Moorcock,3.88,446617458,9780450000000.0,en-US,432,283,8,09/01/2006,Grand Central Publishing
30094,Michael Moorcock's Multiverse,Michael Moorcock/Walter Simonson/Mark Reeve/John Ridgway,3.94,1563895161,9781560000000.0,eng,288,170,10,11/01/1999,Vertigo
30095,Gloriana,Michael Moorcock,3.65,446691402,9780450000000.0,eng,496,1742,64,08/01/2004,Aspect
30097,The Eternal Champion (Eternal Champion  #1),Michael Moorcock,3.95,1565041917,9781570000000.0,eng,484,2524,40,02/01/1996,White Wolf Games Studio
30104,The Spell,Alan Hollinghurst,3.54,140286373,9780140000000.0,eng,272,1559,103,05/01/2000,Penguin Books
30106,The Swimming-Pool Library,Alan Hollinghurst,3.77,679722564,9780680000000.0,eng,352,7115,322,9/19/1989,Vintage
30107,The Ivory Tower,Henry James/Alan Hollinghurst/Ezra Pound,3.29,1590170784,9781590000000.0,eng,296,57,7,2/29/2004,NYRB Classics
30112,America Alone: The End of the World As We Know It,Mark Steyn,4.13,895260786,9780900000000.0,eng,224,3095,362,10/01/2006,Regnery Publishing
30117,Where the Sidewalk Ends: Poems and Drawings,Shel Silverstein,4.3,60572345,9780060000000.0,eng,192,3587,179,2/18/2014,HarperCollins
30118,A Light in the Attic,Shel Silverstein,4.34,60513063,9780060000000.0,eng,176,349247,2567,10/07/2002,Harpercollins Childrens Books
30122,The Missing Piece (The Missing Piece  #1),Shel Silverstein,4.28,60256710,9780060000000.0,eng,112,24366,746,1/24/2006,HarperCollins
30125,The Missing Piece Meets the Big O,Shel Silverstein,4.34,60256575,9780060000000.0,eng,104,10503,505,1/24/2006,HarperCollins
30128,Lafcadio  the Lion Who Shot Back,Shel Silverstein,4.15,60256753,9780060000000.0,eng,112,5308,307,9/24/2013,HarperCollins
30129,A Light in the Attic (Book & CD),Shel Silverstein,4.34,66236177,9780070000000.0,en-US,176,597,21,10/09/2001,HarperCollins
30134,Runny Babbit Book and Abridged CD,Shel Silverstein/Dennis Locorriere,4.12,61130478,9780060000000.0,en-US,96,44,6,9/26/2006,HarperCollins
30143,L'albero,Shel Silverstein/Daniela Gamba,4.37,887782719X,9788880000000.0,ita,62,36,7,05/01/2000,Salani
30160,The Beginning: The Cove / The Maze (FBI Thriller #1-2),Catherine Coulter,4.2,425205517,9780430000000.0,eng,544,756,34,09/06/2005,Berkley Trade
30162,Jade Star (Star  #4),Catherine Coulter,3.83,451206126,9780450000000.0,en-US,400,896,19,06/01/2002,Signet
30164,Double Take (FBI Thriller  #11),Catherine Coulter,4.05,399154248,9780400000000.0,eng,420,7456,376,06/12/2007,Putnam Adult
30165,The Valentine Legacy (Legacy #3),Catherine Coulter,3.88,515118362,9780520000000.0,eng,406,2133,42,09/01/1996,Berkley Books
30174,Undead and Unwed (Undead  #1),MaryJanice Davidson,3.82,1597221104,9781600000000.0,eng,392,89,18,12/31/2005,Wheeler Publishing
30176,Undead and Unappreciated (Undead  #3),MaryJanice Davidson,3.88,1597221287,9781600000000.0,eng,279,67,5,12/31/2005,Wheeler Publishing
30183,Marked (House of Night  #1),P.C. Cast/Kristin Cast,3.8,312360266,9780310000000.0,eng,306,399152,12748,05/01/2007,St. Martin's Press
30186,Divine By Choice (Partholon  #2),P.C. Cast,4.1,037380251X,9780370000000.0,eng,377,6435,209,11/21/2006,Luna Books
30187,Divine By Mistake (Partholon  #1),P.C. Cast,4.09,373802471,9780370000000.0,eng,701,8633,452,8/29/2006,Luna Books
30189,Cast in Courtlight (Chronicles of Elantra  #2),Michelle Sagara,4.11,373802447,9780370000000.0,eng,488,8990,294,7/18/2006,Luna
30190,Goddess of Light (Goddess Summoning  #3),P.C. Cast,4.04,425201961,9780430000000.0,eng,355,5594,213,04/05/2005,Berkley
30191,Brighid's Quest (Partholon  #5),P.C. Cast,4.14,373802420,9780370000000.0,eng,507,3344,107,11/29/2005,Luna Books
30193,Goddess of the Rose (Goddess Summoning  #4),P.C. Cast,4.14,425208915,9780430000000.0,eng,345,5499,248,02/07/2006,Berkley Sensation
30194,Goddess of Spring (Goddess Summoning  #2),P.C. Cast,4.21,425197492,9780430000000.0,eng,360,7579,446,08/03/2004,Berkley Sensation
30196,Goddess of the Sea (Goddess Summoning  #1),P.C. Cast,3.87,425192792,9780430000000.0,eng,368,7847,439,10/07/2003,Berkley Sensation
30199,Mysteria (Mysteria  #1),MaryJanice Davidson/Susan Grant/P.C. Cast/Gena Showalter,3.73,425211061,9780430000000.0,eng,340,3046,96,07/05/2006,Berkley Sensation
30200,Elphame's Choice (Partholon  #4),P.C. Cast,4.03,373802137,9780370000000.0,eng,551,3971,141,11/24/2004,Luna Books
30206,Loveless  Vol. 1: A Kin of Homecoming,Brian Azzarello/Marcelo Frusín,3.32,1401210619,9781400000000.0,eng,128,516,52,05/01/2006,Vertigo
30214,Where the Mountain Casts Its Shadow: The Dark Side of Extreme Adventure,Maria Coffey/Thomas Hornbein,3.88,312339011,9780310000000.0,eng,256,386,49,04/01/2005,St. Martin's Griffin
30215,Cast a Yellow Shadow (Mac McCorkle  #2),Ross Thomas,3.95,445405562,9780450000000.0,eng,272,206,17,02/01/1987,Mysterious Press
30220,Like a Velvet Glove Cast in Iron,Daniel Clowes,4.06,1560971169,9781560000000.0,eng,200,6409,280,1/17/1993,Fantagraphics
30223,Goddess of Love (Goddess Summoning  #5),P.C. Cast,4.06,425215288,9780430000000.0,eng,292,4475,196,06/05/2007,Berkley Books
30224,Mistral's Kiss (Merry Gentry  #5),Laurell K. Hamilton,4.04,345443586,9780350000000.0,en-US,212,27026,421,12/12/2006,Ballantine Books
30225,The Harlequin (Anita Blake  Vampire Hunter #15),Laurell K. Hamilton,3.92,425217248,9780430000000.0,en-US,422,37989,785,06/05/2007,Berkley Books
30226,A Stroke of Midnight (Merry Gentry  #4),Laurell K. Hamilton,4.07,345443608,9780350000000.0,en-US,385,28551,442,11/28/2006,Ballantine Books
30227,Danse Macabre (Anita Blake  Vampire Hunter  #14),Laurell K. Hamilton,3.82,425207978,9780430000000.0,en-US,483,798,52,6/27/2006,Berkley
30228,Micah (Anita Blake  Vampire Hunter  #13),Laurell K. Hamilton,3.63,515140872,9780520000000.0,en-US,245,39849,868,03/01/2006,Berkley Books
30229,Death of a Darklord (Ravenloft #13),Laurell K. Hamilton,3.43,786941227,9780790000000.0,eng,306,2679,113,07/11/2006,Wizards of the Coast
30230,Anita Blake  Vampire Hunter Collection 1-4 (Anita Blake  Vampire Hunter  #1-4),Laurell K. Hamilton,4.54,515136174,9780520000000.0,eng,1256,3320,36,2/25/2003,Jove
30231,Little Butterfly  Volume 02,Hinako Takanaga,4.18,1569709068,9781570000000.0,eng,170,760,8,9/19/2006,Digital Manga Publishing
30232,Little Butterfly  Volume 03,Hinako Takanaga,4.21,156970905X,9781570000000.0,eng,184,609,6,12/06/2006,Digital Manga Publishing
30233,Little Butterfly  Volume 01,Hinako Takanaga,4.07,1569709076,9781570000000.0,eng,184,1540,31,5/30/2006,Digital Manga Publishing
30236,The Little Butterfly,Sherry Shahan,4.03,679888098,9780680000000.0,eng,24,17,6,4/14/1998,Random House Books for Young Readers
30240,A Caress of Twilight (Merry Gentry  #2),Laurell K. Hamilton,4.06,345478169,9780350000000.0,en-US,348,32029,596,3/15/2005,Ballantine Books
30241,Bloody Bones (Anita Blake  Vampire Hunter #5),Laurell K. Hamilton,4.11,425205673,9780430000000.0,eng,336,60937,959,11/01/2005,Berkley Hardcover
30242,Burnt Offerings (Anita Blake  Vampire Hunter  #7),Laurell K. Hamilton,4.08,515134473,9780520000000.0,en-US,392,58849,832,9/24/2002,Berkley Books
30243,Seduced by Moonlight (Merry Gentry  #3),Laurell K. Hamilton,4.06,553816322,9780550000000.0,eng,409,28152,404,1/14/2005,Bantam
30244,The Killing Dance (Anita Blake  Vampire Hunter  #6),Laurell K. Hamilton,4.13,425209067,9780430000000.0,en-US,368,59524,946,04/04/2006,Berkley Hardcover
30245,Cerulean Sins (Anita Blake  Vampire Hunter  #11),Laurell K. Hamilton,3.85,515136816,9780520000000.0,en-US,529,43475,731,8/31/2004,Berkley Books
30246,Blue Moon (Anita Blake  Vampire Hunter  #8),Laurell K. Hamilton,4.05,515134457,9780520000000.0,en-US,418,55670,835,9/24/2002,Berkley Books
30247,A Stolen Season (Alex McKnight  #7),Steve Hamilton,3.96,031235360X,9780310000000.0,eng,304,1889,137,09/05/2006,Minotaur Books
30248,Narcissus in Chains (Anita Blake  Vampire Hunter  #10),Laurell K. Hamilton,3.9,515133876,9780520000000.0,eng,644,49695,998,9/24/2002,Jove
30249,Sensual Phrase  Vol. 15,Mayu Shinjō,4.23,1421505606,9781420000000.0,en-US,175,488,7,08/01/2006,Viz Media
30250,Sensual Phrase  Vol. 17,Mayu Shinjō,4.24,1421505622,9781420000000.0,en-US,208,489,4,12/01/2006,Viz Media
30253,Sensual Phrase  Vol. 3,Mayu Shinjō,4.14,1591164494,9781590000000.0,en-US,192,744,11,08/11/2004,Viz Media
30258,Harrison's Principles of Internal Medicine,Dennis L. Kasper/Dan L. Longo/Stephen L. Hauser/Anthony S. Fauci/Eugene Braunwald,4.35,71391401,9780070000000.0,eng,2751,23,4,7/27/2004,McGraw-Hill Medical Publishing
30259,For a Few Demons More (The Hollows  #5),Kim Harrison,4.33,60788380,9780060000000.0,eng,456,48049,1104,3/20/2007,Harper Voyager
30260,A Fistful of Charms (The Hollows  #4),Kim Harrison,4.29,60788194,9780060000000.0,eng,510,47773,1109,6/27/2006,HarperTorch
30262,The Good  the Bad  and the Undead (The Hollows  #2),Kim Harrison,4.26,60572973,9780060000000.0,eng,453,54083,1602,1/25/2005,HarperTorch
30263,Every Which Way But Dead (The Hollows  #3),Kim Harrison,4.29,006057299X,9780060000000.0,eng,501,60083,1213,6/28/2005,HarperTorch
30264,Dead Witch Walking (The Hollows  #1),Kim Harrison,4.04,60572965,9780060000000.0,en-US,416,99076,4091,07/01/2004,HarperTorch
30268,Dates from Hell,Kim Harrison/Lynsay Sands/Kelley Armstrong/Lori Handeland,3.78,006085409X,9780060000000.0,eng,416,10630,309,3/28/2006,Avon
30270,Pacto Con un Demonio,Kim Harrison,4.39,60898720,9780060000000.0,spa,512,0,0,07/01/2008,HarperTorch
30271,Incubus Dreams (Anita Blake  Vampire Hunter  #12),Laurell K. Hamilton,3.79,515139750,9780520000000.0,eng,722,41737,831,9/27/2005,Jove
30272,Schattenkuss (Meredith Gentry  #1),Laurell K. Hamilton,4.01,3442356911,9783440000000.0,ger,573,22,0,04/02/2002,Blanvalet Taschenbuch Verlag
30273,The Lunatic Cafe (Anita Blake  Vampire Hunter #4),Laurell K. Hamilton,4.12,425201376,9780430000000.0,eng,352,64036,962,03/01/2005,Berkley Hardcover
30274,Circus of the Damned (Anita Blake  Vampire Hunter  #3),Laurell K. Hamilton,4.17,425201392,9780430000000.0,eng,320,78062,1121,01/02/2007,Berkley
30279,Bite (Anita Blake  Vampire Hunter  #8.5; Sookie Stackhouse  #5.1; Undead  #2.5; Mageverse  #1.5),Laurell K. Hamilton/Charlaine Harris/MaryJanice Davidson/Angela Knight/Vickie Taylor,3.77,051513970X,9780520000000.0,eng,297,15072,424,12/28/2004,Jove
30280,Out of this World,J.D. Robb/Laurell K. Hamilton/Susan Krinard/Maggie Shayne,4.07,515131091,9780520000000.0,eng,357,6006,111,08/01/2001,Jove Books
30281,Guilty Pleasures (Anita Blake  Vampire Hunter  #1),Laurell K. Hamilton,4.02,425197549,9780430000000.0,eng,355,115364,4037,08/03/2004,Berkley
30282,Cravings (Undead #1.5; Moon #3.5),Laurell K. Hamilton/MaryJanice Davidson/Eileen Wilks/Rebecca York,3.82,515138150,9780520000000.0,eng,358,7965,188,6/29/2004,Berkley Books
30284,Nachtschwärmer (Meredith Gentry  #2),Laurell K. Hamilton,4.06,3442358957,9783440000000.0,ger,586,13,0,05/01/2003,Blanvalet Taschenbuch Verlag
30288,Laurell K. Hamilton's Anita Blake  Vampire Hunter: Guilty Pleasures vol 1,Laurell K. Hamilton/Stacie Ritchie/Jessica Ruffner/Brett Booth,4.17,785127232,9780790000000.0,eng,168,7302,250,7/18/2007,Marvel
30289,The Republic,Plato/Desmond Lee/Maria Helena da Rocha Pereira/Benjamin Jowett,3.94,140449140,9780140000000.0,eng,416,136467,2013,2/25/2003,Penguin Classics
30290,The Republic of Plato,Plato/Allan Bloom,3.94,465069347,9780470000000.0,eng,487,1699,125,10/03/1991,Basic Books
30292,Five Dialogues: Euthyphro  Apology  Crito  Meno  Phaedo,Plato/G.M.A. Grube/John M. Cooper,4.13,872206335,9780870000000.0,eng,156,15657,227,10/01/2002,Hackett Publishing Company  Inc.
30293,Plato  Not Prozac!: Applying Eternal Wisdom to Everyday Problems,Lou Marinoff,3.41,60931361,9780060000000.0,eng,320,870,67,08/01/2000,Harper Perennial
30294,Republic,Plato/C.D.C. Reeve,3.94,872207366,9780870000000.0,eng,358,500,41,9/15/2004,Hackett Publishing Company  Inc.
30296,Plato's Symposium,Plato/Seth Benardete/Allan Bloom,4.04,226042758,9780230000000.0,eng,199,519,32,02/01/2001,University of Chicago Press
30298,The Symposium,Plato/Christopher Gill,4.04,140446168,9780140000000.0,eng,90,174,10,10/01/1999,Penguin Classics
30300,The Last Days of Socrates,Plato/Hugh Tredennick/Harold Tarrant,4.08,140449280,9780140000000.0,eng,256,1686,111,3/27/2003,Penguin Classics
30314,Embracing Love  Vol. 4,Youka Nitta,4.34,1933440171,9781930000000.0,eng,208,594,9,01/01/2007,Be Beautiful
30316,Embracing Love  Vol. 5,Youka Nitta,4.36,193344018X,9781930000000.0,eng,216,401,9,04/01/2007,Be Beautiful
30317,Embracing the Love of God: The Path and Promise of Christian Life,James Brian Smith/Richard J. Foster,4.26,60667419,9780060000000.0,eng,192,63,8,6/28/1995,HarperOne
30318,Embracing Love  Vol. 6,Youka Nitta,4.33,1933440198,9781930000000.0,eng,216,315,7,06/01/2008,Be Beautiful
30323,Jane Eyre,Charlotte Brontë/Margaret Smith/Sally Shuttleworth,4.12,192839659,9780190000000.0,eng,452,684,50,02/01/2001,Oxford University Press
30331,In the Forests of the Night,Amelia Atwater-Rhodes,3.87,440228166,9780440000000.0,eng,147,13452,508,02/02/2000,Laurel Leaf Library
30334,Hawksong (The Kiesha'ra  #1),Amelia Atwater-Rhodes,4.15,044023803X,9780440000000.0,eng,243,19722,829,9/28/2004,Laurel Leaf
30335,Demon in My View,Amelia Atwater-Rhodes,4.04,440228840,9780440000000.0,eng,192,10944,390,09/11/2001,Laurel Leaf
30336,Shattered Mirror,Amelia Atwater-Rhodes,4.03,440229405,9780440000000.0,eng,240,9408,254,07/08/2003,Laurel Leaf
30337,Midnight Predator,Amelia Atwater-Rhodes,4.02,440237971,9780440000000.0,eng,256,8039,177,12/09/2003,Laurel Leaf Library
30340,The Pound Era,Hugh Kenner,4.37,520024273,9780520000000.0,eng,624,614,29,9/18/1973,University of California Press
30343,Ricochet,Sandra Brown,3.97,1416532358,9781420000000.0,eng,400,15225,544,01/02/2007,Simon & Schuster
30347,The Alibi,Sandra Brown,4.04,446618675,9780450000000.0,eng,564,20164,523,11/01/2006,Hachette Books
30348,A Whole New Light,Sandra Brown,3.55,055329783X,9780550000000.0,eng,227,2955,203,8/26/2008,Bantam (Fanfare Imprint)
30349,Where There's Smoke,Sandra Brown,3.97,446600342,9780450000000.0,eng,512,5861,230,05/01/1994,Grand Central Publishing (Formerly Warner Books)
30351,22 Indigo Place,Sandra Brown,3.63,553290851,9780550000000.0,eng,200,2537,79,2/25/1997,Bantam (Fanfare)
30352,Led Astray (Hellraisers  #1),Erin St. Claire/Sandra Brown,3.76,778321584,9780780000000.0,eng,240,2647,143,2/22/2005,Mira Books
30353,Tidings of Great Joy,Sandra Brown,3.62,553576003,9780550000000.0,eng,231,1707,74,11/02/1999,Bantam
30354,A Secret Splendor,Erin St. Claire/Sandra Brown,3.66,077832284X,9780780000000.0,eng,280,1328,32,2/28/2006,Mira Books
30355,Love Beyond Reason,Rachel Ryan/Sandra Brown,3.64,446616834,9780450000000.0,eng,272,1822,90,04/01/2005,Grand Central Publishing
30357,Words of Silk,Erin St. Claire/Sandra Brown,3.56,446614165,9780450000000.0,eng,224,2677,136,04/01/2005,Grand Central Publishing
30358,Two Alone,Erin St. Claire/Sandra Brown,3.7,778324311,9780780000000.0,eng,282,2155,142,2/27/2007,Mira Books
30361,Not Even for Love,Erin St. Claire/Sandra Brown,3.49,044661291X,9780450000000.0,eng,208,1705,95,04/01/2004,Grand Central Publishing
30362,Charade,Sandra Brown,3.94,446601853,9780450000000.0,en-US,496,6044,250,07/01/1995,Hachette Books
30363,Exclusive,Sandra Brown,3.97,446604232,9780450000000.0,eng,496,5852,342,07/01/1997,Grand Central Publishing
30364,Send No Flowers (Bed & Breakfast #2),Sandra Brown,3.56,553576011,9780550000000.0,eng,225,2592,80,2/29/2000,Bantam
30365,The Thrill of Victory,Erin St. Claire/Sandra Brown,3.62,1551666723,9781550000000.0,eng,240,1097,56,2/21/2003,MIRA
30366,Heaven's Price,Sandra Brown,3.54,553571575,9780550000000.0,eng,240,1828,58,11/01/1995,Bantam (Fanfare Imprint)
30367,Riley in the Morning,Sandra Brown,3.44,9792234799,9789790000000.0,eng,224,2268,49,11/27/2008,Gramedia Pustaka Utama
30368,The Rana Look,Sandra Brown,3.51,553576054,9780550000000.0,eng,256,2437,96,12/02/2003,Bantam
30370,Texas! Sage (Texas! Tyler Family Saga  #3),Sandra Brown,4.02,553295004,9780550000000.0,eng,352,6114,195,02/01/1992,Bantam
30371,Temperatures Rising,Sandra Brown,3.45,553804081,9780550000000.0,eng,214,2059,80,11/28/2006,Bantam Books
30373,A Kiss Remembered,Erin St. Claire/Sandra Brown,3.47,446612618,9780450000000.0,eng,224,3667,164,04/01/2003,Grand Central Publishing
30376,Adam's Fall (Mason Sisters  #2),Sandra Brown,3.74,553567683,9780550000000.0,eng,208,3065,94,11/27/2001,Bantam
30379,Seduction by Design,Erin St. Claire/Sandra Brown,3.56,446603104,9780450000000.0,eng,224,2882,116,03/01/2002,Grand Central Publishing (Formerly Warner Books)
30380,Prime Time,Rachel Ryan/Sandra Brown,3.58,446364290,9780450000000.0,eng,256,2005,60,09/01/1995,Grand Central Publishing
30382,Tiger Prince,Erin St. Claire/Sandra Brown,3.78,155166531X,9781550000000.0,eng,304,2275,75,9/24/1999,MIRA
30383,Best Kept Secrets,Sandra Brown,3.77,446533289,9780450000000.0,eng,480,5805,298,11/03/2003,Hachette Books
30384,Tomorrow's Promise,Sandra Brown,3.71,1551666014,9781550000000.0,eng,304,1764,69,5/25/2000,MIRA
30385,Sweet Anger,Erin St. Claire/Sandra Brown,3.59,446603082,9780450000000.0,eng,320,2288,86,01/01/1999,Vision
30386,Demon Rumm,Sandra Brown,3.35,553576070,9780550000000.0,eng,230,3122,144,11/29/2005,Bantam
30387,Breakfast in Bed (Bed & Breakfast #1),Sandra Brown,3.54,553571583,9780550000000.0,eng,240,53,6,11/04/1996,Fanfare
30390,Above and Beyond,Erin St. Claire/Sandra Brown,3.73,077832026X,9780780000000.0,eng,240,2149,87,2/23/2004,Mira Books
30391,Fanta C (Mason Sisters  #1),Sandra Brown,3.62,553562746,9780550000000.0,eng,256,2317,63,1/21/1997,Fanfare
30392,Relentless Desire,Sandra Brown,3.63,515068705,9780520000000.0,eng,183,22,4,12/31/1983,Jove Books
30394,Sunny Chandler's Return,Sandra Brown,3.59,553576062,9780550000000.0,eng,256,2973,138,11/23/2004,Bantam
30397,Sandra Brown: Three Complete Novels (Best Kept Secrets  Mirror Image  and Slow Heat in Heaven),Sandra Brown,4.21,517077744,9780520000000.0,eng,784,343,5,4/14/1992,Wings
30398,The Devil's Own (Hellraiser #2),Erin St. Claire/Sandra Brown,3.78,1551667932,9781550000000.0,en-US,240,65,9,2/22/2001,MIRA
30399,The Switch,Sandra Brown,3.92,749932554,9780750000000.0,eng,576,9295,478,09/06/2001,Piatkus Books
30403,Play Dirty,Sandra Brown,3.92,743289358,9780740000000.0,eng,404,9552,627,8/14/2007,Simon & Schuster
30410,A Secret Splendor,Erin St. Claire/Sandra Brown,3.66,1551660954,9781550000000.0,eng,297,18,2,01/01/1996,Mira (Mills and Boon)
30411,Texas! Trilogy,Sandra Brown,4.29,385424701,9780390000000.0,eng,600,949,39,04/01/1992,Doubleday Books
30413,Betrogen,Sandra Brown,3.92,3764501359,9783760000000.0,ger,512,5,0,02/01/2003,Blanvalet Verlag GmbH
30415,Tempest in Eden,Sandra Brown,3.48,446616818,9780450000000.0,eng,229,1560,57,04/01/2005,Warner Books (NY)
30417,The Killing of Monday Brown,Sandra West Prowell,3.45,553569694,9780550000000.0,eng,320,92,11,07/01/1996,Bantam
30423,Un nuevo amanecer,Sandra Brown/Delia Mateovich,3.98,1400001048,9781400000000.0,spa,560,3,1,1/22/2002,Plaza y Janes
30429,Fanta C (Loveswept   #217),Sandra Brown,3.62,553218360,9780550000000.0,eng,192,12,1,10/01/1987,Loveswept
30432,Anhelos ocultos,Laura  Jordan/Sandra Brown/Camino Estañ Requeni,3.94,8401505534,9788400000000.0,spa,380,32,8,3/27/1996,Cisne
30446,Schöne Lügen,Rachel Ryan/Sandra Brown,3.6,3442354994,9783440000000.0,ger,255,13,1,09/01/2001,Goldmann
30458,Yesterday  I Cried,Iyanla Vanzant,4.23,684867486,9780680000000.0,en-US,304,2311,151,03/02/2000,Atria Books
30474,The Communist Manifesto,Karl Marx/Friedrich Engels/Gareth Stedman Jones,3.55,140447571,9780140000000.0,eng,288,75488,2716,6/27/2002,Penguin Classics
30475,The Communist Manifesto and Other Revolutionary Writings: Marx  Marat  Paine  Mao  Gandhi  and Others,Bob Blaisdell/Karl Marx/Jean-Paul Marat/Tom Paine/Mao Zedong/Mahatma Gandhi,3.85,486424650,9780490000000.0,eng,284,311,18,1/15/2003,Dover Publications
30476,The Communist Manifesto with Related Documents,Karl Marx/Friedrich Engels/John E. Toews,3.55,312157118,9780310000000.0,en-US,184,97,5,2/28/1999,Bedford/St. Martin's
30477,The Communist Manifesto,Karl Marx/Friedrich Engels/Phil Gasper,3.55,1931859256,9781930000000.0,eng,221,138,20,10/01/2005,Haymarket Books
30480,The Communist Manifesto,Karl Marx/Friedrich Engels,3.55,1599869950,9781600000000.0,en-US,88,138,18,12/26/2005,Filiquarian Publishing  LLC.
30482,The Communist Manifesto and Other Writings,Karl Marx/Friedrich Engels/Martin Puchner,3.65,1593083750,9781590000000.0,eng,224,26,0,10/01/2005,Barnes  Noble Classics
30488,The Communist Manifesto,Karl Marx/Friedrich Engels/Samuel Moore,3.55,717802418,9780720000000.0,eng,48,733,55,06/01/1948,International Publishers (NYC)
30491,The Communist Manifesto (Great Ideas),Karl Marx/Gareth Stedman Jones/Friedrich Engels,3.55,014303751X,9780140000000.0,en-US,128,251,13,5/30/2006,Penguin
30510,Paula Spencer,Roddy Doyle,3.78,670038164,9780670000000.0,en-US,281,1956,186,01/01/2007,Viking Books
30512,Paddy Clarke Ha Ha Ha,Roddy Doyle,3.76,2264022442,9782260000000.0,eng,307,17042,586,06/04/1998,Editions 10/18
30515,Introducing Sartre (Introducing... S.),Philip Thody/Howard Read,3.58,1840466723,9781840000000.0,eng,176,53,9,4/24/2002,Icon Books
30517,Colonialism and Neocolonialism,Jean-Paul Sartre/Azzedine Haddour,3.79,041537846X,9780420000000.0,eng,252,137,11,3/29/2006,Routledge Classics
30518,Tête-à-Tête: Simone de Beauvoir and Jean-Paul Sartre,Hazel Rowley,4.11,60520590,9780060000000.0,eng,432,108,16,10/04/2005,Harper
30523,Jean-Paul Sartre: (The Giants of Philosophy),John  Compton/Charlton Heston,3.86,786169427,9780790000000.0,eng,3,57,4,04/01/2006,Knowledge Products
30528,Observations on the Feeling of the Beautiful and Sublime,Immanuel Kant/John T. Goldthwait,3.64,520240782,9780520000000.0,eng,124,435,24,1/15/2004,University of California Press
30529,A Philosophical Enquiry into the Origin of our Ideas of the Sublime and Beautiful,Edmund Burke/Adam Phillips,3.76,192835807,9780190000000.0,eng,208,1239,54,11/19/1998,Oxford University Press
30535,American Sublime: Poems,Elizabeth Alexander,3.8,1555974325,9781560000000.0,eng,96,196,22,10/01/2005,Graywolf Press
30536,Beauty and the Contemporary Sublime,Jeremy Gilbert-Rolfe,3.56,1581150377,9781580000000.0,eng,180,39,5,12/01/1999,Allworth
30537,Cigarettes Are Sublime,Richard Klein,3.81,822316412,9780820000000.0,en-US,232,138,18,1/20/1995,Duke University Press Books
30542,The Art of the Ridiculous Sublime: On David Lynch's Lost Highway,Slavoj Žižek/Marek Wieczorek,3.72,295979259,9780300000000.0,eng,56,275,22,04/01/2000,University of Washington Press
30551,Why Orwell Matters,Christopher Hitchens,3.93,465030505,9780470000000.0,eng,211,2852,188,09/11/2003,Basic Books
30557,Shooting an Elephant,George Orwell,4.12,141187395,9780140000000.0,eng,368,7029,255,06/05/2003,Penguin
30561,Ape and Essence,Aldous Huxley,3.76,929587782,9780930000000.0,eng,222,3733,197,8/25/1992,Ivan R. Dee Publisher
30562,Complete Essays 1  1920-25,Aldous Huxley/Robert S. Baker/James Sexton,4.33,1566633222,9781570000000.0,en-GB,480,16,2,10/30/2000,Ivan R. Dee  Publisher
30567,The Mottled Lizard,Elspeth Huxley,4.01,014005958X,9780140000000.0,eng,334,311,29,3/25/1986,Penguin Books
30569,Complete Essays 4  1936-38,Aldous Huxley/Robert S. Baker/James Sexton,4.29,156663394X,9781570000000.0,en-US,416,7,2,11/05/2001,Ivan R. Dee
30574,Plato in 90 Minutes,Paul Strathern,3.23,1566631270,9781570000000.0,eng,89,515,63,09/01/1996,Ivan R. Dee Publisher
30575,The Atlantis Dialogue,Plato/Aaron Shepard/Benjamin Jowett,3.77,938497154,9780940000000.0,en-GB,46,34,3,01/01/2001,Shepard Publications
30580,Cancer Ward,Aleksandr Solzhenitsyn/Nicholas Bethell/David Burg,4.21,679601635,9780680000000.0,eng,536,79,10,6/13/1995,Modern Library
30585,Despair,Vladimir Nabokov,3.92,014118454X,9780140000000.0,eng,163,197,23,11/30/2000,Penguin Classics
30586,Cliffs of Despair: A Journey to Suicide's Edge,Tom Hunt,3.73,375507159,9780380000000.0,en-US,256,70,12,12/18/2007,Random House
30587,Inconceivable: A Woman's Triumph Over Despair and Statistics,Julia Indichova/Christiane Northrup,3.83,767908201,9780770000000.0,eng,224,170,25,10/09/2001,Harmony
30590,Diary of a Man in Despair,Friedrich Reck-Malleczewen/Paul Rubens/Richard J. Evans,4.24,1590175867,9781590000000.0,eng,264,34,5,02/12/2013,New York Review of Books
30591,Winston S. Churchill  Volume VIII: 'Never Despair ' 1945-1965,Martin  Gilbert,4.25,395419182,9780400000000.0,eng,1438,19,1,09/01/1988,Houghton Mifflin
30593,Pnin,Vladimir Nabokov/David Lodge,3.9,1400041988,9781400000000.0,eng,143,13925,848,04/06/2004,Everyman's Library
30597,The Hunchback of Notre-Dame,Victor Hugo/Walter J. Cobb,4.0,451527887,9780450000000.0,eng,510,140529,2558,04/10/2001,Signet Classics
30598,The Hunchback of Notre-Dame,Victor Hugo/Catherine Liu/Elizabeth McCracken,4.0,034547242X,9780350000000.0,en-US,534,140,22,11/02/2004,Modern Library
30602,The Art of the Hunchback of Notre Dame,Stephen Rebello/Walt Disney Company,4.44,078686334X,9780790000000.0,eng,192,7,1,11/21/1997,Disney Editions
30606,Art and Culture: Critical Essays,Clement Greenberg/Janice Horne,3.9,807066818,9780810000000.0,eng,288,472,15,06/01/1971,Beacon Press
30616,Readings for Meditation and Reflection,C.S. Lewis/Walter Hooper,4.32,60652853,9780060000000.0,eng,176,272,27,01/05/1996,HarperOne
30621,C.S. Lewis and the Catholic Church,Joseph Pearce,3.88,898709792,9780900000000.0,eng,175,165,17,3/17/2004,Ignatius Press
30622,The Collected Letters of C.S. Lewis  Volume 1: Family Letters  1905-1931,C.S. Lewis/Walter Hooper,4.36,60727632,9780060000000.0,eng,1072,121,21,6/29/2004,HarperOne
30626,Letters to Children,C.S. Lewis/Lyle Wesley Dorsett/Marjorie Lamp Mead/Douglas Gresham,4.19,805420436,9780810000000.0,eng,128,1634,134,3/31/1999,B&H Publishing Group
30629,Cartas del diablo a su sobrino,C.S. Lewis/Miguel Marias,4.22,006114004X,9780060000000.0,spa,144,409,54,3/14/2006,HarperOne
30633,The Four Loves,C.S. Lewis,4.14,6280897,9780010000000.0,en-US,170,34681,1084,06/05/2002,HarperCollins Publishers Ltd
30634,What Christians Believe,C.S. Lewis,4.24,60761539,9780060000000.0,en-US,98,566,73,2/22/2005,HarperOne
30635,C. S. Lewis: Life  Works  and Legacy,Bruce L. Edwards/Diana Pavlac Glyer,4.43,275991164,9780280000000.0,eng,1416,6,0,4/30/2007,Praeger
30639,Mere Christianity: Abolition of Man (Bonus Feature),C.S. Lewis/Geoffrey Howard/Robert Whitefield/Robert Whitfield,4.32,786174366,9780790000000.0,eng,6,43,6,05/01/2006,Blackstone Audiobooks
30645,The Art of Listening,Erich Fromm/Rainer Funk,4.12,826411320,9780830000000.0,en-US,204,290,16,09/01/1998,Bloomsbury Academic
30646,Beyond the Chains of Illusion: My Encounter with Marx and Freud,Erich Fromm/Rainer Funk,4.07,082641897X,9780830000000.0,eng,152,285,20,12/17/2006,Bloomsbury / Continuum
30651,The Art of Loving by Erich Fromm: A True Story of a Japanese Woman,Lala Okamoto,1.67,4990327500,9784990000000.0,eng,227,3,2,10/31/2006,Intercultural Publishing
30652,Marx's Concept of Man,Erich Fromm/T.B. Bottomore,4.02,826477917,9780830000000.0,en-US,224,556,36,12/09/2004,Bloomsbury Academic
30658,Meditations on First Philosophy,René Descartes/Donald A. Cress,3.71,872201929,9780870000000.0,eng,59,16700,353,10/01/1993,Hackett Publishing Company  Inc.
30659,Meditations,Marcus Aurelius/Martin Hammond/Albert Wittstock/Diskin Clay,4.23,140449337,9780140000000.0,eng,303,76332,3206,4/27/2006,Penguin Books
30666,Gulliver's Travels,Jonathan Swift/YKids,3.57,9810549415,9789810000000.0,en-US,148,7,0,07/01/2007,YoungJin Singapore Pte. Ltd.
30671,The Sleepwalkers: A History of Man's Changing Vision of the Universe,Arthur Koestler/Herbert Butterfield,4.25,140192468,9780140000000.0,en-US,624,713,67,06/05/1990,Arkana/Penguin
30673,Darkness at Noon,Arthur Koestler/Daphne Hardy,4.04,1416540261,9781420000000.0,eng,273,1307,161,10/17/2006,Scribner
30675,The Thirteenth Tribe,Arthur Koestler,3.93,330250698,9780330000000.0,eng,224,9,3,09/09/1977,Picador
30676,The Act of Creation,Arthur Koestler,4.26,140191917,9780140000000.0,en-US,752,365,24,12/07/1990,Arkana/Penguin
30677,The Ghost in the Machine,Arthur Koestler,4.0,140191925,9780140000000.0,eng,400,472,33,12/07/1990,Arkana
30678,The Case of the Midwife Toad,Arthur Koestler,3.79,394718232,9780390000000.0,en-GB,187,166,16,04/12/1973,Vintage
30679,The Invisible Writing,Arthur Koestler,4.31,99490684,9780100000000.0,eng,544,115,16,09/01/2005,Vintage Classics
30680,Up in the Air,Walter Kirn,2.86,385722370,9780390000000.0,eng,320,3504,490,9/24/2002,Anchor
30681,Thumbsucker,Walter Kirn,3.44,385497091,9780390000000.0,eng,300,1203,111,10/19/1999,Broadway Books
30697,Crazy Lady!,Jane Leslie Conly,3.64,64405710,9780060000000.0,eng,192,1510,100,1/19/1995,HarperCollins
30702,Be the Person You Want to Find: Relationship and Self-Discovery,Cheri Huber/June Shiver,4.25,963625527,9780960000000.0,eng,228,278,22,09/01/1997,Keep It Simple Books
30705,Making a Change for Good: A Guide to Compassionate Self-Discipline,Cheri Huber,3.93,1590302087,9781590000000.0,eng,128,304,36,3/13/2007,Shambhala
30712,The Total Library: Non-Fiction 1922-1986,Jorge Luis Borges/Suzanne Jill Levine/Esther Allen,4.52,141183020,9780140000000.0,eng,560,164,17,1/18/2001,Penguin Books Ltd
30713,Ficciones,Jorge Luis Borges/John Sturrock/Anthony Kerringan,4.45,679422994,9780680000000.0,eng,192,424,54,5/25/1993,Everyman's Library
30733,Montaigne: Essays,Michel de Montaigne/J.M. Cohen,4.16,014017897X,9780140000000.0,eng,416,1214,72,07/01/1993,Penguin Books
30734,The Complete Works,Michel de Montaigne/Donald M. Frame,4.44,1400040213,9781400000000.0,eng,1392,166,13,4/29/2003,Everyman's Library
30735,The Complete Essays,Michel de Montaigne/M.A. Screech,4.24,140446044,9780140000000.0,eng,1344,10657,290,2/25/1993,Penguin Classics
30739,On Friendship,Michel de Montaigne/M.A. Screech,3.73,143036297,9780140000000.0,eng,128,50,6,09/06/2005,Penguin Books
30743,To America with Love: Letters from the Underground,Abbie Hoffman/Anita Hoffman,3.96,1888996285,9781890000000.0,eng,224,69,3,09/01/2000,Red Hen Pr
30755,The Stories (So Far),Deborah Eisenberg,4.0,374524920,9780370000000.0,eng,496,209,19,3/13/1997,Farrar  Straus and Giroux
30771,Hellsing  Vol. 03 (Hellsing  #3),Kohta Hirano,4.37,1593072023,9781590000000.0,en-US,164,4831,63,6/15/2004,Dark Horse Manga
30774,Hellsing  Vol. 04 (Hellsing  #4),Kohta Hirano,4.28,1593072597,9781590000000.0,eng,208,2596,56,9/21/2004,Dark Horse Manga
30786,Verserade tankar,Lennart Hellsing/Fibben Hald,3.0,9177129334,9789180000000.0,swe,128,1,0,09/01/1999,Alfabeta Bokförlag
30810,Reefer Madness: Sex  Drugs  and Cheap Labor in the American Black Market,Eric Schlosser,3.78,618446702,9780620000000.0,eng,352,5330,353,04/01/2004,Mariner Books
30811,Feeding the Future: From Fat to Famine  How to Solve the World's Food Crises,Andrew Heintzman/Evan Solomon/Eric Schlosser,3.48,887847447,9780890000000.0,eng,336,2,0,9/20/2006,House of Anansi Press
30812,Chew on This: Everything You Don't Want to Know About Fast Food,Eric Schlosser/Charles   Wilson,3.76,618710310,9780620000000.0,eng,259,3745,841,05/10/2006,Houghton Mifflin
30816,Shaken (Left Behind: The Kids  #23-25),Jerry B. Jenkins/Tim LaHaye/Chris Fabry,4.32,1414302681,9781410000000.0,eng,384,217,2,02/01/2005,Tyndale House Publishers
30818,The Rapture: In the Twinkling of an Eye   (Before They Were Left Behind  #3),Tim LaHaye/Jerry B. Jenkins,4.15,1414305818,9781410000000.0,en-GB,351,2855,114,02/01/2007,Tyndale House Publishers
30820,Kingdom Come: The Final Victory (Left Behind  #13),Tim LaHaye/Jerry B. Jenkins,3.98,842360611,9780840000000.0,eng,356,4148,177,04/03/2007,Tyndale House Publishers
30821,John's Story: The Last Eyewitness (The Jesus Chronicles  #1),Tim LaHaye/Jerry B. Jenkins,3.94,399153896,9780400000000.0,eng,310,1144,108,12/01/2006,Putnam Adult
30822,Silenced: The Wrath of God Descends (Underground Zealot  #2),Jerry B. Jenkins,4.24,842384111,9780840000000.0,eng,368,1532,40,03/01/2005,Tyndale House Publishers
30836,Restless Till We Rest in You: 60 Reflections from the Writings of St. Augustine (Saints Speak Today),Augustine of Hippo,4.67,1569550344,9781570000000.0,eng,158,6,1,12/31/1998,Servant Publications
30851,A Woman in Berlin: Eight Weeks in the Conquered City: A Diary,Anonymous/Philip Boehm/Hans Magnus Enzensberger,4.33,312426119,9780310000000.0,eng,261,6232,713,07/11/2006,Picador
30852,The Woman Warrior,Maxine Hong Kingston,3.73,679721886,9780680000000.0,eng,204,21189,1195,4/23/1989,Vintage Books USA
30855,A Woman in Jerusalem,A.B. Yehoshua/Hillel Halkin,3.43,151012261,9780150000000.0,en-US,256,851,132,8/14/2006,Houghton Mifflin Harcourt
30856,The Kept Woman,Susan Donovan,3.81,312939507,9780310000000.0,eng,384,4037,143,6/27/2006,St. Martin's Paperbacks
30859,My Woman His Wife,Anna J.,4.38,975306626,9780980000000.0,en-US,260,971,65,09/01/2006,Urban Books
30861,Woman Hollering Creek and Other Stories,Sandra Cisneros,4.04,679738568,9780680000000.0,eng,192,8107,379,03/03/1992,Vintage
30868,The Bean Trees (Greer Family  #1),Barbara Kingsolver,3.97,812474945,9780810000000.0,eng,232,120383,5290,03/01/1989,Perfection Learning
30889,The Crazyladies of Pearl Street,Trevanian,3.77,1400080371,9781400000000.0,eng,384,1063,157,06/06/2006,Broadway Books
30891,The Summer of Katya,Trevanian,3.99,1400098041,9781400000000.0,eng,288,2257,116,6/28/2005,Broadway Books
30892,The Main,Trevanian,3.86,1400098238,9781400000000.0,eng,352,920,32,7/26/2005,Broadway Books
30893,The Eiger Sanction (Jonathan Hemlock  #1),Trevanian,4.06,1400098025,9781400000000.0,eng,336,10385,152,05/10/2005,Broadway Books
30913,Time to Learn: How to Create High Schools That Serve All Students,George H. Wood/Theodore R. Sizer,3.5,325008086,9780330000000.0,en-US,216,8,2,08/01/2005,Heinemann Educational Books
30923,Scoop (Occupational Hazards  #1),Rene Gutteridge,3.61,1400071577,9781400000000.0,eng,352,460,53,10/10/2006,WaterBrook
30933,Brideshead Revisited,Evelyn Waugh,4.0,316926345,9780320000000.0,eng,351,79045,3083,1/30/1982,Back Bay Books
30934,Black Mischief,Evelyn Waugh,3.76,316917338,9780320000000.0,eng,304,2421,132,8/30/2002,Back Bay Books
30937,The Complete Stories of Evelyn Waugh,Evelyn Waugh,3.99,316926604,9780320000000.0,eng,640,765,57,9/20/2000,Back Bay Books
30938,Helena,Evelyn Waugh/George Weigel/Amy Welborn,3.6,082942122X,9780830000000.0,eng,264,772,82,03/01/2005,Loyola Classics
30941,Choo Choo (Carry Along Book & Cassette Favorites),Virginia Lee Burton,3.91,395511682,9780400000000.0,eng,48,0,0,4/24/1989,Houghton Mifflin
30948,The Rise of Christianity,Rodney Stark,4.04,60677015,9780060000000.0,eng,272,1363,151,05/09/1997,HarperOne
30949,The Rise of Christianity : A Sociologist Reconsiders History,Rodney Stark,4.04,691027498,9780690000000.0,en-US,246,44,5,06/02/1996,Princeton University Press
30965,Grand Theft Auto: San Andreas Official Strategy Guide,Rick Barba,4.04,744004292,9780740000000.0,eng,272,73,5,10/25/2004,BradyGames
30966,Rounding the Mark (Inspector Montalbano  #7),Andrea Camilleri/Stephen Sartarelli,4.07,014303748X,9780140000000.0,eng,272,2598,164,7/25/2006,Penguin Books
30968,Excursion to Tindari (Inspector Montalbano #5),Andrea Camilleri/Stephen Sartarelli,4.03,014303460X,9780140000000.0,eng,304,3393,194,02/01/2005,Penguin Books
30969,Voice of the Violin (Inspector Montalbano  #4),Andrea Camilleri/Stephen Sartarelli,4.03,142004456,9780140000000.0,eng,249,3907,254,6/29/2004,Penguin
30971,Andreas Gursky,Andreas Gursky/Peter Galassi,4.22,870700162,9780870000000.0,eng,196,70,4,07/02/2002,Museum of Modern Art
30976,Moon of the Spider (Diablo  #4),Richard A. Knaak,3.95,743471326,9780740000000.0,en-US,336,749,16,01/01/2006,Pocket Star
30977,The Black Road (Diablo #2),Mel Odom,3.67,743426916,9780740000000.0,eng,360,1224,18,04/02/2002,Star Trek
30978,Legacy of Blood (Diablo  #1),Richard A. Knaak,3.77,067104155X,9780670000000.0,eng,355,2120,68,05/01/2001,Pocket Books
30981,The Kingdom of Shadow (Diablo  #3),Richard A. Knaak,3.93,743426924,9780740000000.0,eng,339,1181,24,08/01/2002,Pocket Books/Star Trek
30982,Scales of the Serpent (Diablo: The Sin War  #2),Richard A. Knaak,3.86,743471237,9780740000000.0,eng,327,866,31,3/27/2007,Pocket Star
30985,El Escorpion: La Marca del Diablo: El Escorpion: The Mark of the Devil,Stephen Desberg/Enrico Marini,3.84,1594970009,9781590000000.0,spa,56,20,2,10/01/2004,Public Square Books
30992,Diablo II Ultimate Strategy Guide,Bart G. Farkas,3.81,744001056,9780740000000.0,en-GB,288,31,4,10/31/2001,Vivendi
31004,El Diablo Cojuelo,Luis Vélez de Guevara,3.06,8437604826,9788440000000.0,spa,192,13,2,01/11/2007,Cátedra
31016,El diablo de la botella,Robert Louis Stevenson/Diana Castellanos/Eleonora Garcia Larralde,3.74,9580408556,9789580000000.0,spa,77,34,2,7/15/2018,Grupo Editorial Norma  S.A.
31030,Diabolo: Volume 1,Kei Kusunoki/Kaoru Ohashi,3.46,1595322329,9781600000000.0,en-US,199,207,9,11/01/2004,TokyoPop
31031,Japan (Lonely Planet Guide),Chris Rowthorn/Ray Bartlett/Justin Ellis,4.05,1740599241,9781740000000.0,eng,812,736,20,10/01/2005,Lonely Planet
31034,Pink Box: Inside Japan's Sex Clubs,Joan Sinclair/James Farrer,4.11,810992590,9780810000000.0,eng,192,260,32,10/01/2006,Harry N. Abrams
31040,Japan at War:  An Oral History,Haruko Taya Cook/Theodore F. Cook,4.34,1565840399,9781570000000.0,eng,493,718,87,10/01/1993,New Press (NY)
31049,Sister Bernadette's Barking Dog: The Quirky History and Lost Art of Diagramming Sentences,Kitty Burns Florey,3.59,1933633107,9781930000000.0,eng,154,705,191,10/01/2006,Melville House Publishing
31050,A Three Dog Life,Abigail Thomas,3.74,151012113,9780150000000.0,en-US,182,191,47,09/05/2006,Houghton Mifflin Harcourt
31054,For the Love of a Dog: Understanding Emotion in You and Your Best Friend,Patricia B. McConnell,4.33,345477146,9780350000000.0,en-US,382,2132,132,8/29/2006,Ballantine Books
31067,Malcolm X Speaks: Selected Speeches and Statements,Malcolm X/George Breitman,4.46,802132138,9780800000000.0,en-US,240,5018,69,01/11/1994,Grove Weidenfeld
31071,Martin and Malcolm and America: A Dream or a Nightmare?,James H. Cone,4.37,883448246,9780880000000.0,en-US,358,1311,38,09/01/1992,Orbis Books
31072,Under the Volcano,Malcolm Lowry,3.79,60955228,9780060000000.0,eng,397,17894,837,4/26/2000,Harper Perennial
31076,The New Knighthood: A History of the Order of the Temple,Malcolm Barber,3.84,521558727,9780520000000.0,eng,441,126,7,9/29/1995,Cambridge University Press
31080,Malcolm X: A Graphic Biography,Andrew Helfer/Randy DuBurke,3.66,809095041,9780810000000.0,eng,112,601,106,11/14/2006,Hill and Wang
31082,Who Are You?: 101 Ways of Seeing Yourself,Malcolm Godwin,3.48,140196099,9780140000000.0,eng,224,263,26,01/01/2000,Penguin Books
31083,Bosnia: A Short History,Noel Malcolm,4.07,330412442,9780330000000.0,eng,384,38,1,08/01/2002,Pan MacMillan
31084,The Other Boleyn Girl,Philippa Gregory,4.06,743269837,9780740000000.0,eng,664,3111,375,11/09/2004,Atria Books
31087,The Last Boleyn,Karen Harper,4.05,307237907,9780310000000.0,eng,592,9097,205,2/28/2006,Broadway Books
31088,The Rise and Fall of Anne Boleyn,Retha M. Warnicke,3.96,521406773,9780520000000.0,eng,338,1336,39,7/26/1991,Cambridge University Press
31089,The Secret Diary of Anne Boleyn,Robin Maxwell,3.8,684849690,9780680000000.0,eng,281,5221,299,5/28/1998,Atria Books
31092,The Other Boleyn Girl,Philippa Gregory,4.06,739427113,9780740000000.0,eng,664,1165,105,4/21/2001,Scribner
31093,Lila: An Inquiry Into Morals (Phaedrus  #2),Robert M. Pirsig,3.78,553299611,9780550000000.0,eng,480,5317,291,11/01/1992,Bantam
31095,Lila's Child: An Inquiry into Quality,Robert M. Pirsig/Dan Glover,3.58,1403356203,9781400000000.0,en-GB,600,54,5,1/14/2003,1st Book Library
31098,Swapping Lives,Jane Green,3.58,670034800,9780670000000.0,eng,410,24513,916,6/13/2006,Viking Adult
31099,Babyville,Jane Green,3.62,767912241,9780770000000.0,en-US,464,30815,544,3/23/2004,Broadway Books
31100,To Have and to Hold,Jane Green,3.63,767912276,9780770000000.0,eng,352,22864,445,03/01/2005,Broadway Books
31101,Mr. Maybe,Jane Green,3.45,767905202,9780770000000.0,eng,368,87217,832,06/11/2002,Broadway Books
31102,Straight Talking,Jane Green,3.64,141011513,9780140000000.0,en-GB,304,234,12,09/05/2002,Penguin
31103,Spellbound,Jane Green,3.63,140295941,9780140000000.0,en-US,439,271,30,12/04/2003,Penguin Books Ltd
31104,Babyville,Jane Green,3.62,767912233,9780770000000.0,en-US,438,153,8,5/27/2003,Broadway Books
31105,This Christmas,Jane Green/Jennifer Coburn/Liz Ireland,3.19,821778064,9780820000000.0,eng,480,1153,92,10/01/2009,Zebra
31107,Bookends,Jane Green,3.72,767907809,9780770000000.0,eng,358,226,31,06/11/2002,Broadway Books
31113,Krik? Krak!: Récits,Edwidge Danticat/Nicole Tisserand,4.12,2857044828,9782860000000.0,fre,240,79,10,07/04/1997,Pygmalion Editions
31114,Homelands: Women’s Journeys Across Race  Place  and Time,Patricia Justine Tumang/Edwidge Danticat/Jenesha de Rivera,4.43,158005188X,9781580000000.0,eng,343,42,5,12/21/2006,Seal Press
31115,The Farming of Bones,Edwidge Danticat,4.07,140280499,9780140000000.0,eng,312,6757,612,09/01/1999,Penguin Books
31116,The Dew Breaker,Edwidge Danticat,3.8,1400034299,9781400000000.0,eng,244,5891,584,03/08/2005,Vintage
31122,I Capture the Castle,Dodie Smith,4.0,312181108,9780310000000.0,eng,343,65013,5954,3/31/1998,Wyatt Book
31134,Conversations with Ernest Hemingway (Literary Conversations),Ernest Hemingway/Matthew J. Bruccoli,4.15,878052739,9780880000000.0,eng,204,64,6,12/01/1986,University Press of Mississippi
31153,The Rapture: Who Will Face the Tribulation,Tim LaHaye,3.5,736909524,9780740000000.0,eng,256,4,1,03/01/2002,Harvest House Publishers
31154,The Regime: Evil Advances  (Before They Were Left Behind  #2),Tim LaHaye/Jerry B. Jenkins,4.11,141430577X,9781410000000.0,en-US,391,3657,107,04/01/2006,Tyndale House Publishers
31157,The Rising: Antichrist is Born  (Before They Were Left Behind  #1),Tim LaHaye/Jerry B. Jenkins,4.2,842361936,9780840000000.0,eng,400,14475,194,10/01/2005,Tyndale House Publishers
31160,The Earth and Its Peoples: Volume II,Richard W. Bulliet/Daniel R. Headrick/David Northrup/Lyman L. Johnson/Pamela Kyle Crossley/Steven W. Hirsch/Steven Hirsch,4.07,618471162,9780620000000.0,eng,34,9,0,05/09/2005,Cengage Learning
31166,The Earth and Its Peoples: A Global History  Volume C: Since 1750,Richard W. Bulliet/Pamela Kyle Crossley/Steven Hirsch,2.0,618427694,9780620000000.0,eng,370,1,1,02/09/2004,Cengage Learning
31171,The Life of Charlotte Brontë,Elizabeth Gaskell/Angus Easson,3.91,192838059,9780190000000.0,eng,587,5549,129,6/20/2002,Oxford University Press
31172,The Juvenilia of Jane Austen and Charlotte Brontë,Jane Austen/Charlotte Brontë/Frances Beer,3.86,140432671,9780140000000.0,eng,400,217,7,10/07/1986,Penguin Books
31174,Selected Works of the Brontë Sisters: Jane Eyre / Villette / Wuthering Heights / Agnes Grey / The Tenant of Wildfell Hall,Charlotte Brontë/Emily Brontë/Anne Brontë,4.38,1840220600,9781840000000.0,eng,1488,96,6,01/05/1998,Wordsworth Classics
31177,Morgan's Passing,Anne Tyler,3.78,449911721,9780450000000.0,eng,346,4035,108,8/27/1996,Ballantine Books
31178,Back When We Were Grownups,Anne Tyler,3.52,345477243,9780350000000.0,eng,336,15040,1239,10/26/2004,Ballantine Books
31180,Celestial Navigation,Anne Tyler,3.79,449911802,9780450000000.0,eng,288,3403,159,8/27/1996,Ballantine Books
31181,Breathing Lessons,Anne Tyler,3.66,345485599,9780350000000.0,eng,350,20474,1140,9/26/2006,Ballantine Books
31182,The Tin Can Tree,Anne Tyler,3.6,449911896,9780450000000.0,eng,264,2384,91,8/27/1996,Ballantine Books
31185,Inside the Mind of Gideon Rayburn (Midvale Academy  #1),Sarah Miller,3.39,312333757,9780310000000.0,eng,289,1072,90,05/02/2006,St. Martin's Griffin
31186,Patience & Sarah,Isabel Miller/Emma Donoghue,3.9,1551521911,9781550000000.0,en-US,225,3833,166,09/01/2005,Arsenal Pulp Press
31196,The Razor's Edge,W. Somerset Maugham,4.19,1400034205,9781400000000.0,eng,314,29486,2137,09/09/2003,Vintage International
31200,Razor's Edge: The Unofficial History of the Falklands War,Hugh Bicheno/Richard   Holmes,3.79,753821869,9780750000000.0,eng,400,42,4,03/01/2007,Phoenix
31204,Tom Jones,Henry Fielding/Doreen Roberts,3.74,1853260215,9781850000000.0,eng,734,564,48,05/05/1992,Wordsworth Editions
31208,Clarissa  Or The History of a Young Lady,Samuel Richardson/Sheila Ortiz Taylor,3.37,451529790,9780450000000.0,eng,576,56,8,10/04/2005,Signet Classics
31218,The Hitchhiker's Guide to the Galaxy: The Quintessential Phase (Hitchhiker's Guide: Radio Play  #5),Douglas Adams/Dirk Maggs/Simon  Jones/Geoffrey McGivern/Mark Wing-Davey/Susan  Sheridan/Sandra Dickinson/Stephen  Moore/William Franklyn/Rula Lenska/Sam  Burke,4.37,563504072,9780560000000.0,eng,3,61,1,6/20/2005,BBC Audiobooks
31219,The Secret of Shambhala: In Search of the Eleventh Insight (Celestine Prophecy  #3),James Redfield,4.0,446676489,9780450000000.0,eng,256,4181,131,11/01/2001,Grand Central Publishing
31220,The Celestine Vision: Living the New Spiritual Awareness,James Redfield,4.07,446675237,9780450000000.0,eng,288,7032,58,11/01/1999,Grand Central Publishing
31222,The Purpose of Your Life: Finding Your Place In The World Using Synchronicity  Intuition  And Uncommon Sense,Carol Adrienne/James Redfield,3.76,688166253,9780690000000.0,eng,320,218,27,3/17/1999,William Morrow Paperbacks
31226,The Janson Directive (Paul Janson  #1),Robert Ludlum,3.86,312989385,9780310000000.0,eng,693,7281,259,10/19/2003,St. Martin's Paperbacks
31227,The Moscow Vector (Covert-One  #6),Patrick Larkin/Robert Ludlum,3.98,312990715,9780310000000.0,eng,464,6321,80,02/07/2006,St. Martin's Paperbacks
31229,The Ambler Warning,Robert Ludlum,3.72,312990693,9780310000000.0,eng,632,9289,361,11/01/2006,St. Martin's Paperbacks
31235,Historical Romances: The Prince and the Pauper / A Connecticut Yankee in King Arthur’s Court / Personal Recollections of Joan of Arc,Mark Twain/Susan K. Harris,4.38,940450828,9780940000000.0,eng,1050,296,13,08/01/1994,Library of America
31242,Bleak House,Charles Dickens/Nicola Bradbury/Hablot Knight Browne,4.01,143037617,9780140000000.0,eng,1017,80104,2440,01/06/2006,Penguin Books
31244,Our Mutual Friend,Charles Dickens,4.07,375761144,9780380000000.0,eng,801,22294,953,09/10/2002,Modern Library
31247,A Christmas Carol and Other Christmas Books,Charles Dickens/Robert Douglas-Fairhurst,3.96,192806947,9780190000000.0,eng,438,156,20,11/01/2007,Oxford University Press  USA
31250,Little Dorrit,Charles Dickens/Stephen J. Wall/Helen Small,3.99,141439963,9780140000000.0,eng,1021,38955,1044,9/25/2003,Penguin Classics
31253,Baseball: a Literary Anthology,Nicholas Dawidoff/Ernest Lawrence Thayer/Jacques Barzun/Robert Frost/John Updike/Leroy Satchel Paige/Bill Veeck/Murray Kempton/Jimmy Breslin/Marianne Moore/Gay Talese/Tallulah Bankhead/Albert G. Spalding/Nelson Algren/William Carlos Williams/James Weldon Johnson/Thomas Wolfe/James Thurber/Philip Roth/Jim Bouton/Dave Frishberg/Roger Kahn/Roger Angell/Damon Runyon/George Plimpton/A. Bartlett Giamatti/Amiri Baraka/Annie Dillard/Stephen Jay Gould/Stephen King/Richard Ford/Don DeLillo/Lawrence S. Ritter/Ring Lardner/Carl Sandburg/Heywood Broun/Bernard Malamud/Red  Smith,4.24,193108209X,9781930000000.0,eng,733,182,14,03/04/2002,Library of America
31259,The Bourne Ultimatum (Jason Bourne  #3),Robert Ludlum,4.05,752858491,9780750000000.0,eng,725,52976,702,05/06/2004,Orion
31260,The Sigma Protocol,Robert Ludlum,3.8,312982518,9780310000000.0,eng,662,9567,252,10/13/2002,St. Martin's Paperbacks
31262,The Road to Gandolfo,Robert Ludlum/Michael  Shepherd,3.64,553271091,9780550000000.0,eng,320,5141,160,02/01/1992,Bantam
31267,The Arctic Event (Covert-One  #7),James H. Cobb/Robert Ludlum,4.01,446699071,9780450000000.0,eng,390,4414,127,9/26/2007,Warner Books
31270,The Altman Code (Covert-One  #4),Gayle Lynds/Robert Ludlum/Don Leslie,3.95,1593978863,9781590000000.0,eng,0,5,1,9/30/2005,Audio Renaissance
31271,The Matlock Paper,Robert Ludlum,3.88,752858637,9780750000000.0,eng,352,12533,80,8/24/2005,Orion Books
31294,Fat Pig,Neil LaBute,3.56,057121150X,9780570000000.0,en-US,112,2356,103,11/29/2004,Farrar  Straus and Giroux
31299,Hickory Dickory Dock (Hercule Poirot  #32),Agatha Christie/Hugh Fraser,3.75,1572705647,9781570000000.0,eng,196,13515,368,12/07/2006,AudioGO
31300,A Caribbean Mystery (Miss Marple  #10),Agatha Christie,3.8,451199928,9780450000000.0,eng,224,18590,770,03/01/2000,Signet
31302,Five Complete Miss Marple Novels: The Mirror Crack'd / A Caribbean Mystery / Nemesis / What Mrs. McGillicuddy Saw! / The Body in the Library,Agatha Christie,4.39,517035804,9780520000000.0,eng,650,116,6,07/02/1990,Avenel Books
31303,At Bertram's Hotel,Agatha Christie,3.7,451199936,9780450000000.0,eng,224,239,15,03/01/2000,Signet
31304,Nemesis (Miss Marple  #12),Agatha Christie,3.85,451200187,9780450000000.0,eng,224,18896,771,05/01/2000,Signet
31305,A Pocket Full of Rye: A BBC Radio 4 Full-Cast Dramatisation,Agatha Christie/Michael Bakewell/June Whitfield/Nicky Henson/Derek Waring/Natasha Pyne,3.86,792737369,9780790000000.0,eng,2,38,3,04/01/2014,Blackstone Audiobooks
31306,Murder at the Vicarage (Miss Marple  #1),Agatha Christie,4.05,451201159,9780450000000.0,eng,256,462,55,09/01/2000,Signet
31307,Miss Marple Omnibus Vol. 3 (Murder at the Vicarage / Nemesis / Sleeping Murder / At Bertram's Hotel),Agatha Christie,4.32,6499619,9780010000000.0,eng,688,138,5,07/10/1997,Harper Collins
31312,The Dance of Anger,Harriet Lerner,4.06,006074104X,9780060000000.0,eng,239,16897,619,05/03/2005,William Morrow & Company
31313,Dance of the Gods (Circle Trilogy  #2),Nora Roberts,4.15,515141666,9780520000000.0,eng,321,25065,576,10/03/2006,Jove
31314,Barnyard Dance,Sandra Boynton,4.25,1563054426,9781560000000.0,en-US,24,21265,480,10/01/1993,Workman Publishing Company
31316,The Dance of Intimacy: A Woman's Guide to Courageous Acts of Change in Key Relationships,Harriet Lerner,4.07,006091646X,9780060000000.0,eng,255,7368,185,01/01/1989,William Morrow Paperbacks
31318,4:50 from Paddington / A Pocket Full of Rye (BBC Presents: Two Miss Marple Dramas),Agatha Christie,3.94,553525638,9780550000000.0,eng,3,34,3,05/04/1999,Random House Audio
31331,Blood Canticle (The Vampire Chronicles #10),Anne Rice,3.72,99460173,9780100000000.0,eng,400,19036,325,11/04/2004,Arrow
31332,The Vampire Armand (The Vampire Chronicles  #6),Anne Rice,3.76,345434803,9780350000000.0,eng,457,59191,710,10/03/2000,Ballantine Books
31333,Violin,Anne Rice,3.28,8466302204,9788470000000.0,eng,289,15886,405,01/01/2002,Distribooks
31335,Cry to Heaven,Anne Rice,3.85,345396936,9780350000000.0,eng,566,18067,558,04/01/1995,Ballantine Books
31340,Lasher (Lives of the Mayfair Witches  #2),Anne Rice,3.86,99471434,9780100000000.0,eng,400,49367,661,11/04/2004,Arrow Books
31341,Blood And Gold (The Vampire Chronicles  #8),Anne Rice,3.89,99271494,9780100000000.0,eng,752,28012,436,11/07/2002,Arrow
31345,Hot Stuff (Cate Madigan #1),Janet Evanovich/Leanne Banks,3.74,312941463,9780310000000.0,en-US,281,9285,404,04/03/2007,St. Martin's Press
31350,Lovelock (Mayflower Trilogy  #1),Orson Scott Card/Kathryn H. Kidd,3.47,031287751X,9780310000000.0,en-US,288,2150,85,02/01/2001,St. Martins Press-3PL
31351,Treasure Box,Orson Scott Card,3.33,006109398X,9780060000000.0,eng,384,3646,189,10/01/1997,Harper
31352,Songmaster,Orson Scott Card,3.74,312876629,9780310000000.0,en-US,352,6399,286,12/06/2002,Orb Books
31353,Stone Tables,Orson Scott Card,3.87,1573456632,9781570000000.0,eng,448,1726,133,03/01/2000,Shadow Mountain
31356,William Faulkner: The Sound and the Fury and as I Lay Dying: Essays  Articles  Reviews,Nicolas Tredell,3.96,023112189X,9780230000000.0,en-US,192,4,0,12/27/2000,Columbia University Press
31358,Hart's Hope,Orson Scott Card,3.47,425058190,9780430000000.0,eng,261,24,4,02/01/1983,Berkley
31360,Children of the Mind (Ender's Saga  #4),Orson Scott Card,3.76,765304740,9780770000000.0,eng,370,84877,1989,8/24/2002,Tor Books
31361,Maps in a Mirror: The Short Fiction of Orson Scott Card,Orson Scott Card,4.01,765308401,9780770000000.0,eng,675,2940,121,01/01/2004,Orb Books
31363,How to Write Science Fiction & Fantasy,Orson Scott Card,3.9,158297103X,9781580000000.0,eng,140,3408,264,9/15/2001,Writer's Digest Books
31364,What Came Before He Shot Her (Inspector Lynley  #14),Elizabeth  George,3.56,60545623,9780060000000.0,eng,560,6669,668,10/17/2006,Harper
31365,With No One as Witness (Inspector Lynley  #13),Elizabeth  George,4.04,60545615,9780060000000.0,eng,784,9952,529,2/28/2006,Harper
31366,Deception on His Mind (Inspector Lynley  #9),Elizabeth  George,4.05,553575090,9780550000000.0,eng,716,8028,289,10/06/1998,Bantam Books
31371,Becoming a Woman of Beauty and Strength: Esther,Elizabeth George,4.27,736904891,9780740000000.0,eng,160,80,14,01/01/2001,Harvest House Publishers
31373,In Pursuit of the Proper Sinner (Inspector Lynley  #10),Elizabeth  George,4.1,553575104,9780550000000.0,eng,718,10608,295,11/31/2000,Bantam Books
31378,A Woman's High Calling Growth and Study Guide,Elizabeth George,4.15,736904948,9780740000000.0,eng,160,13,1,8/15/2001,Harvest House Publishers
31382,Living with Passion and Purpose: Luke (Woman After God's Own Heart),Elizabeth George,4.0,736908161,9780740000000.0,eng,160,22,4,9/15/2005,Harvest House Publishers
31384,Loving God with All Your Mind,Elizabeth George,4.43,736913823,9780740000000.0,en-US,304,1488,77,01/01/2005,Harvest House Publishers
31386,Ariel Sharon: A Life,Nir Hefez/Gadi Bloom/Mitch Ginsburg,3.72,1400065879,9781400000000.0,en-US,490,40,6,10/24/2006,Random House  Inc.
31389,Life Management for Busy Woman: Growth and Study Guide,Elizabeth George,4.53,736910190,9780740000000.0,en-GB,166,14,1,07/01/2002,Harvest House Publishers
31401,A Wife After God's Own Heart Growth and Study Guide,Elizabeth George,4.69,736911685,9780740000000.0,eng,160,9,1,01/01/2004,Harvest House Publishers
31414,Lover of Unreason: Assia Wevill  Sylvia Plath's Rival and Ted Hughes' Doomed Love,Yehuda Koren/Eilat Negev,3.92,786718617,9780790000000.0,eng,280,639,75,12/26/2006,Da Capo Press
31420,The Journals of Sylvia Plath,Sylvia Plath/Karen V. Kukil,4.31,571205216,9780570000000.0,eng,752,106,9,6/13/2013,Faber & Faber
31421,Letters Home,Sylvia Plath,4.2,571201156,9780570000000.0,eng,502,2373,63,01/01/1999,Faber & Faber
31434,The Poetry of Sylvia Plath,Claire Brennan,4.25,231124279,9780230000000.0,eng,202,27,0,8/29/2001,Columbia University Press
31437,Black Boy,Richard Wright/Edward P. Jones,4.05,60834005,9780060000000.0,en-US,432,88,12,11/29/2005,Harper
31441,Angry Black White Boy,Adam Mansbach,3.55,1400054877,9781400000000.0,eng,352,614,77,03/08/2005,Broadway Books
31442,Bad Boys In Black Tie (Watson Brothers  #3),Lori Foster/Erin McCarthy/Morgan Leigh,3.73,758207743,9780760000000.0,eng,278,2164,70,05/01/2004,Brava
31456,The Twits,Roald Dahl/Quentin Blake,3.96,141318309,9780140000000.0,eng,96,98823,2552,6/24/2004,Puffin Books
31462,Far from the Madding Crowd,Thomas Hardy/Suzanne Keen,3.94,451528565,9780450000000.0,eng,400,340,33,10/01/2002,Signet Classics
31463,Far From the Madding Crowd,Thomas Hardy/Rosemarie Morgan/Shannon Russell,3.94,141439653,9780140000000.0,eng,433,104912,3811,2/27/2003,Penguin Books
31465,Far From the Madding Crowd,Thomas Hardy/Suzanne B. Falck-Yi/Linda M. Shires,3.94,019280149X,9780190000000.0,eng,496,112,17,11/14/2002,Oxford University Press
31466,Far from the Madding Crowd,Thomas Hardy,3.94,140620478,9780140000000.0,en-GB,374,320,42,3/31/1994,Penguin Books
31472,Middlemarch: An Authoritative Text  Backgrounds  Reviews and Criticism,George Eliot/Bert G. Hornback,3.96,393092100,9780390000000.0,eng,578,47,10,09/01/1977,W. W. Norton & Company
31474,Slaughterhouse: The Shocking Story of Greed  Neglect  And Inhumane Treatment Inside the U.S. Meat Industry,Gail A. Eisnitz,4.35,1591024501,9781590000000.0,en-US,328,1250,144,11/01/2006,Prometheus Books
31476,A Dance At The Slaughterhouse (Matthew Scudder  #9),Lawrence Block,4.18,380813734,9780380000000.0,eng,294,3351,147,07/03/2000,Harper Paperbacks
31478,Slaughterhouse Blues: The Meat and Poultry Industry in North America,Donald D. Stull/Michael J. Broadway/Eric Schlosser,3.46,534613039,9780530000000.0,en-US,172,27,1,4/17/2003,Wadsworth Publishing Company
31481,Inky The Indigo Fairy (Rainbow Magic  #6),Daisy Meadows/Georgie Ripper,3.79,043974685X,9780440000000.0,en-US,80,2042,59,01/01/2006,Scholastic Paperbacks
31482,Sunny The Yellow Fairy (Rainbow Magic  #3),Daisy Meadows/Georgie Ripper,3.82,439744660,9780440000000.0,en-US,67,2364,67,07/01/2005,Little Apple
31483,Sky The Blue Fairy (Rainbow Magic  #5),Daisy Meadows/Georgie Ripper,3.83,439746841,9780440000000.0,en-US,80,2267,82,11/01/2005,Scholastic Paperbacks
31484,Heather The Violet Fairy (Rainbow Magic  #7),Daisy Meadows/Georgie Ripper,3.86,439746868,9780440000000.0,en-US,80,2263,82,02/01/2006,Scholastic Paperbacks
31486,Ruby the Red Fairy (Rainbow Magic  #1),Daisy Meadows/Georgie Ripper,3.84,043973861X,9780440000000.0,en-US,65,4334,319,05/01/2005,Scholastic Inc.
31487,Unweaving the Rainbow: Science  Delusion and the Appetite for Wonder,Richard Dawkins,4.02,618056734,9780620000000.0,eng,352,9377,189,04/05/2000,Mariner Books
31488,The Rainbow Goblins,Ul De Rico,4.42,500277591,9780500000000.0,eng,32,1417,149,6/17/1978,Thames  Hudson
31490,The Serpent and the Rainbow,Wade Davis,3.91,684839296,9780680000000.0,en-US,304,3373,293,08/05/1997,Simon  Schuster
31491,The Rainbow,D.H. Lawrence/Daphne Merkin,3.69,451530306,9780450000000.0,eng,544,15840,462,05/05/2009,Signet
31493,Standing in the Rainbow (Elmwood Springs  #2),Fannie Flagg,4.04,345452887,9780350000000.0,eng,560,13592,897,08/03/2004,Ballantine Books
31502,The Scarlet Pimpernel,Emmuska Orczy/Margaret Brantley,4.07,743487745,9780740000000.0,en-US,358,348,67,07/01/2004,Simon  Schuster
31505,Adventures of the Scarlet Pimpernel,Emmuska Orczy,4.03,899664598,9780900000000.0,eng,256,15,0,12/01/1983,Buccaneer Books
31507,Love's Enduring Promise (Love Comes Softly  #2),Janette Oke,4.19,764228498,9780760000000.0,eng,239,10835,311,11/01/2003,Bethany House Publishers
31548,Of Human Bondage,W. Somerset Maugham/Benjamin DeMott/Maeve Binchy,4.13,451530179,9780450000000.0,eng,684,37531,2201,01/02/2007,Signet
31555,Phantoms in the Brain: Probing the Mysteries of the Human Mind,V.S. Ramachandran/Sandra Blakeslee/Oliver Sacks,4.26,688172172,9780690000000.0,eng,352,15190,532,8/18/1999,William Morrow Paperbacks
31569,Mangoes & Curry Leaves: Culinary Travels Through the Great Subcontinent,Jeffrey Alford/Naomi Duguid,4.18,1579652522,9781580000000.0,eng,416,631,23,11/01/2005,Artisan
31570,Curry: A Tale of Cooks and Conquerors,Lizzie Collingham,3.9,195172418,9780200000000.0,eng,315,753,111,02/06/2006,Oxford University Press  USA
31573,50 Great Curries of India,Camellia Panjabi,4.15,1904920357,9781900000000.0,eng,224,209,29,12/30/2005,Kyle Books
31578,Curries Without Worries,Sudha Koul/Warner Books,3.93,446670782,9780450000000.0,eng,160,35,4,03/01/1996,Grand Central Publishing
31580,In Search of Duende,Federico García Lorca/Norman Thomas di Giovanni,4.3,811213765,9780810000000.0,eng,99,616,36,4/17/1998,New Directions
31582,The Selected Poems of Federico García Lorca,Federico García Lorca,4.32,811200914,9780810000000.0,mul,180,236,23,06/01/1955,New Directions Publishing Corporation
31591,Lorca & Jimenez: Selected Poems,Federico García Lorca/Juan Ramón Jiménez/Robert Bly,4.34,807062138,9780810000000.0,eng,208,114,8,4/30/1997,Beacon Press
31607,Also sprach Zarathustra: Ein Buch für Alle und Keinen.,Friedrich Nietzsche,4.06,337901706X,9783380000000.0,ger,371,2,0,07/01/2000,Reclam  Leipzig
31611,Seminar on Nietzsche's Zarathustra,C.G. Jung/James L. Jarrett,4.38,691017387,9780690000000.0,eng,352,19,2,11/23/1997,Princeton University Press
31615,The Polar Express,Chris Van Allsburg,4.3,061861169X,9780620000000.0,en-US,32,88,13,10/19/2005,HMH Books for Young Readers
31619,Trip To The North Pole (The Polar Express: The Movie),Ellen Weiss/Doyle Partners/Robert Zemeckis,3.62,061847790X,9780620000000.0,eng,128,55,7,10/12/2004,HMH Books for Young Readers
31623,Blow Fly (Kay Scarpetta  #12),Patricia Cornwell,3.77,425198731,9780430000000.0,eng,467,31942,732,09/07/2004,Berkley
31626,The Gift of the Magi and Other Short Stories,O. Henry,4.15,486270610,9780490000000.0,eng,96,4616,133,02/05/1992,Dover Publications
31628,James and the Giant Peach,Roald Dahl/Nancy Ekholm Burkert,4.01,553150324,9780550000000.0,eng,154,215,16,01/01/1978,Bantam Skylark
31637,Ten Short Stories Book & Cd Pack (Penguin Student Editions),Roald Dahl,3.84,140817786,9780140000000.0,eng,208,9,0,3/30/2000,Penguin Classics
31638,The Ultramarines Omnibus (Ultramarines #1-3),Graham McNeill,3.97,1844164039,9781840000000.0,eng,768,1691,67,12/19/2008,Games Workshop
31641,Star Wars Omnibus: X-Wing Rogue Squadron  Vol. 2,Michael A. Stackpole/Jan Strnad/Ryder Windham/Jordi Ensign/John Nadeau/Gary Erskine,3.88,1593076193,9781590000000.0,eng,288,325,12,10/24/2006,Dark Horse Comics
31644,The Soul Drinkers Omnibus (Soul Drinkers #1-3),Ben Counter,3.77,1844164160,9781840000000.0,eng,767,790,37,12/26/2006,Games Workshop(uk)
31647,James and the Giant Peach,Roald Dahl/Quentin Blake,4.01,141311355,9780140000000.0,eng,160,1251,91,04/05/1998,Puffin
31648,James and the Giant Peach: a Play,Richard R. George/Roald Dahl,4.0,142407917,9780140000000.0,en-GB,91,344,22,02/01/2007,Puffin Books
31649,James & The Giant Peach (Disney's),Roald Dahl/Karey Kirkpatrick/Lane Smith,4.03,140382976,9780140000000.0,eng,48,1073,32,07/04/1996,Puffin
31659,The Progress of Love,Alice Munro,4.14,375724702,9780380000000.0,eng,320,2128,115,12/12/2000,Vintage
31669,A Memoir of Jane Austen and Other Family Recollections,J.E. Austen Leigh/Caroline Austen/Henry Austen/Anna Austen Lefroy/Kathryn Sutherland,3.83,192840746,9780190000000.0,eng,352,892,33,12/05/2002,Oxford University Press
31670,The Jane Austen Cookbook,Maggie Black/Deirdre Le Faye,3.93,771014171,9780770000000.0,eng,128,275,26,05/10/2002,McClelland & Stewart
31672,The Complete Novels,Jane Austen/Karen Joy Fowler,4.55,143039504,9780140000000.0,eng,1278,425,39,3/28/2006,Penguin Classics
31673,The Cambridge Companion to Jane Austen,Edward Copeland/Juliet McMaster,4.09,521498678,9780520000000.0,en-US,251,320,21,5/13/1997,Cambridge University Press
31676,The Man Who Loved Jane Austen (The Man Who Loved Jane Austen #1),Sally Smith O'Rourke,3.37,075821037X,9780760000000.0,eng,303,1745,229,04/01/2006,Kensington
31678,Jane Austen: A Life,Carol Shields,3.85,143035169,9780140000000.0,eng,192,2279,173,5/31/2005,Penguin Books
31692,The Complete Novels of Jane Austen,Jane Austen,4.55,1840220554,9781840000000.0,eng,1431,924,28,01/05/2005,Wordsworth Editions
31693,Persuasion,Jane Austen/Gillian Beer,4.14,141439688,9780140000000.0,eng,325,5236,544,4/29/2003,Penguin Classics
31694,The History of England,Jane Austen/Cassandra Austen/Deirdre Le Faye/A.S. Byatt,3.89,1565120558,9781570000000.0,eng,60,991,88,01/10/1993,Algonquin Books
31695,Jane and the Wandering Eye (Jane Austen Mysteries  #3),Stephanie Barron,3.86,553578170,9780550000000.0,eng,320,1999,112,11/03/2009,Bantam
31698,Dante: Poet of the Secular World,Erich Auerbach/Ralph Manheim/Michael Dirda,4.25,1590172191,9781590000000.0,eng,202,169,13,1/16/2007,NYRB Classics
31722,Me Alquilo Para Soñar (Taller de Guión  #62),Gabriel García Márquez,3.83,1400092965,9781400000000.0,spa,224,141,17,03/02/2004,Debolsillo
31728,Silent Running,James F. Calvert,4.17,047119705X,9780470000000.0,eng,320,344,28,10/15/1997,Wiley
31740,La increíble y triste historia de la cándida Eréndira y de su abuela desalmada,Gabriel García Márquez,3.9,9681317084,9789680000000.0,spa,157,90,7,5/30/2004,Editorial Diana
31742,The Story of a Shipwrecked Sailor,Gabriel García Márquez/Randolf Hogan,3.78,067972205X,9780680000000.0,eng,128,462,44,3/13/1989,Vintage
31761,El Dia Que Nietzsche Lloró,Irvin D. Yalom,4.32,9875801445,9789880000000.0,spa,445,66,4,10/24/2006,Planeta
31763,Zur Genealogie der Moral,Friedrich Nietzsche,4.11,3150071232,9783150000000.0,ger,187,103,4,1/31/1998,Reclam
31784,Nietzche and Philosophy,Gilles Deleuze/Michael Hardt,4.17,231138768,9780230000000.0,eng,256,50,1,5/16/2006,Columbia University Press
31785,The Will to Power,Friedrich Nietzsche/Walter Kaufmann/R.J. Hollingdale,4.05,394704371,9780390000000.0,eng,575,7931,132,8/17/2011,Vintage Books
31795,The Story of Philosophy: The Lives and Opinions of the World's Greatest Philosophers,Will Durant,4.12,671739166,9780670000000.0,eng,704,10553,550,01/01/1991,Pocket Books
31800,The Oxford Companion to Philosophy,Ted Honderich,4.15,199264791,9780200000000.0,en-GB,1056,51,3,5/26/2005,Oxford University Press  USA
31802,South Park and Philosophy: You Know  I Learned Something Today,Robert Arp,3.43,1405161604,9781410000000.0,eng,273,1135,37,11/22/2006,Blackwell Publishers
31804,Superheroes and Philosophy: Truth  Justice  and the Socratic Way,Tom Morris/William Irwin,3.87,812695739,9780810000000.0,en-US,300,754,38,4/20/2005,Open Court
31813,The Simpsons and Philosophy: The D'oh! of Homer,William Irwin/Aeon J. Skoble/Mark T. Conard,3.47,812694333,9780810000000.0,eng,256,2039,135,2/28/2001,Open Court
31814,Philosophy for Dummies,Tom Morris,3.65,764551531,9780760000000.0,eng,361,532,47,9/17/1999,For Dummies
31818,The Philosophy of Andy Warhol (From A to B and Back Again),Andy Warhol,3.74,156717204,9780160000000.0,eng,272,33697,402,04/06/1977,Mariner Books
31819,Harry Potter and Philosophy: If Aristotle Ran Hogwarts,David Baggett/Shawn E. Klein,4.48,812694554,9780810000000.0,eng,243,11422,78,09/10/2004,Open Court
31822,Philosophy of Religion: An Anthology,Louis P. Pojman,3.94,534543642,9780530000000.0,en-US,582,97,7,05/07/2002,Wadsworth Publishing Company
31823,A History of Philosophy 1: Greece and Rome,Frederick Charles Copleston,4.1,826468950,9780830000000.0,en-GB,544,20,4,06/01/2003,Bloomsbury Academic
31826,Western Philosophy: An Anthology,John Cottingham,4.04,631186271,9780630000000.0,eng,656,71,7,11/14/1996,Wiley-Blackwell
31833,Star Wars and Philosophy: More Powerful than You Can Possibly Imagine,Kevin S. Decker/Jason T. Eberl/William Irwin/George Lucas/William O. Stephens/Walter Ritoku Robinson/Richard H. Dees/Judith A. Barad/Elizabeth F. Cooke/Richard Hanley/Jerold J. Abrams/Robert Arp/Jan-Erik Jones,4.05,812695836,9780810000000.0,eng,227,1774,35,3/23/2005,Open Court
31836,Bullshit and Philosophy,Gary L. Hardcastle/George A. Reisch,3.68,812696115,9780810000000.0,en-US,288,72,9,10/25/2006,Open Court
31837,The Consolation of Philosophy,Boethius/Victor Watts,3.98,140447806,9780140000000.0,eng,192,8318,373,11/25/1999,Penguin Classics
31839,Philosophy of Mind: Classical and Contemporary Readings,David J. Chalmers,4.08,019514581X,9780200000000.0,eng,675,435,14,7/25/2002,Oxford University Press  USA
31842,The Undead and Philosophy: Chicken Soup for the Soulless,Richard V. Greene/K. Silem Mohammad,3.7,812696018,9780810000000.0,en-US,288,196,18,8/29/2006,Open Court
31849,Philosophy in a Time of Terror: Dialogues with Jürgen Habermas and Jacques Derrida,Jürgen Habermas/Jacques Derrida/Giovanna Borradori,3.89,226066665,9780230000000.0,eng,208,439,17,09/01/2004,University of Chicago Press
31851,An Introduction to Political Philosophy,Jonathan Wolff,4.11,019929609X,9780200000000.0,eng,215,767,44,03/01/2006,Oxford University Press  USA
31853,A Source Book in Indian Philosophy,Sarvepalli Radhakrishnan/Charles Alexander Moore/Kapila/Nandalal Sinha/Kautilya/R. Shamasastry/Manu/Georg Bühler/Patañjali/Rama Prasada/Nāgārjuna/Hermann Oldenberg/Susumu Yamaguchi/Ganganatha Jha/Ramanuja/George Thibaut/Pratap Chandra Ray/Edward J. Thomas,4.13,691019584,9780690000000.0,eng,720,148,7,4/21/1967,Princeton University Press
31854,Philosophy: The Basics,Nigel Warburton,3.84,203506413,9780420000000.0,eng,169,830,70,07/01/2004,Routledge
31855,A Young Person's Guide To Philosophy,Jeremy Weate/Peter Lawman,3.92,789430746,9780790000000.0,eng,64,58,8,9/21/1998,DK Children
31856,Philosophy in the Flesh: The Embodied Mind and its Challenge to Western Thought,George Lakoff/Mark  Johnson,4.07,465056741,9780470000000.0,eng,640,1145,56,10/08/1999,Basic Books
31860,Practical Philosophy,Immanuel Kant/Mary J. Gregor,4.1,521654084,9780520000000.0,eng,704,288,3,12/08/1999,Cambridge University Press
31862,Discourse on Method and Meditations on First Philosophy,René Descartes/Donald A. Cress,3.71,872204200,9780870000000.0,eng,103,24689,326,6/15/1999,Hackett Publishing Company  Inc.
31864,Readings in Classical Chinese Philosophy,Philip J. Ivanhoe/Bryan W. Van Norden,3.99,872207803,9780870000000.0,eng,416,341,21,12/01/2005,Hackett Publishing Company  Inc.
31868,Logic and Philosophy: A Modern Introduction,Alan Hausman/Paul Tidman,3.78,495128449,9780500000000.0,eng,525,9,0,06/01/2006,Cengage Learning
31871,History of Political Philosophy,Leo Strauss/Joseph Cropsey,4.17,226777103,9780230000000.0,eng,980,441,27,11/30/1987,University of Chicago Press
31875,What Is Ancient Philosophy?,Pierre Hadot/Michael Chase,4.19,674013735,9780670000000.0,eng,384,400,42,3/15/2004,Belknap Press
31876,Lectures on the History of Philosophy 1: Greek Philosophy to Plato,Georg Wilhelm Friedrich Hegel/E.S. Haldane/Frederick C. Beiser,4.05,803272715,9780800000000.0,en-GB,487,54,5,06/01/1995,University of Nebraska Press
31878,Seinfeld and Philosophy,William Irwin,3.5,812694090,9780810000000.0,en-US,224,914,50,8/20/1999,Open Court
31880,Introduction to the Philosophies of Research and Criticism in Education and the Social Sciences,James   Paul,2.75,130422533,9780130000000.0,eng,360,4,1,10/18/2004,Pearson
31881,Introducing Philosophy,Dave Robinson/Chris Garratt/Judy Groves,3.56,184046576X,9781840000000.0,en-GB,176,241,21,08/08/2000,Icon Books
31882,The Matrix and Philosophy: Welcome to the Desert of the Real,William Irwin/Gerald J. Erion/Barry  Smith/Carolyn Korsmeyer/Jonathan J. Sanford/Jason Holt/Theodore Schick Jr./Gregory Bassham/James Lawler/David Mitsuo Nixon,3.91,081269502X,9780810000000.0,eng,280,1947,71,8/28/2002,Open Court
31891,A Short History of Modern Philosophy (Routledge Classics),Roger Scruton,3.8,415267633,9780420000000.0,eng,328,348,23,11/11/2001,Routledge
31894,Ancient Philosophy,Anthony Kenny,3.98,198752725,9780200000000.0,eng,341,260,20,11/30/2006,Oxford University Press  USA
31898,Woody Allen and Philosophy: [You Mean My Whole Fallacy Is Wrong?],Mark T. Conard/Aeon J. Skoble/Tom Morris/William Irwin,3.75,812694538,9780810000000.0,eng,250,293,9,08/09/2004,Open Court
31899,Three Philosophies of Life: Ecclesiastes—Life As Vanity  Job—Life As Suffering  Song of Songs—Life As Love,Peter Kreeft,4.3,898702623,9780900000000.0,eng,140,437,52,06/01/1990,Ignatius Press
31904,Philosophy of Religion,John Harwood Hick,3.68,136626289,9780140000000.0,en-US,160,180,11,11/20/1989,Pearson
31910,Early Greek Philosophy,Jonathan Barnes,4.09,140448152,9780140000000.0,eng,336,2088,44,9/26/2002,Penguin Books
31911,Contemporary Political Philosophy,Will Kymlicka,4.0,198782748,9780200000000.0,eng,512,594,17,10/25/2001,Oxford University Press  USA
31912,Buffy the Vampire Slayer and Philosophy: Fear and Trembling in Sunnydale,James B. South/William Irwin,4.06,812695313,9780810000000.0,eng,335,2519,85,3/13/2003,Open Court
31916,Philosophy: The Classics,Nigel Warburton,3.89,415356296,9780420000000.0,eng,257,337,26,07/09/1998,Routledge
31917,The Oxford Handbook of Philosophy of Mathematics and Logic,Stewart Shapiro,4.25,195325923,9780200000000.0,eng,832,19,1,03/01/2007,Oxford University Press  USA
31923,Three Books of Occult Philosophy,Cornelius Agrippa/Donald Tyson,4.1,875428320,9780880000000.0,eng,1024,1245,28,01/08/1992,Llewellyn Publications
31925,Philosophy Made Simple,Robert Hellenga,3.39,031601334X,9780320000000.0,eng,304,501,84,03/01/2007,Back Bay Books
31929,The Philosophy of Biology,David L. Hull/Michael Ruse,3.89,198752121,9780200000000.0,eng,784,14,3,8/27/1998,Oxford University Press  USA
31938,Ten Great Works of Philosophy,Robert Paul Wolff/René Descartes/David Hume/Immanuel Kant/John Stuart Mill/William  James/Plato/Aristotle/Anselm of Canterbury/Thomas Aquinas/Various,3.74,451528301,9780450000000.0,en-US,592,95,11,03/01/2002,Signet
31947,Philosophy and the Mirror of Nature,Richard M. Rorty,4.01,691020167,9780690000000.0,eng,424,2815,48,1/21/1981,Princeton University Press
31960,The Best American Sports Writing 2003,Buzz Bissinger/Glenn Stout/Elizabeth Gilbert/Bill Plaschke/Gary Smith/Michael J. Agovino,3.87,618251324,9780620000000.0,eng,352,53,2,10/10/2003,Mariner Books
31968,Walking the Bible: A Journey by Land Through the Five Books of Moses,Bruce Feiler,3.87,60838639,9780060000000.0,eng,451,2539,331,08/02/2005,William Morrow Paperbacks
31974,Mac OS X: Tiger Edition (The Missing Manual),David Pogue,3.79,596009410,9780600000000.0,eng,864,96,6,7/19/2005,O'Reilly Media
31975,Astonishing X-Men  Volume 2: Dangerous,Joss Whedon/John Cassaday,4.19,078511677X,9780790000000.0,eng,152,10769,282,6/27/2007,Marvel
31976,FINAL FANTASY X Official Strategy Guide,Dan Birlew,4.29,744001404,9780740000000.0,eng,272,388,10,12/17/2001,BradyGames
31978,Ultimate X-Men  Vol. 14: Phoenix?,Robert Kirkman/Ben Oliver/Tom Raney,3.7,078512019X,9780790000000.0,eng,144,1409,28,10/04/2006,Marvel
31979,Astonishing X-Men  Volume 1: Gifted,Joss Whedon/John Cassaday,4.17,785115315,9780790000000.0,eng,152,24262,557,05/10/2006,Marvel
31980,Cross-X,Joe  Miller,3.8,374131945,9780370000000.0,eng,480,189,40,10/03/2006,Farrar Straus Giroux
31981,Astonishing X-Men  Volume 3: Torn,Joss Whedon/John Cassaday,4.24,785117598,9780790000000.0,eng,152,8900,241,2/14/2007,Marvel
31983,X/1999  Volume 01: Prelude,CLAMP,3.96,1569319499,9781570000000.0,eng,200,3138,68,4/30/2003,VIZ Media LLC
31985,X/1999  Volume 02: Overture,CLAMP/Fred Burke,4.03,1569319502,9781570000000.0,en-US,192,1092,10,4/30/2003,VIZ Media LLC
31992,鋼之鍊金術師 1,Hiromu Arakawa/荒川弘/方郁仁,4.5,9861146091,9789860000000.0,zho,183,9,1,06/01/2004,東立
31993,鋼之鍊金術師 6,Hiromu Arakawa/荒川弘/方郁仁,4.58,9861146148,9789860000000.0,zho,191,5,0,06/02/2004,東立
31994,鋼之鍊金術師 10,Hiromu Arakawa/荒川弘/方郁仁,4.6,9861156534,9789860000000.0,zho,188,3,0,3/23/2005,東立
31995,鋼之鍊金術師 4,Hiromu Arakawa/荒川弘/方郁仁,4.55,9861146121,9789860000000.0,zho,189,5,0,06/02/2004,東立
31996,鋼之鍊金術師 9,Hiromu Arakawa/荒川弘/方郁仁,4.57,9861156526,9789860000000.0,zho,184,4,0,12/16/2004,東立
31997,鋼之鍊金術師 5,Hiromu Arakawa/荒川弘/方郁仁,4.56,986114613X,9789860000000.0,zho,189,6,0,06/02/2004,東立
31998,鋼之鍊金術師 2,Hiromu Arakawa/荒川弘/方郁仁,4.52,9861146105,9789860000000.0,zho,185,5,0,06/01/2004,東立
31999,鋼之鍊金術師 7,Hiromu Arakawa/荒川弘/方郁仁,4.57,9861146156,9789860000000.0,zho,191,5,0,06/12/2004,東立
32016,The Gospel According to Job,Mike Mason,4.46,158134449X,9781580000000.0,eng,448,138,19,10/03/2002,Crossway Books
32039,Avid Editing: A Guide for Beginning and Intermediate Users,Sam Kauffmann,3.83,240805410,9780240000000.0,en-US,414,5,0,3/17/2003,Focal Press
32053,The Complete Poems (Poetry Library),D.H. Lawrence,4.01,1853264172,9781850000000.0,eng,704,1564,25,08/05/1994,Wordsworth Editions
32060,Complete Short Stories  Vol 2,D.H. Lawrence,4.03,670000965,9780670000000.0,en-GB,303,85,8,07/10/1961,Penguin/Viking Compass (Non-Classics)
32065,D.H. Lawrence and Italy: Twilight in Italy/Sea and Sardinia/Etruscan Places,D.H. Lawrence,3.68,141180307,9780140000000.0,eng,512,199,12,07/01/1997,Penguin Classics
32070,The Complete Poems,D.H. Lawrence/Vivian de Sola Pinto/Warren Roberts,4.01,140186573,9780140000000.0,eng,1088,62,3,01/01/1994,Penguin Classics
32071,Sons and Lovers,D.H. Lawrence/Geoff Dyer,3.63,375753737,9780380000000.0,eng,654,39333,1250,8/17/1999,Modern Library Classics
32075,The Woman Who Rode Away and Other Stories,D.H. Lawrence/Christa Jansohn,3.49,521294304,9780520000000.0,eng,556,27,1,08/08/2002,Cambridge University Press
32078,Amnesia Moon,Jonathan Lethem,3.49,015603154X,9780160000000.0,eng,256,2953,230,08/08/2005,Mariner Books
32080,Paul Revere's Ride,David Hackett Fischer,4.12,195098315,9780200000000.0,eng,464,3907,208,4/19/1995,Oxford University Press  USA
32082,The Great Wave: Price Revolutions and the Rhythm of History,David Hackett Fischer,3.97,019512121X,9780200000000.0,eng,552,204,33,11/11/1999,Oxford University Press  USA
32083,Growing Old in America: The Bland-Lee Lectures Delivered at Clark University,David Hackett Fischer,4.06,195023668,9780200000000.0,eng,252,17,1,04/01/1978,Oxford University Press  USA
32094,Nathaniel Hawthorne: The Scarlet Letter: Essays  Articles  Reviews,Elmer Kennedy-Andrews,3.38,231121911,9780230000000.0,eng,192,172,10,12/27/2000,Columbia University Press
32096,The All-True Travels and Adventures of Lidie Newton,Jane Smiley,3.57,449910830,9780450000000.0,eng,452,2149,256,12/29/1998,Ballantine Books
32097,The Age of Grief,Jane Smiley,3.81,385721870,9780390000000.0,eng,224,1389,123,06/11/2002,Anchor
32099,A Year at the Races: Reflections on Horses  Humans  Love  Money  and Luck,Jane Smiley,3.9,1400033179,9781400000000.0,eng,304,696,49,4/19/2005,Anchor
32102,Venetia,Georgette Heyer,4.1,373771665,9780370000000.0,eng,364,10067,789,10/24/2006,Hqn
32103,Lady of Quality,Georgette Heyer,3.88,99474468,9780100000000.0,eng,267,5927,458,06/02/2005,Arrow
32104,False Colours,Georgette Heyer,3.86,99476339,9780100000000.0,eng,303,4457,330,06/02/2005,Arrow
32105,Sylvester,Georgette Heyer/Joan Wolf,4.11,373836082,9780370000000.0,eng,410,10231,636,4/23/2004,Harlequin
32106,The Convenient Marriage,Georgette Heyer,3.68,99474425,9780100000000.0,eng,272,9272,861,01/06/2005,Arrow
32107,Sprig Muslin,Georgette Heyer,3.81,99476355,9780100000000.0,eng,268,5030,406,06/02/2005,Arrow
32108,The Talisman Ring,Georgette Heyer,4.02,99474395,9780100000000.0,eng,268,5550,478,01/06/2005,Arrow
32110,The Nonesuch,Georgette Heyer,4.04,99474387,9780100000000.0,eng,304,7204,460,01/06/2005,Arrow
32111,The Foundling,Georgette Heyer/Kay Hooper,3.87,373835493,9780370000000.0,eng,406,3716,270,3/25/2003,Harlequin
32113,Ali and Nino,Kurban Said/Jenia Graman,3.92,99283220,9780100000000.0,eng,237,147,22,10/05/2000,Vintage/Ebury
