bookID,title,authors,average_rating,isbn,isbn13,language_code,  num_pages,ratings_count,text_reviews_count,publication_date,publisher
14946,The Complete Shorter Fiction of Virginia Woolf,Virginia Woolf/Susan Dick,4.05,156212501,9780160000000.0,eng,345,747,36,06/01/1989,Mariner Books
14947,The Diary of Virginia Woolf  Volume Two: 1920-1924,Virginia Woolf/Anne Olivier Bell/Andrew McNeillie,4.37,156260379,9780160000000.0,eng,384,383,11,9/17/1980,Mariner Books
14948,A Writer's Diary,Virginia Woolf/Leonard Woolf,4.26,156027917,9780160000000.0,eng,355,3345,133,3/31/2003,Mariner Books
14951,The Autobiography of Alice B. Toklas,Gertrude Stein,3.59,141185368,9780140000000.0,eng,272,255,31,4/26/2001,Penguin Classics
14959,Strange Fits of Passion,Anita Shreve,3.76,156031396,9780160000000.0,eng,352,7423,390,10/04/2005,Mariner Books
14960,Eden Close,Anita Shreve,3.66,156031337,9780160000000.0,en-US,265,8661,447,10/04/2005,Mariner Books
14962,Where or When,Anita Shreve,3.3,156031272,9780160000000.0,eng,241,6343,551,10/04/2005,Mariner Books
14964,Body Surfing,Anita Shreve,3.32,316059854,9780320000000.0,eng,291,16371,1538,4/24/2007,Little  Brown and Company
14975,Labyrinth (Languedoc  #1),Kate Mosse,3.57,425213978,9780430000000.0,eng,515,40300,2498,02/06/2007,Berkley Books
14978,Labyrinth of Evil (Star Wars: The Dark Lord Trilogy  #1),James Luceno,3.84,345475739,9780350000000.0,eng,370,5701,215,9/27/2005,Del Rey Books
14981,Labyrinths: Selected Stories and Other Writings,Jorge Luis Borges/James E. Irby/Donald A. Yates/André Maurois,4.46,141184841,9780140000000.0,eng,287,934,82,9/28/2000,Penguin
14983,El laberinto,Kate Mosse/Claudia Conde,3.57,8408065874,9788410000000.0,spa,626,52,6,01/01/2006,Planeta Publishing
14990,Spook: Science Tackles the Afterlife,Mary Roach,3.58,393329127,9780390000000.0,en-US,311,30473,2399,9/26/2006,W.W. Norton & Company (NYC)
14995,Odd Thomas (Odd Thomas  #1),Dean Koontz,3.97,553384287,9780550000000.0,eng,446,227884,6253,8/29/2006,Bantam
14996,Brother Odd (Odd Thomas  #3),Dean Koontz,3.98,553804804,9780550000000.0,eng,364,54120,2053,11/28/2006,Bantam
15003,Rape: A Love Story,Joyce Carol Oates,3.57,786714824,9780790000000.0,eng,154,3604,364,12/21/2004,Carroll & Graf Publishers
15004,First Love: A Gothic Tale,Joyce Carol Oates/Barry Moser/Erhan Sunar,3.19,088001508X,9780880000000.0,eng,86,579,83,8/21/1997,Ecco
15012,The Haunted Screen: Expressionism in the German Cinema and the Influence of Max Reinhardt,Lotte H. Eisner,4.16,520024796,9780520000000.0,eng,360,274,10,01/07/1974,University of California Press
15014,Crucial Conversations: Tools for Talking When Stakes Are High,Kerry Patterson/Joseph Grenny/Ron McMillan/Al Switzler/Stephen R. Covey,4.03,71401946,9780070000000.0,eng,240,40400,2256,07/09/2002,McGraw-Hill Education
15015,Conversations with God: An Uncommon Dialogue  Book 1,Neale Donald Walsch,4.18,399142789,9780400000000.0,eng,240,26465,1276,10/29/1996,Berkley
15018,Conversations With God: An Uncommon Dialogue  Book 3,Neale Donald Walsch,4.21,1571741038,9781570000000.0,eng,392,14583,178,12/03/2005,Hampton Roads Publishing Company
15019,Conversations With God: An Uncommon Dialogue  Book 2,Neale Donald Walsch,4.13,1571740562,9781570000000.0,eng,263,21800,225,12/03/2005,Hampton Roads Publishing Company
15021,Naked Conversations: How Blogs Are Changing the Way Businesses Talk with Customers,Robert Scoble/Shel  Israel,3.72,047174719X,9780470000000.0,eng,251,547,32,01/01/2006,Wiley
15022,The Art of Civilized Conversation: A Guide to Expressing Yourself with Style and Grace,Margaret Shepherd/Penny Carter/Sharon Hogan,3.58,767921690,9780770000000.0,en-US,228,457,72,12/27/2005,Three Rivers Press (CA)
15023,Conversation: A History of a Declining Art,Stephen Miller,3.2,300110308,9780300000000.0,eng,368,95,16,03/11/2006,Yale University Press
15030,Bono: In Conversation with Michka Assayas,Michka Assayas,3.95,1573223093,9781570000000.0,en-US,336,1490,137,4/21/2005,Riverhead Hardcover
15034,Michael Powell: Interviews,David Lazar,3.95,1578064988,9781580000000.0,eng,186,20,1,03/03/2003,University Press of Mississippi
15044,Art and Lies,Jeanette Winterson,3.86,679762701,9780680000000.0,eng,240,3469,141,2/20/1996,Vintage
15045,Tanglewreck,Jeanette Winterson,3.46,1582349193,9781580000000.0,eng,415,1684,202,07/01/2006,Bloomsbury Children's Books
15046,Weight: The Myth of Atlas and Heracles,Jeanette Winterson,3.77,1841957186,9781840000000.0,eng,151,4326,392,10/05/2005,Canongate U.S.
15047,The Passion,Jeanette Winterson,4.11,802135226,9780800000000.0,eng,176,15572,1008,08/07/1997,Grove Press
15048,Art Objects: Essays on Ecstasy and Effrontery,Jeanette Winterson,4.05,679768203,9780680000000.0,eng,192,1760,100,02/04/1997,Vintage
15049,The World and Other Places: Stories,Jeanette Winterson,3.86,375702369,9780380000000.0,eng,240,1962,110,6/20/2000,Vintage
15050,Sexing the Cherry,Jeanette Winterson,3.81,802135781,9780800000000.0,eng,167,12684,627,08/10/1998,Grove Press
15052,Lighthousekeeping,Jeanette Winterson,3.85,156032899,9780160000000.0,eng,232,6229,497,04/03/2006,Mariner Books
15054,Written on the Body,Jeanette Winterson,4.07,679744479,9780680000000.0,eng,192,20951,1361,02/01/1994,Vintage
15058,I'm Telling You Stories: Jeanette Winterson and the Politics of Reading (Postmodern Studies 25),Helena Grice/Tim Woods,3.7,9042003405,9789040000000.0,eng,136,10,2,01/01/1998,Brill/Rodopi
15060,Easy Riders  Raging Bulls: How the Sex-Drugs-And-Rock-'N'-Roll Generation Saved Hollywood,Peter Biskind,4.12,747544212,9780750000000.0,eng,506,414,26,12/10/2014,Bloomsbury Publishing PLC
15066,It's Only a Movie  Ingrid: Encounters on and Off Screen,Alexander  Walker,3.8,747230218,9780750000000.0,eng,320,0,0,8/17/1989,Headline Book Publishing
15073,Portraits of Murder: 47 Short Stories Chosen by the Master of Suspense,Alfred Hitchcock/Don Tothe,3.89,883657279,9780880000000.0,en-US,512,81,7,08/01/2005,Galahad Books
15075,The Art of Alfred Hitchcock: Fifty Years of His Motion Pictures,Donald Spoto,4.08,385418132,9780390000000.0,en-US,496,468,18,12/01/1991,Anchor
15082,The Complete Films Of Alfred Hitchcock,Robert A. Harris/Michael S. Lasky,4,806524278,9780810000000.0,eng,256,18,0,12/01/2002,Citadel
15085,The Mystery of the Whispering Mummy (Alfred Hitchcock and The Three Investigators  #3),Robert Arthur/Alfred Hitchcock,3.84,394837681,9780390000000.0,en-US,185,81,1,09/12/1985,Random House Books for Young Readers
15087,Alfred Hitchcock and the Making of Psycho,Stephen Rebello,3.9,714530034,9780710000000.0,en-GB,224,13,0,01/01/1998,Marion Boyars Publishers Ltd
15096,Five Quarters of the Orange,Joanne Harris,3.85,60958022,9780060000000.0,eng,307,26258,1936,06/04/2002,Harper Perennial
15098,Five Quarters of the Orange,Joanne Harris,3.85,61214604,9780060000000.0,eng,336,582,74,01/02/2007,William Morrow Paperbacks
15100,Sleep  Pale Sister,Joanne Harris,3.28,60787112,9780060000000.0,en-US,396,2963,232,8/30/2005,William Morrow Paperbacks
15101,Blackberry Wine,Joanne Harris,3.8,380815923,9780380000000.0,eng,368,10721,617,12/23/2003,William Morrow Paperbacks
15102,Gentlemen and Players,Joanne Harris,3.91,60559144,9780060000000.0,eng,422,10511,1201,01/03/2006,William Morrow
15104,Blackberry Wine,Joanne Harris,3.8,552998001,9780550000000.0,eng,334,506,55,04/01/2001,Black Swan
15110,The Lollipop Shoes (Chocolat  #2),Joanne Harris,3.83,385609485,9780390000000.0,eng,464,200,27,05/02/2007,Doubleday
15111,The French Kitchen: A Cookbook,Joanne Harris/Fran Warde,4.09,385607016,9780390000000.0,eng,256,35,0,11/03/2003,Doubleday
15124,Holy Madness: The Shock Tactics Radical Teachings Crazy Wise Adepts Holy Fools Rascal Gurus,Georg Feuerstein/Roger Walsh,3.71,140193707,9780140000000.0,eng,320,16,2,10/01/1992,Penguin Books
15136,The Adventuress,Audrey Niffenegger,3.33,081097052X,9780810000000.0,eng,144,1058,148,09/01/2006,Abrams
15137,The Time Traveler's Wife,Audrey Niffenegger/William Hope/Laurel Lefkow,3.97,563504838,9780560000000.0,eng,5,17,0,08/01/2005,BBC Audiobooks
15138,La mujer del viajero en el tiempo,Audrey Niffenegger/Silvia Alemany,3.97,307344835,9780310000000.0,spa,608,20,2,12/06/2005,Random House Mondadori
15148,Ralph Ellison: A Biography,Arnold Rampersad,4.15,375408274,9780380000000.0,eng,657,182,24,4/24/2007,Knopf Publishing Group
15154,The Collectors (Camel Club  #2),David Baldacci,4.02,044653109X,9780450000000.0,en-US,438,34462,1410,10/18/2006,Warner Books
15157,Saving Faith,David Baldacci,3.88,446608890,9780450000000.0,eng,528,15509,671,09/01/2000,Vision
15160,Total Control,David Baldacci,4.08,033041965X,9780330000000.0,eng,613,86,6,08/01/2003,Pan Publishing
15167,She Got Up Off the Couch: And Other Heroic Acts from Mooreland  Indiana,Haven Kimmel,4.05,074328500X,9780740000000.0,en-US,313,8769,935,02/01/2007,Free Press
15168,Orville: A Dog Story,Haven Kimmel/Robert Andrew Parker,4.13,061815955X,9780620000000.0,en-US,32,159,39,9/22/2003,Clarion Books
15170,The Solace Of Leaving Early,Haven Kimmel,3.79,7152531,9780010000000.0,en-GB,315,87,15,11/03/2003,Flamingo
15173,The Used World,Haven Kimmel,3.63,743247787,9780740000000.0,eng,308,1398,249,9/18/2007,Free Press
15174,Something Rising,Haven Kimmel,3.61,743247779,9780740000000.0,eng,288,1237,154,04/05/2005,Free Press
15177,Bridge of Birds (The Chronicles of Master Li and Number Ten Ox  #1),Barry Hughart,4.29,345321383,9780350000000.0,eng,278,9010,944,04/12/1985,Del Rey
15186,American Film Guide,Frank N. Magill,0,893562505,9780890000000.0,eng,5,0,0,01/01/1983,Salem Press Inc
15190,Looking for God in Harry Potter,John Granger,4.13,1414306342,9781410000000.0,eng,234,1347,94,2/17/2006,SaltRiver
15194,Shades of Murder (Mitchell and Markby Village  #13),Ann Granger,3.88,747268037,9780750000000.0,eng,404,260,25,02/01/2001,Headline
15195,The Complete Maus,Art Spiegelman,4.55,141014083,9780140000000.0,eng,296,111475,5966,10/02/2003,Penguin Books
15196,Maus I: A Survivor's Tale: My Father Bleeds History (Maus  #1),Art Spiegelman,4.34,394541553,9780390000000.0,eng,159,203013,4873,11/01/1991,Pantheon Books
15209,Radical Chic & Mau-Mauing the Flak Catchers,Tom Wolfe,3.77,553380621,9780550000000.0,eng,144,2288,106,10/05/1999,Bantam
15211,Katz und Maus,Günter Grass,3.54,3423118229,9783420000000.0,ger,178,427,23,09/01/1999,Deutscher Taschenbuch Verlag
15216,Sorcery Rising (Fool's Gold  #1),Jude Fisher,3.56,756401100,9780760000000.0,en-US,528,1313,52,07/01/2003,DAW
15221,The Lord of the Rings: The Two Towers: Visual Companion,Jude Fisher/Viggo Mortensen,4.51,618258027,9780620000000.0,eng,72,4524,23,11/06/2002,Houghton Mifflin Harcourt
15225,In the Green Star's Glow (Green Star  #5),Lin Carter,3.51,879972165,9780880000000.0,eng,192,93,11,1/20/1976,DAW Books
15229,By the Light of the Green Star (Green Star  #3),Lin Carter,3.53,879971207,9780880000000.0,eng,175,102,10,7/16/1974,DAW
15232,The Lord of the Rings: A Reader's Companion,Wayne G. Hammond/Christina Scull,4.35,618642676,9780620000000.0,eng,416,4380,21,12/27/2005,Houghton Mifflin Harcourt
15239,The Lord of the Rings: Official Movie Guide,Brian Sibley,4.39,618154027,9780620000000.0,eng,120,6356,21,11/06/2001,Houghton Mifflin Harcourt
15241,The Two Towers (The Lord of the Rings  #2),J.R.R. Tolkien/Peter S. Beagle,4.44,618346260,9780620000000.0,eng,322,593467,5798,09/05/2003,Houghton Mifflin
15245,The Return of the King (The Lord of the Rings  #3),J.R.R. Tolkien,4.53,7171994,9780010000000.0,eng,554,265,5,11/06/2003,HarperCollins Publishers Ltd
15249,The Lord of the Rings: The Return of the King - Visual Companion,Jude Fisher,4.59,7116268,9780010000000.0,eng,72,26,3,11/06/2003,HarperCollins
15251,Death's Acre: Inside the Legendary Forensic Lab the Body Farm Where the Dead Do Tell Tales,William M. Bass/Jon Jefferson,4.19,425198324,9780430000000.0,eng,320,8481,451,10/05/2004,Berkley
15260,The Magical Worlds of Lord of the Rings: The Amazing Myths  Legends and Facts Behind the Masterpiece,David Colbert,4.08,425187713,9780430000000.0,eng,208,2073,50,10/01/2002,Berkley Trade
15273,The Rough Guide to Australia 7,Margo Daly/David Leffman/Anne Dehne/Chris   Scott,3.93,1843534754,9781840000000.0,eng,1256,8,1,10/01/2005,Rough Guides
15276,The Rough Guide to Vietnam,Rough Guides/Jan Dodd/Mark Lewis/Ron Emmons,3.89,1843536161,9781840000000.0,eng,639,34,3,10/01/2006,Rough Guides
15294,魔戒首部曲：魔戒現身,J.R.R. Tolkien/托爾金/Alan  Lee/朱學恆,4.36,9570823364,9789570000000.0,zho,608,26,0,12/20/2001,聯經出版事業股份有限公司
15295,A Gateway to Sindarin: A Grammar of an Elvish Language from J.R.R. Tolkien's Lord of the Rings,David Salo,3.73,874808006,9780870000000.0,en-US,438,7,0,11/08/2004,University of Utah Press
15298,The Return of the King (The Lord of the Rings  #3),J.R.R. Tolkien,4.53,618574972,9780620000000.0,en-US,508,1635,74,06/01/2005,Mariner Books
15309,The Laughing Corpse (Anita Blake  Vampire Hunter  #2),Laurell K. Hamilton,4.12,425204669,9780430000000.0,en-US,301,67686,1409,08/02/2005,Berkley
15312,What the Corpse Revealed,Hugh    Miller,3.79,312975732,9780310000000.0,eng,320,297,18,12/15/2000,St. Martin's True Crime
15314,Corpse: Nature  Forensics  and the Struggle to Pinpoint Time of Death,Jessica Snyder Sachs,3.93,738207713,9780740000000.0,eng,270,937,70,10/17/2002,Basic Books
15316,The Main Corpse (A Goldy Bear Culinary Mystery #6),Diane Mott Davidson,3.86,553574639,9780550000000.0,en-US,384,315,22,07/01/1997,Bantam
15318,魔戒二部曲：雙城奇謀,J.R.R. Tolkien/托爾金/Alan  Lee/朱學恆,4.44,9570823372,9789570000000.0,zho,467,24,0,12/20/2001,聯經出版事業股份有限公司
15320,Exquisite Corpse,Poppy Z. Brite,3.75,684836270,9780680000000.0,eng,240,8582,574,8/20/1997,Gallery Books
15330,The Return of the King (The Lord of the Rings  #3),Brian Sibley/J.R.R. Tolkien,4.35,563536594,9780560000000.0,eng,1,17,3,03/04/2002,BBC Audiobooks Ltd
15331,The Fellowship of the Ring (The Lord of the Rings  #1),J.R.R. Tolkien,4.36,618574948,9780620000000.0,eng,506,1323,121,06/01/2004,Houghton Mifflin Company
15336,The Lord of the Rings / The Hobbit,J.R.R. Tolkien,4.59,7144083,9780010000000.0,eng,1600,141,5,10/07/2002,Collins Modern Classics
15348,Bored of the Rings: A Parody of J.R.R. Tolkien's Lord of the Rings,The Harvard Lampoon/Henry N. Beard/Douglas C. Kenney,3.13,451452615,9780450000000.0,eng,149,4438,301,07/01/1993,Roc Trade
15351,The Return of the Shadow: The History of The Lord of the Rings  Part One (The History of Middle-Earth  #6),J.R.R. Tolkien/Christopher Tolkien,4.03,061808357X,9780620000000.0,eng,512,2343,92,09/01/2000,Houghton Mifflin
15361,Les Deux Tours (Le Seigneur des Anneaux  #2),J.R.R. Tolkien/Francis Ledoux,4.44,2266118013,9782270000000.0,fre,471,75,2,10/08/2001,Pocket
15369,The Lord of the Rings,J.R.R. Tolkien/Brian Sibley/Michael Bakewell/Stephen  Oliver/Ian Holm/Michael Hordern/Robert Stephens/John Le Mesurier/Peter Woodthorpe/Gerard  Murphy/Hugh Dickson/Peter Vaughan/Peter Howell,4.5,563494859,9780560000000.0,eng,15,2,0,10/06/2003,BBC Audiobooks
15373,The Return of the King (The Lord of the Rings  #3),J.R.R. Tolkien,4.53,965307794,9780970000000.0,eng,440,202,10,01/01/2001,Quality Paperback Book Club
15374,The Ice Storm,Rick Moody,3.66,316706000,9780320000000.0,eng,288,4592,334,04/10/2002,Back Bay Books
15375,The Diviners,Rick Moody,3.03,316013277,9780320000000.0,eng,592,508,65,01/02/2007,Back Bay Books
15378,Right Livelihoods: Three Novellas,Rick Moody,3.31,316166340,9780320000000.0,eng,240,223,47,06/01/2007,Little Brown and Company
15379,Black Veil: A Memoir with Digressions,Rick Moody,3.07,316578991,9780320000000.0,eng,336,402,38,05/06/2002,Little Brown and Company
15384,Garden State,Rick Moody,3.07,571200613,9780570000000.0,eng,212,714,49,8/19/2002,London : Faber  2002
15407,The Lord of the Rings Millennium Edition Boxed Set (The Lord of the Rings  #1-3),J.R.R. Tolkien,4.5,618037667,9780620000000.0,eng,1472,120,5,10/10/1999,Houghton Mifflin
15409,The Twenty-Seventh City,Jonathan Franzen,3.12,1841157481,9781840000000.0,en-GB,528,125,17,05/01/2003,HarperCollins Publishers
15420,Stork Naked (Xanth  #30),Piers Anthony,3.88,765304090,9780770000000.0,en-US,304,1833,31,10/31/2006,Tor Books
15425,Pet Peeve (Xanth #29),Piers Anthony,3.86,765343118,9780770000000.0,en-US,384,2273,35,10/01/2006,Tor Books
15428,Up in a Heaval (Xanth #26),Piers Anthony,3.83,812574990,9780810000000.0,eng,342,2364,25,10/19/2003,Tor Fantasy
15430,Roc and a Hard Place (Xanth #19),Piers Anthony,3.75,812534867,9780810000000.0,en-US,344,5832,36,10/15/1996,Tor Books
15436,Swell Foop (Xanth #25),Piers Anthony,3.78,812574745,9780810000000.0,eng,384,2866,30,10/13/2002,Tor Fantasy
15437,Being a Green Mother (Incarnations of Immortality  #5),Piers Anthony,3.96,727840010,9780730000000.0,eng,400,41,1,10/26/1989,Severn House
15438,Firefly,Piers Anthony,3.25,380759500,9780380000000.0,eng,466,2420,128,03/01/1992,Avon Books
15444,Yon Ill Wind (Xanth #20),Piers Anthony,3.76,812555104,9780810000000.0,eng,340,3804,37,10/15/1997,Tor Fantasy
15445,Vision of Tarot (Tarot  #2),Piers Anthony,3.47,441864619,9780440000000.0,en-US,260,1485,13,7/15/1987,Ace Books
15448,On a Pale Horse,Piers Anthony,4.13,345305183,9780350000000.0,eng,325,156,13,09/12/1984,Del Rey Books
15449,Vale of the Vole (Xanth #10),Piers Anthony,3.61,812574966,9780810000000.0,eng,304,9240,65,3/15/2000,Tor Fantasy
15452,The Dastard (Xanth #24),Piers Anthony,3.81,812574737,9780810000000.0,eng,384,3009,28,10/14/2001,Tor Books
15453,Demons Don't Dream (Xanth #16),Piers Anthony,3.8,812534832,9780810000000.0,en-US,352,7737,93,2/15/1994,Tor Fantasy
15460,The Color of Her Panties (Xanth #15),Piers Anthony,3.67,380759497,9780380000000.0,eng,342,7374,64,09/01/1992,Eos
15464,Faun & Games (Xanth #21),Piers Anthony,3.76,812555112,9780810000000.0,eng,352,4039,38,10/15/1997,Tor Fantasy
15466,Harpy Thyme (Xanth #17),Piers Anthony,3.72,812534840,9780810000000.0,en-US,352,6460,63,2/15/1995,Tor Books
15468,Geis of the Gargoyle (Xanth #18),Piers Anthony,3.71,812534859,9780810000000.0,en-US,342,5242,42,10/15/1995,Tor Fantasy
15472,Three Complete Xanth Novels (Xanth  #1-3),Piers Anthony,4.06,517122332,9780520000000.0,en-GB,774,64,1,02/11/1995,Wings
15474,God of Tarot (Tarot  #1),Piers Anthony,3.45,441294707,9780440000000.0,en-US,288,1737,36,03/01/1987,Ace
15490,Faith of Tarot (Tarot  #3),Piers Anthony,3.49,441225659,9780440000000.0,eng,304,1273,11,4/15/1987,Ace
15496,Unicorn Point (Apprentice Adept #6),Piers Anthony,3.8,441845630,9780440000000.0,eng,337,4820,27,01/01/1990,Ace Books
15497,Hard Sell,Piers Anthony,3.38,441317480,9780440000000.0,eng,268,700,14,05/01/1993,Ace
15498,Var the Stick (Battle Circle  #2),Piers Anthony,3.76,552097365,9780550000000.0,eng,172,762,13,3/21/1975,Corgi
15501,Xanth: The Quest for Magic (Xanth  #1-3),Piers Anthony,4.06,034545328X,9780350000000.0,en-US,784,4867,19,10/29/2002,Del Rey
15502,Killobyte,Piers Anthony,3.56,441444253,9780440000000.0,en-US,312,1549,47,01/01/1994,ACE
15509,Fractal Mode (Mode  #2),Piers Anthony,3.64,441251269,9780440000000.0,eng,344,3456,30,12/01/1992,Ace
15518,Anthonology,Piers Anthony,3.66,812531140,9780810000000.0,eng,384,710,18,4/15/1986,Tor Books
15521,I Maccabees,Jonathan  A. Goldstein/Anonymous,3.96,385085338,9780390000000.0,eng,592,8,0,6/16/1976,Anchor Bible
15529,II Maccabees,Anonymous/Jonathan  A. Goldstein,4.04,385048645,9780390000000.0,eng,595,24,2,10/11/1983,Anchor Bible
15534,Question Quest (Xanth #14),Piers Anthony,3.71,380759489,9780380000000.0,en-US,368,6894,73,10/01/1991,Avon
15535,Rings of Ice,Piers Anthony,3.34,380000369,9780380000000.0,eng,191,403,23,11/01/1987,Avon Books
15544,Shame of Man (Geodyssey  #2),Piers Anthony,3.84,312858116,9780310000000.0,eng,380,18,0,10/01/1994,Tor Books
15546,Magic Kingdom for Sale—Sold! (Magic Kingdom of Landover #1),Terry Brooks,3.89,345317572,9780350000000.0,eng,324,320,24,03/12/1986,Del Rey Books
15549,Armageddon's Children (Genesis of Shannara  #1),Terry Brooks,4.1,345484088,9780350000000.0,eng,371,12609,524,9/30/2006,Ballantine Books
15550,Straken (High Druid of Shannara  #3),Terry Brooks,4.04,345451139,9780350000000.0,eng,384,10276,126,8/15/2006,Del Rey
15552,Tanequil (High Druid of Shannara  #2),Terry Brooks,3.98,034543577X,9780350000000.0,eng,357,10750,106,8/30/2005,Del Rey Books
15553,The Voyage of the Jerle Shannara Trilogy (Voyage of the Jerle Shannara  #1-3),Terry Brooks,4.27,345492862,9780350000000.0,eng,1248,3088,39,11/14/2006,Del Rey
15555,The Heritage of Shannara (Heritage of Shannara  #1-4),Terry Brooks,4.29,345465547,9780350000000.0,eng,1238,3613,42,8/26/2003,Del Rey Books
15557,Jarka Ruus (High Druid of Shannara  #1),Terry Brooks,3.97,345483898,9780350000000.0,eng,416,12122,138,7/26/2005,Del Rey
15562,Ilse Witch (Voyage of the Jerle Shannara #1),Terry Brooks,3.96,743209516,9780740000000.0,eng,464,144,9,10/02/2000,Earthlight
15563,First King of Shannara (The Original Shannara Trilogy #0),Terry Brooks,3.96,345396537,9780350000000.0,eng,435,864,55,1/29/1997,Del Rey
15566,The Elf Queen of Shannara (Heritage of Shannara  #3),Terry Brooks,4.04,1857238273,9781860000000.0,eng,416,26676,188,03/04/1998,Orbit
15577,The Druids' Keep (The Sword of Shannara  #2),Terry Brooks,4.16,345461452,9780350000000.0,eng,240,3732,8,06/03/2003,Del Rey
15578,The Elfstones of Shannara (The Original Shannara Trilogy #2),Terry Brooks,3.97,345285549,9780350000000.0,eng,564,1691,152,10/10/2000,Del Rey Books
15580,In the Shadow of the Warlock Lord (The Sword of Shannara  #1),Terry Brooks,4.06,345461460,9780350000000.0,eng,240,6139,22,08/05/2009,Del Rey
15581,Ferdydurke,Witold Gombrowicz/Danuta Borchardt,3.86,300082401,9780300000000.0,eng,320,8193,198,08/11/2000,Yale University Press
15582,Cosmos and Pornografia: Two Novels,Witold Gombrowicz/Alastair Hamilton/Eric Mosbacher,4.12,802151590,9780800000000.0,eng,362,241,25,3/23/1994,Grove Press
15584,Cosmos,Witold Gombrowicz/Danuta Borchardt,4.03,300108486,9780300000000.0,eng,208,1896,129,10/10/2005,Yale University Press
15587,Bacacay,Witold Gombrowicz/Bill Johnston,3.94,097639507X,9780980000000.0,eng,275,491,28,05/01/2006,Archipelago Books
15592,McSweeney's #12,Dave Eggers/Roddy Doyle/McSweeney's Publishing,3.87,1932416064,9781930000000.0,eng,273,188,7,12/01/2003,McSweeney's
15594,A Midwife's Tale: The Life of Martha Ballard  Based on Her Diary  1785-1812,Laurel Thatcher Ulrich,4.01,679733760,9780680000000.0,eng,444,5149,633,12/22/1991,Vintage Books
15595,The Midwife's Apprentice,Karen Cushman,3.72,006440630X,9780060000000.0,eng,128,36039,1585,8/16/1996,HarperTrophy
15598,Heart & Hands: A Midwife's Guide to Pregnancy & Birth,Elizabeth  Davis/Suzanne Arms,4.37,1587612216,9781590000000.0,eng,312,875,43,11/01/2004,Celestial Arts
15599,A Midwife's Story,Sheryl Feldman/Penny Armstrong,4.07,1905177046,9781910000000.0,eng,194,1473,136,04/01/2007,Pinter & Martin Ltd
15600,The Midwife's Tale,Gretchen Moran Laskas,3.83,385335547,9780390000000.0,eng,256,705,99,03/02/2004,Delta
15603,Varney's Pocket Midwife,Jan M. Kriebs/Carolyn L. Gegor,4.06,763726710,9780760000000.0,eng,616,4,0,01/01/2005,Jones & Bartlett Publishers
15606,McSweeney's #24,Dave Eggers/Christopher R. Howard/Jonathan Ames/Joe Meno/Eric Hanson,3.8,1932416773,9781930000000.0,eng,300,277,31,5/28/2007,McSweeney's
15610,Billy Budd  Sailor and Other Uncompleted Writings,Herman Melville,3.11,810111136,9780810000000.0,eng,1016,9,1,12/15/2007,Northwestern University Press
15611,Billy Budd  Sailor,Herman Melville/Harrison Hayford/Merton M. Sealts Jr.,3.12,226321320,9780230000000.0,eng,230,228,26,09/01/2001,University of Chicago Press
15613,Billy Budd  Sailor,Herman Melville,3.12,1416523723,9781420000000.0,eng,160,12599,687,08/01/2006,Simon  Schuster
15617,The Outsider,Richard Wright,4.16,60539259,9780060000000.0,en-US,672,1779,76,7/29/2003,Harpperen
15622,Native Son,Richard Wright,3.99,006083756X,9780060000000.0,eng,504,75139,2987,08/02/2005,Harper Perennial Modern Classics
15624,Later Works: Black Boy (American Hunger) / The Outsider,Richard Wright/Arnold Rampersad,4.34,940450674,9780940000000.0,eng,887,53,7,10/01/1991,Library of America
15638,Cyrano de Bergerac,Edmond Rostand/Eteel Lawson/Lowell Bair,4.06,451528921,9780450000000.0,eng,240,62116,1119,08/05/2003,Signet Classics
15640,Cyrano de Bergerac,Edmond Rostand/Anthony Burgess,4.06,1854591177,9781850000000.0,eng,192,59,11,09/01/2003,Nick Hern Books
15647,The Inferno of Dante: A New Verse Translation (Bilingual Edition),Dante Alighieri/Robert Pinsky/Michael Mazur,4,374525315,9780370000000.0,mul,464,657,94,09/01/1997,Farrar  Straus and Giroux
15650,Batman: Inferno,Alexander C. Irvine,3.63,345479459,9780350000000.0,eng,339,348,24,10/31/2006,Del Rey
15651,Inferno (La Divina Commedia #1),Dante Alighieri/Ronald L. Martinez/Robert M. Durling/Robert Turner,4,195087445,9780200000000.0,eng,672,468,50,03/06/1997,Oxford University Press  USA
15652,Dante's Inferno,Dante Alighieri/Mark Musa,4,253209307,9780250000000.0,eng,432,43,6,6/22/1995,Indiana University Press
15654,The Stranger Beside Me: Ted Bundy: The Shocking Inside Story,Ann Rule,4.14,451203267,9780450000000.0,eng,548,54029,2779,06/01/2001,Signet
15655,The Kindness of Strangers,Katrina Kittle,4.02,60564784,9780060000000.0,en-US,400,11669,1418,01/02/2007,William Morrow Paperbacks
15667,Stranger in the Forest: On Foot Across Borneo,Eric Hansen,4.1,375724958,9780380000000.0,eng,288,1584,110,11/14/2000,Vintage
15669,Strangers In Paradise  Pocket Book 5,Terry Moore,4.38,1892597381,9781890000000.0,eng,392,999,24,12/14/2005,Abstract Studio
15672,The Strangers in the House,Georges Simenon/P.D. James/Geoffrey Sainsbury/David Watson,3.75,1590171942,9781590000000.0,eng,194,655,66,10/24/2006,NYRB Classics
15673,Wayside School Gets A Little Stranger (Wayside School  #3),Louis Sachar,4.19,747569118,9780750000000.0,eng,176,17980,416,04/01/2004,Bloomsbury U.S.A. Children's Books
15676,Strangers,Dean Koontz,4,425181111,9780430000000.0,eng,704,38693,590,10/01/2002,Berkley
15677,Strangers on a Train,Patricia Highsmith,3.78,393321983,9780390000000.0,eng,256,13041,1208,8/28/2001,W. W. Norton & Company
15678,Come a Stranger (Tillerman Cycle  #5),Cynthia Voigt,3.89,068980444X,9780690000000.0,eng,256,1742,79,11/01/1995,Simon Pulse
15680,Exile and the Kingdom,Albert Camus/Carol Cosman/Orhan Pamuk,3.89,307278581,9780310000000.0,eng,166,680,56,2/13/2007,Vintage
15682,A Happy Death,Albert Camus/Richard Howard/Jean Sarocchi,3.82,141186585,9780140000000.0,eng,144,6975,257,2/28/2002,Penguin Classics
15683,Lyrical and Critical Essays,Albert Camus/Ellen Conroy Kennedy/Philip Thody,4.27,394708520,9780390000000.0,eng,365,817,52,09/12/1970,Vintage
15688,L'Étranger,Albert Camus,3.98,2070360024,9782070000000.0,fre,184,13454,765,03/02/2000,Gallimard
15690,Outsider,Albert Camus,3.98,081912141X,9780820000000.0,eng,110,21,2,01/01/1983,University Press of America
15691,Caligula and Three Other Plays,Albert Camus,4.04,039440520X,9780390000000.0,fre,0,17,3,05/01/1966,Knopf
15692,The Possessed,Albert Camus/Justin O'Brien,3.83,039470245X,9780390000000.0,eng,190,325,22,03/12/1964,Vintage
15698,Caligula,Albert Camus/Pierre-Louis Rey/P. Morgan/E.T. Jones,4.08,2070386708,9782070000000.0,fre,224,6059,210,09/01/1993,Gallimard
15701,Introducing Camus,David Zane Mairowitz/Alain Korkos,3.8,1840460644,9781840000000.0,en-US,176,163,12,01/03/1998,Totem Books
15704,Notebooks  1935-1951,Albert Camus/Philip Thody/Justin O'Brien,4.28,1569246661,9781570000000.0,eng,496,553,12,09/01/1998,Marlowe & Company
15705,Existential Meditation,Simon Cleveland,4.91,1411665309,9781410000000.0,eng,100,11,3,12/22/2005,Lulu.com
15708,The Plague,Albert Camus/Robin Buss,3.98,141185139,9780140000000.0,eng,238,975,80,12/05/2002,Penguin
15714,Le mythe de Sisyphe,Albert Camus,4.15,2070322882,9782070000000.0,fre,187,851,49,2/21/1985,Gallimard
15719,Marvel 1602,Neil Gaiman/Andy Kubert/Richard Isanove/Peter Sanderson/Todd Klein,3.94,785123113,9780790000000.0,eng,248,48894,1354,08/02/2006,Marvel
15725,Galapagos: A Natural History,Michael H. Jackson,3.88,1895176409,9781900000000.0,eng,336,98,10,6/30/1994,University of Calgary Press
15731,Ecuador & the Galapagos Islands,Danny Palmerlee/Carolyn McCarthy/Michael Grosberg/Lonely Planet,3.89,174104295X,9781740000000.0,en-GB,440,66,8,08/01/2006,Lonely Planet
15734,Galápagos,Kurt Vonnegut Jr.,3.88,2246371929,9782250000000.0,fre,282,27,1,06/01/1994,Grasset
15735,Breakfast of Champions,Robert Egan/Kurt Vonnegut Jr.,4,573605734,9780570000000.0,eng,106,17,0,04/07/2017,Samuel French  Inc.
15740,Seabiscuit: The Saga of a Great Champion,B.K. Beckwith/Howard Brodie/Grantland Rice,4.47,1594160007,9781590000000.0,eng,64,22,0,08/01/2004,Westholme Publishing
15746,One Door Away from Heaven,Dean Koontz,3.97,553582755,9780550000000.0,eng,681,17959,555,10/29/2002,Bantam
15763,Dark Rivers of the Heart / Sole Survivor / Intensity,Dean Koontz,4.41,970998716,9780970000000.0,eng,700,602,10,10/25/2001,Bright Sky Press
15764,The Amateur Marriage,Anne Tyler,3.62,345472454,9780350000000.0,eng,342,12986,1112,1/31/2006,Ballantine Books
15766,El matrimonio amateur,Anne Tyler/Gemma Rovira,3.62,8466307605,9788470000000.0,spa,459,4,1,11/01/2006,Punto de Lectura
15773,Angel Christmas,Carole Nelson Douglas/Emma Merritt/Marilyn Campbell/Patricia Rice/Mary Balogh,3.49,451406281,9780450000000.0,eng,384,72,5,11/01/1995,Topaz
15779,Sideways Stories from Wayside School (Wayside School #1),Louis Sachar/Adam McCauley,4.15,747571775,9780750000000.0,eng,144,81090,1835,1/19/2004,Bloomsbury Childrens Books
15781,Sideways,Rex Pickett,3.69,312342519,9780310000000.0,eng,368,4494,522,10/01/2004,St. Martin's Griffin
15782,Sideways Arithmetic from Wayside School (Wayside School #2.5),Louis Sachar,3.88,747569126,9780750000000.0,eng,96,3708,74,05/01/2004,Bloomsbury U.S.A. Children's Books
15783,The Sideways Guide to Wine and Life,Alexander Payne/Jim     Taylor,4.38,1557046867,9781560000000.0,eng,64,8,0,5/25/2005,Newmarket Press
15785,More Sideways Arithmetic from Wayside School (Wayside School #2.6),Louis Sachar,3.92,747569134,9780750000000.0,eng,112,856,28,09/01/1994,Bloomsbury U.S.A. Children's Books
15786,Sideways: The Shooting Script,Alexander Payne/Jim     Taylor,4.21,1557046557,9781560000000.0,eng,192,101,3,12/08/2004,Newmarket Press
15788,White Man's Grave,Richard Dooling,3.94,031213214X,9780310000000.0,eng,400,367,48,3/15/1995,Picador USA
15796,Charms for the Easy Life,Kaye Gibbons,4.02,60760257,9780060000000.0,eng,272,11168,744,07/01/2005,Harper Perennial
15806,The Lovely Bones,Alice Sebold,3.81,316168815,9780320000000.0,en-US,328,5945,735,4/20/2004,Back Bay Books
15812,Hour Game (Sean King & Michelle Maxwell  #2),David Baldacci,3.97,140500522X,9781410000000.0,eng,437,15,2,1/21/2005,MacMillan
15817,House of Sand and Fog,Andre Dubus III/Fontaine Dollas Dubus,3.85,788759892,9780790000000.0,eng,15,108,19,01/01/1999,Recorded Books
15819,While I Was Gone,Sue Miller,3.69,345420748,9780350000000.0,eng,352,239,28,11/26/2002,Ballantine Books
15820,My War Gone by  I Miss It So,Anthony Loyd,4.29,552771333,9780550000000.0,en-GB,336,20,2,11/07/2000,Bantam Press
15824,Will You Miss Me When I'm Gone? The Carter Family and Their Legacy in American Music,Mark Zwonitzer/Charles Hirshberg,4.28,074324382X,9780740000000.0,eng,432,894,99,2/23/2004,Simon  Schuster
15826,Bird Songs: Of North America,Les Beletsky/Jon L. Dunn,4.48,1932855416,9781930000000.0,eng,368,273,30,9/28/2006,Chronicle Books
15827,National Geographic Field Guide to the Birds of North America,National Geographic Society/Jon L. Dunn/Jonathan Alderfer,4.38,792253140,9780790000000.0,eng,503,745,27,11/23/2006,National Geographic Society
15836,Fugitive Pieces,Anne Michaels,3.93,679776591,9780680000000.0,eng,304,12209,947,5/26/1998,Vintage
15846,Theories of Relativity,Barbara Haworth-Attard,3.91,805077901,9780810000000.0,eng,240,760,75,09/01/2005,Henry Holt and Co. (BYR)
15852,Relativity: The Special and the General Theory,Albert Einstein/Nigel Calder/Robert W. Lawson,4.18,143039822,9780140000000.0,eng,130,14068,344,7/25/2006,Penguin Classics
15855,Relativity: The Special and the General Theory: The Masterpiece Science Edition,Albert Einstein/Roger Penrose/Robert Geroch/David C. Cassidy,4.18,131862618,9780130000000.0,en-US,288,24,2,04/01/2005,Pi Press
15858,Mirror Mirror,Gregory Maguire,3.28,60988657,9780060000000.0,eng,280,28014,1512,10/01/2004,Regan Books
15859,Unnatural Exposure (Kay Scarpetta  #8),Patricia Cornwell,4.06,425163407,9780430000000.0,eng,367,725,33,07/01/1998,Berkley
15862,Estado De Miedo,Michael Crichton,3.7,9685959757,9789690000000.0,spa,685,2,0,6/30/2005,Plaza & Janés Mexico
15867,Mugglenet.Com's What Will Happen in Harry Potter 7: Who Lives  Who Dies  Who Falls in Love and How Will the Adventure Finally End?,Ben Schoen/Andy Gordon/Gretchen Stull/Emerson Spartz/Jamie Lawrence,4.23,1569755833,9781570000000.0,en-GB,216,9023,112,10/19/2006,Ulysses Press
15872,Harry Potter y el misterio del príncipe (Harry Potter  #6),J.K. Rowling/Gemma Rovira Ortega,4.57,8478889930,9788480000000.0,spa,602,5104,386,2/28/2006,Salamandra
15876,Harry Potter y la Orden del Fénix (Harry Potter  #5),J.K. Rowling,4.49,8478888845,9788480000000.0,spa,893,5637,458,2/21/2004,Emece Editores
15877,Ultimate Unofficial Guide to the Mysteries of Harry Potter: Analysis of Books 1-4,Galadriel Waters/Astre Mithrandir,4.05,972393617,9780970000000.0,en-US,412,2774,37,01/01/2003,Wizarding World Press
15880,Harrius Potter et Philosophi Lapis,J.K. Rowling/Peter Needham,4.47,1582348251,9781580000000.0,lat,249,195,24,07/07/2003,Bloomsbury
15881,Harry Potter and the Chamber of Secrets (Harry Potter  #2),J.K. Rowling/Mary GrandPré,4.42,439064864,9780440000000.0,eng,341,2293963,34692,06/02/1999,Arthur A. Levine Books / Scholastic Inc.
15882,Harrius Potter et Camera Secretorum,J.K. Rowling/Peter Needham,4.42,159990067X,9781600000000.0,lat,277,86,4,12/26/2006,Bloomsbury USA Children's Books
15887,La historia de la familia Roccamatio de Helsinki,Yann Martel/Bianca Southwood,3.48,8423338665,9788420000000.0,spa,91,14,2,01/01/2007,Destino Ediciones
15888,An Instance of the Fingerpost,Iain Pears,3.94,1573227951,9781570000000.0,eng,691,19134,1081,04/01/2000,Riverhead Books
15890,An Instance of the Fingerpost,Iain Pears,3.94,1573220825,9781570000000.0,eng,691,214,24,3/16/1998,Riverhead Books
15900,Tears of the Giraffe (No. 1 Ladies' Detective Agency  #2),Alexander McCall Smith,3.96,613647904,9780610000000.0,eng,256,29,9,09/03/2002,Turtleback
15901,Friends  Lovers  Chocolate (Isabel Dalhousie  #2),Alexander McCall Smith,3.62,375422994,9780380000000.0,eng,261,9901,747,9/20/2005,Pantheon Books
15902,The Right Attitude to Rain (Isabel Dalhousie  #3),Alexander McCall Smith,3.75,375423001,9780380000000.0,eng,276,7776,560,9/19/2006,Pantheon Books
15904,The Sunday Philosophy Club (Isabel Dalhousie  #1),Alexander McCall Smith,3.36,1400077095,9781400000000.0,eng,272,16314,1764,07/12/2005,Anchor
15905,The Finer Points of Sausage Dogs (Portuguese Irregular Verbs  #2),Alexander McCall Smith,3.69,1400095085,9781400000000.0,eng,128,4833,479,12/28/2004,Anchor
15910,Geisha: The Life  the Voices  the Art,Jodi Cobb/Ian Buruma,3.9,037570180X,9780380000000.0,eng,128,188,12,10/27/1998,Knopf
15923,True Believers (Gregor Demarkian  #17),Jane Haddam,3.88,312982860,9780310000000.0,eng,432,237,14,4/15/2002,Minotaur Books
15924,At First Sight (Jeremy Marsh & Lexie Darnell  #2),Nicholas Sparks,3.82,446698466,9780450000000.0,eng,204,68379,3083,09/05/2006,Grand Central Publishing
15925,The Guardian,Nicholas Sparks,4.15,446696110,9780450000000.0,eng,400,148042,4193,04/01/2005,Grand Central Publishing
15930,Wokini: A Lakota Journey to Happiness and Self-Understanding,Billy Mills/Nicholas Sparks,3.57,1561706604,9781560000000.0,eng,175,253,21,06/01/2003,Hay House
15931,The Notebook (The Notebook  #1),Nicholas Sparks,4.09,553816713,9780550000000.0,eng,214,1090603,15272,07/05/2004,Bantam
15937,À tout jamais,Nicholas Sparks,4.17,2266111108,9782270000000.0,fre,214,186,22,11/21/2002,Pocket
15948,Weg der Träume,Nicholas Sparks/Maja Ueberle-Pfaff,4.03,3453861906,9783450000000.0,ger,352,8,2,04/01/2003,Heyne
15952,Noches de tormenta,Nicholas Sparks/Isabel Margelí,3.84,8496544141,9788500000000.0,spa,190,22,5,06/01/2006,Roca Editorial
15956,True Believer,Nicholas Sparks,3.8,446532436,9780450000000.0,en-US,322,896,77,07/01/2009,Warner Books
15957,The Patron Saint of Liars,Ann Patchett,3.8,1841150509,9781840000000.0,eng,352,25342,2493,04/01/2003,HarperCollins Publishers
15962,Because It Is Bitter  and Because It Is My Heart,Joyce Carol Oates,3.89,452265819,9780450000000.0,eng,416,2690,133,3/30/1991,Plume
15966,The Female of the Species: Tales of Mystery and Suspense,Joyce Carol Oates,3.62,156030276,9780160000000.0,eng,275,1009,109,1/15/2007,Mariner Books
15967,The Falls,Joyce Carol Oates,3.58,60722290,9780060000000.0,eng,512,8278,748,08/02/2005,Harper Perennial
15971,The Assignation: Stories,Joyce Carol Oates,3.8,880014407,9780880000000.0,eng,208,337,23,08/01/1996,PerfectBound
15972,The Gravedigger's Daughter,Joyce Carol Oates,3.55,61236829,9780060000000.0,eng,582,7518,860,5/29/2007,Ecco
15973,Middle Age: A Romance,Joyce Carol Oates,3.58,60934905,9780060000000.0,eng,480,1650,199,10/01/2002,Ecco
15974,Black Water,Joyce Carol Oates,3.54,452269865,9780450000000.0,eng,160,5513,484,05/01/1993,Plume
15975,Blonde,Joyce Carol Oates/Claude Seban,3.99,2253152854,9782250000000.0,fre,1110,6903,522,4/30/2002,Le Livre de Poche
15977,The Museum of Dr. Moses: Tales of Mystery and Suspense,Joyce Carol Oates,3.4,151015317,9780150000000.0,en-US,229,778,122,08/06/2007,Houghton Mifflin Harcourt
15981,A Garden of Earthly Delights (Wonderland Quartet  #1),Joyce Carol Oates/Elaine Showalter,3.84,812968344,9780810000000.0,eng,406,1448,138,4/22/2003,Modern Library
15997,Paradise Lost,John Milton/John      Leonard,3.82,140424393,9780140000000.0,eng,453,113473,2598,2/27/2003,Penguin Classics
16004,Paradise Lost,John Milton/Philip Pullman,3.82,019280619X,9780190000000.0,eng,374,269,29,9/15/2005,Oxford University Press
16005,Paradise Lost,John Milton/Gordon Teskey,3.82,393924289,9780390000000.0,eng,590,1909,120,12/15/2004,W. W. Norton & Company
16006,Paradise (Second Opportunities  #1),Judith McNaught,4.31,743474163,9780740000000.0,eng,709,27430,1132,07/01/2003,Pocket Books
16007,Last Train to Paradise: Henry Flagler and the Spectacular Rise and Fall of the Railroad that Crossed an Ocean,Les Standiford,4.03,1400049474,9781400000000.0,eng,288,1776,282,08/05/2003,Broadway Books
16014,Milton's Paradise Lost,John Milton/Gustave Doré,3.82,1841932515,9781840000000.0,eng,384,118,10,8/14/2008,Booksales
16021,The Trouble with the Pears: An Intimate Portrait of Erzsebet Bathory,Gia Bathory Al Babel,2.55,1425910394,9781430000000.0,eng,272,33,7,2/14/2006,Authorhouse
16033,Mary Queen of Scotland and The Isles,Margaret George,4.05,312155859,9780310000000.0,eng,870,11523,507,4/15/1997,St. Martin's Griffin
16035,When the Elephants Dance,Tess Uriza Holthe,4.03,142002887,9780140000000.0,en-US,368,2627,382,6/24/2003,Penguin Books
16047,A Thread of Grace,Mary Doria Russell,4.02,449004139,9780450000000.0,eng,442,11782,1332,12/06/2005,Ballantine Books
16051,The Piano Shop on the Left Bank: Discovering a Forgotten Passion in a Paris Atelier,Thad Carhart,3.95,375758623,9780380000000.0,eng,281,4151,521,03/12/2002,Random House Trade
16059,The Dive From Clausen's Pier,Ann Packer,3.42,375727132,9780380000000.0,eng,432,19844,1747,04/08/2003,Vintage
16063,The Dive from Clausen's Pier,Ann Packer,3.42,749933631,9780750000000.0,eng,368,60,8,3/27/2003,Piatkus
16074,A Dubious Codicil,Michael Wharton,3.25,701130644,9780700000000.0,eng,224,3,0,3/15/1991,Random House UK Distribution
16076,The Awakening and Selected Stories,Kate Chopin/Cynthia Brantley Johnson/Alyssa  Harad,3.92,743487672,9780740000000.0,eng,296,9459,194,07/01/2004,Simon  Schuster
16077,Complete Novels and Stories,Kate Chopin/Sandra M. Gilbert,4.28,1931082219,9781930000000.0,eng,1075,506,24,9/30/2002,Library of America
16085,Beowulf & Grendel: The Truth Behind England's Oldest Legend,John Grigsby,3.57,1842931539,9781840000000.0,en-US,246,47,11,10/10/2005,Watkins Publishing
16091,Grendel: Devil by the Deed,Matt Wagner/Rich Rankin/Chris Pitzer/Diana Schutz,4.08,159307736X,9781590000000.0,eng,48,539,29,3/27/2007,Dark Horse Comics
16093,Fuselfieber,David Sedaris/Harry Rowohlt,3.79,3453198255,9783450000000.0,ger,320,14,0,04/01/2002,Diana TB
16102,Mi vida en rose,David Sedaris,3.99,8497934903,9788500000000.0,spa,240,5,2,11/15/2004,Debolsillo
16111,A Dance to the Music of Time: 4th Movement (A Dance to the Music of Time  #10-12),Anthony Powell,4.22,226677184,9780230000000.0,eng,793,1145,77,5/31/1995,University of Chicago Press
16112,Anthony Powell: A Life,Michael   Barber,3.72,1585677108,9781590000000.0,eng,352,39,8,12/27/2005,Harry N. Abrams
16113,A Dance to the Music of Time: 1st Movement (A Dance to the Music of Time  #1-3),Anthony Powell,3.95,226677141,9780230000000.0,eng,718,3817,271,5/31/1995,University of Chicago Press
16114,A Dance to the Music of Time: 3rd Movement (A Dance to the Music of Time  #7-9),Anthony Powell,4.26,226677176,9780230000000.0,eng,715,1289,83,5/31/1995,University of Chicago Press
16115,A Dance to the Music of Time: 2nd Movement (A Dance to the Music of Time  #4-6),Anthony Powell,4.29,226677168,9780230000000.0,eng,722,1237,87,6/15/1995,University of Chicago Press
16121,Titan: The Life of John D. Rockefeller  Sr.,Ron Chernow,4.2,1400077303,9781400000000.0,eng,832,15971,812,3/30/2004,Vintage
16130,Alexander Hamilton,Ron Chernow,4.23,143034758,9780140000000.0,eng,818,97099,6149,3/29/2005,Penguin Books
16131,The House of Morgan: An American Banking Dynasty and the Rise of Modern Finance,Ron Chernow,4.07,802138292,9780800000000.0,eng,812,5110,281,9/20/2001,Grove Press
16141,Ego and Hubris: The Michael Malice Story,Harvey Pekar/Gary Dumm,3.67,345479394,9780350000000.0,eng,160,390,57,04/11/2006,Ballantine Books
16148,Empire of the Senseless,Kathy Acker,3.49,802131794,9780800000000.0,eng,240,1487,78,1/13/1994,Grove Press
16151,Great Expectations,Kathy Acker,3.59,802131557,9780800000000.0,eng,128,740,38,1/18/1994,Grove Press
16172,Desert Queen: The Extraordinary Life of Gertrude Bell: Adventurer  Adviser to Kings  Ally of Lawrence of Arabia,Janet Wallach,3.92,1400096197,9781400000000.0,eng,464,2944,499,07/12/2005,Anchor
16175,Queen of the Scene,Queen Latifah/Frank Morrison,4.06,60778563,9780060000000.0,en-US,32,94,18,9/26/2006,HarperCollins
16176,The Red Queen: Sex and the Evolution of Human Nature,Matt Ridley,4.04,60556579,9780060000000.0,eng,405,13491,506,4/29/2003,Harper Perennial (HarperCollins)
16177,The Sweet Potato Queens' Big-Ass Cookbook (and Financial Planner),Jill Conner Browne,4.02,060980877X,9780610000000.0,en-US,288,1958,142,01/07/2003,Three Rivers Press (CA)
16178,Dairy Queen (Dairy Queen  #1),Catherine Gilbert Murdock,3.74,618683070,9780620000000.0,eng,275,25441,2241,5/22/2006,Houghton Mifflin
16179,Sex with the Queen: 900 Years of Vile Kings  Virile Lovers  and Passionate Politics,Eleanor Herman,3.91,60846739,9780060000000.0,en-US,336,3808,315,04/11/2006,William Morrow
16180,The Boleyn Inheritance (The Plantagenet and Tudor Novels  #10),Philippa Gregory,3.87,743272501,9780740000000.0,eng,518,68763,3394,12/05/2006,Atria Books
16181,The Constant Princess (The Plantagenet and Tudor Novels  #6),Philippa Gregory,3.9,743272498,9780740000000.0,eng,390,136931,3915,09/06/2006,Washington Square Press
16182,The Favored Child (The Wideacre Trilogy  #2),Philippa Gregory,3.62,743249305,9780740000000.0,eng,624,9643,451,07/02/2003,Washington Square Press
16183,The Virgin's Lover (The Plantagenet and Tudor Novels  #13),Philippa Gregory,3.71,743269268,9780740000000.0,eng,441,43749,1967,09/07/2005,Washington Square Press
16184,Virgin Earth  (Tradescant  #2),Philippa Gregory,3.62,743272536,9780740000000.0,en-US,661,4469,272,04/05/2006,Washington Square Press
16185,The Wise Woman,Philippa Gregory,3.32,6514642,9780010000000.0,eng,640,6774,529,02/01/2002,HarperCollins Publishers
16186,Meridon (The Wideacre Trilogy  #3),Philippa Gregory,3.68,743249313,9780740000000.0,eng,569,8842,380,07/02/2003,Washington Square Press
16187,The Little House,Philippa Gregory,3.68,6496431,9780010000000.0,eng,368,1910,237,02/01/1998,HarperCollins Publishers
16188,Wideacre  (The Wideacre Trilogy  #1),Philippa Gregory,3.3,743249291,9780740000000.0,eng,656,18944,1547,07/02/2003,Washington Square Press
16191,Un café lejos de aquí,Z.Z. Packer/María Pérez López de Heredia,3.84,8496454339,9788500000000.0,spa,283,8,0,07/01/2006,Tropismos
16192,You Can't Be Neutral on a Moving Train: A Personal History of Our Times,Howard Zinn,4.3,807071277,9780810000000.0,eng,214,2543,141,09/05/2002,Beacon Press
16193,Declarations of Independence: Cross-Examining American Ideology,Howard Zinn,4.26,60921080,9780060000000.0,eng,341,732,25,10/23/1991,Harper Perennial
16199,Citas Celestiales,Alexander McCall Smith/Marta Torent López de Lamadrid,3.16,8489367159,9788490000000.0,spa,190,1,0,11/01/2006,Umbriel
16200,Ella Minnow Pea: A Novel in Letters,Mark Dunn,3.85,385722435,9780390000000.0,eng,208,23926,4356,9/17/2002,Anchor
16205,Daisy Miller and Other Stories,Henry James/Jean Gooder,3.52,192835432,9780190000000.0,eng,352,558,40,11/19/1998,Oxford University Press
16208,The Turn of the Screw/Daisy Miller,Henry James,3.61,440391547,9780440000000.0,eng,192,959,55,08/01/1954,Laurel
16213,The Hot Zone: The Terrifying True Story of the Origins of the Ebola Virus,Richard Preston,4.12,385495226,9780390000000.0,eng,352,85408,4334,6/15/1999,Anchor Books
16214,The Hot Zone: The Chilling True Story of an Ebola Outbreak,Richard   Preston,4.12,552143030,9780550000000.0,eng,384,163,26,08/01/1995,Corgi
16228,Gardening with a Wild Heart: Restoring California's Native Landscapes at Home,Judith Larner Lowry,4.29,520251741,9780520000000.0,eng,267,12,2,3/19/2007,University of California Press
16229,Teacher's Pet (Wild at Heart  #7),Laurie Halse Anderson,4.05,1584850558,9781580000000.0,en-US,128,170,5,12/31/2001,American Girl Publishing Inc
16230,Homeless (Wild at Heart  #2),Laurie Halse Anderson/Mark Salisbury,4.06,1584850450,9781580000000.0,eng,126,415,32,6/29/2000,American Girl Publishing Inc
16234,Hear the Wind Blow,Mary Downing Hahn,4.07,618181903,9780620000000.0,eng,224,266,45,5/19/2003,Clarion Books
16243,Case Histories (Jackson Brodie #1),Kate Atkinson,3.83,316010707,9780320000000.0,eng,389,67271,5246,10/17/2005,Back Bay Books
16245,Three Case Histories,Sigmund Freud/Philip Rieff,3.9,684829452,9780680000000.0,eng,282,622,21,11/01/1996,Touchstone
16267,Michael Tolliver Lives (Tales of the City  #7),Armistead Maupin,3.93,60761350,9780060000000.0,en-US,277,583,82,06/12/2007,Harper
16268,Back to Barbary Lane: The Tales of the City Omnibus (Tales of the City  #4-6),Armistead Maupin,4.44,60166495,9780060000000.0,eng,720,514,11,11/26/1991,Harper
16271,The Intuitionist,Colson Whitehead,3.68,385493002,9780390000000.0,eng,255,7473,903,01/04/1999,Anchor Books
16276,John Henry Days,Colson Whitehead,3.65,385498209,9780390000000.0,eng,400,1940,186,5/14/2002,Anchor
16280,Why Are All The Black Kids Sitting Together in the Cafeteria?: A Psychologist Explains the Development of Racial Identity,Beverly Daniel Tatum,4.21,465083617,9780470000000.0,en-US,320,9845,703,1/17/2003,Basic Books
16285,The Custard Kid (Black Cats),Terry Deary,4.4,713659890,9780710000000.0,eng,62,5,0,10/31/2001,A & C Black (Childrens books)
16286,The Magus,John Fowles,4.05,316296198,9780320000000.0,eng,656,38247,1915,01/04/2001,Back Bay Books
16291,The Magus of Freemasonry: The Mysterious Life of Elias Ashmole—Scientist  Alchemist  and Founder of the Royal Society,Tobias Churton,4.1,1594771227,9781590000000.0,eng,303,28,5,6/27/2006,Inner Traditions
16292,The Myth of the Magus (Canto Original),Elizabeth M. Butler,3.73,521437776,9780520000000.0,eng,320,27,2,4/15/1993,Cambridge University Press
16297,Cards on the Table (Hercule Poirot  #15),Agatha Christie,3.92,425205959,9780430000000.0,eng,324,25236,1046,07/05/2005,Berkley
16298,A Murder Is Announced (Miss Marple  #5),Agatha Christie,3.98,1579126294,9781580000000.0,eng,288,33195,1220,9/30/2006,Black Dog & Leventhal Publishers
16299,And Then There Were None,Agatha Christie,4.26,312330871,9780310000000.0,eng,264,625767,18785,05/03/2004,St. Martin's Press
16300,Sleeping Murder (Miss Marple  #13),Agatha Christie,3.95,2317850,9780000000000.0,eng,242,19657,884,08/04/2003,Dodd Mead; 1st edition (September 1976)
16301,Agatha Christie: An Autobiography,Agatha Christie/Robert Welch Herrick,4.27,6353282,9780010000000.0,eng,560,4296,310,01/02/2001,HarperCollins
16304,Murder on the Orient Express (Hercule Poirot  #10),Agatha Christie,4.17,425200450,9780430000000.0,eng,322,145660,5711,8/31/2004,Berkley
16305,Evil Under the Sun (Hercule Poirot  #24),Agatha Christie,3.97,1579126286,9781580000000.0,eng,220,36334,975,09/01/2006,Black Dog & Leventhal Publishers
16307,Hallowe'en Party (Hercule Poirot  #39),Agatha Christie,3.66,7120680,9780010000000.0,eng,336,20656,1246,09/03/2001,Harper
16312,One  Two  Buckle My Shoe (Hercule Poirot  #23),Agatha Christie/Hugh Fraser,3.76,1572703857,9781570000000.0,eng,0,14388,411,3/16/2004,HarperCollins Publishers
16313,A Caribbean Mystery,Agatha Christie/Rosalind Ayres,3.8,1572705493,9781570000000.0,eng,0,49,10,10/09/2006,Audiogo
16315,Crooked House,Agatha Christie,4.04,031298166X,9780310000000.0,eng,276,24849,1429,8/19/2002,Minotaur Books
16319,The Body in the Library (Miss Marple  #3),Agatha Christie,3.85,157912626X,9781580000000.0,eng,191,46454,1675,09/01/2006,Black Dog & Leventhal Publishers
16320,Witness for the Prosecution and Selected Plays,Agatha Christie,4.05,000649045X,9780010000000.0,eng,352,3967,67,10/07/1995,HarperCollins Publishers Ltd
16322,The A.B.C. Murders (Hercule Poirot  #13),Agatha Christie,4.01,1579126243,9781580000000.0,eng,252,69806,2470,09/01/2006,Black Dog & Leventhal Publishers
16325,Partners in Crime (Tommy and Tuppence #2),Agatha Christie,3.77,7111509,9780010000000.0,eng,347,10106,520,01/01/2001,HarperCollins Publishers
16328,The Murder of Roger Ackroyd (Hercule Poirot  #4),Agatha Christie,4.24,1579126278,9781580000000.0,eng,288,103149,5659,09/01/2006,Black Dog & Leventhal Publishers
16329,Dead Man's Folly (Hercule Poirot  #33),Agatha Christie/David Suchet,3.79,1572705477,9781570000000.0,eng,6,12256,393,09/08/2006,BBC Audiobooks
16330,Poirot's Early Cases: 18 Hercule Poirot Mysteries (Hercule Poirot  #41),Agatha Christie/Hugh Fraser/David Suchet,3.92,1572704721,9781570000000.0,eng,8,5473,144,7/26/2005,AudioGO
16331,Murder at the Vicarage (Miss Marple  #1),Agatha Christie,4.05,1579126251,9781580000000.0,eng,288,121099,2237,09/01/2006,Black Dog & Leventhal Publishers
16334,The Listerdale Mystery And Eleven Other Stories,Agatha Christie/Hugh Fraser,3.56,1572704977,9781570000000.0,eng,0,1824,89,01/11/2006,AudioGO
16335,The Mystery of the Blue Train (Hercule Poirot  #6),Agatha Christie,3.8,1579126952,9781580000000.0,eng,317,23274,1053,3/30/2007,Black Dog & Leventhal Publishers
16336,The Unexpected Guest: A Play In Two Acts,Agatha Christie,3.83,573014671,9780570000000.0,eng,100,2813,167,11/12/2010,Samuel French Ltd
16340,After the Funeral,Agatha Christie,3.87,2310198,9780000000000.0,eng,251,47,4,07/02/2001,HarperCollins
16342,Cat Among the Pigeons (Hercule Poirot  #34),Agatha Christie,3.83,425205967,9780430000000.0,eng,352,21230,735,07/05/2005,Berkley
16343,The Mysterious Affair at Styles (Hercule Poirot  #1),Agatha Christie,3.99,646418432,9780650000000.0,eng,121,196377,3885,10/21/2002,Deodand
16347,Absent in the Spring and Other Novels (Mary Westmacott Omnibus  #1--Absent in the Spring  Giant's Bread  The Rose and the Yew Tree),Mary Westmacott/Agatha Christie,4.18,312273223,9780310000000.0,eng,656,97,11,9/22/2001,Minotaur Books
16349,Hercule Poirot's Christmas (Hercule Poirot  #20),Agatha Christie,3.94,7120699,9780010000000.0,eng,335,26085,1497,09/01/2001,HarperCollins Publishers
16352,Black Coffee (Hercule Poirot  #45.5),Charles Osborne/Agatha Christie,3.5,312970072,9780310000000.0,eng,304,10356,622,9/15/1999,St. Martin's Paperbacks
16357,Hercule Poirot's Christmas: A BBC Radio 4 Full-Cast Dramatisation,Agatha Christie/Michael Bakewell/Peter Sallis/Cyril Luckham/Edward De Souza/Rachel Gurney/Nicky Henson/Deryck Guyler,3.94,563535113,9780560000000.0,eng,2,52,8,11/05/2001,BBC Audiobooks
16364,Murder on the Orient Express (Hercule Poirot  #10),Agatha Christie,4.17,1579126235,9781580000000.0,eng,266,1520,238,09/01/2006,Black Dog & Leventhal Publishers
16369,Death on the Nile (Hercule Poirot  #17),Agatha Christie,4.1,1579126898,9781580000000.0,eng,351,674,91,3/30/2007,Black Dog & Leventhal Publishers
16371,Mrs. McGinty's Dead (Hercule Poirot  #30),Agatha Christie,3.83,7121008,9780010000000.0,eng,328,572,74,07/01/2002,HarperCollins Publishers
16374,The Most of P.G. Wodehouse,P.G. Wodehouse,4.48,743203585,9780740000000.0,eng,701,1872,106,11/01/2000,Simon & Schuster
16376,Full Moon (Blandings Castle  #7),P.G. Wodehouse,4.17,1585678368,9781590000000.0,eng,272,1860,131,11/23/2006,Harry N. Abrams
16377,How Right You Are  Jeeves (Jeeves  #12),P.G. Wodehouse,4.17,743203593,9780740000000.0,eng,206,2769,156,11/01/2000,Touchstone
16379,Life With Jeeves (Jeeves  #6  2  & 4),P.G. Wodehouse,4.39,140059024,9780140000000.0,eng,557,3169,137,9/29/1983,Penguin Books
16384,Spring Fever,P.G. Wodehouse,4.05,158567575X,9781590000000.0,eng,276,483,31,10/21/2004,Harry N. Abrams
16387,Carry On  Jeeves (Jeeves  #3),P.G. Wodehouse,4.27,1585673927,9781590000000.0,eng,273,15598,771,3/31/2003,The Overlook Press
16388,Lord Emsworth and Others (Blandings Castle  #5.5),P.G. Wodehouse,4.16,1585672777,9781590000000.0,eng,268,1099,77,5/13/2002,The Overlook Press
16390,The Mating Season (Jeeves  #9),P.G. Wodehouse,4.26,1585672319,9781590000000.0,eng,272,4616,287,01/01/2002,Harry N. Abrams
16392,Thank You  Jeeves (Jeeves  #5),P.G. Wodehouse,4.24,1585674346,9781590000000.0,eng,263,5700,308,9/15/2003,Harry N. Abrams
16393,Big Money,P.G. Wodehouse,3.93,014000937X,9780140000000.0,eng,288,1117,78,09/03/1991,Penguin Books
16394,Much Obliged  Jeeves,P.G. Wodehouse,4.23,1585675261,9781590000000.0,eng,208,701,64,04/12/2004,Harry N. Abrams
16396,The Inimitable Jeeves (Jeeves  #2),P.G. Wodehouse,4.24,140284125,9780140000000.0,eng,240,7442,320,06/01/2000,Penguin Books
16398,Thank You  Jeeves,P.G. Wodehouse/Jonathan Cecil,4.24,1572704616,9781570000000.0,eng,6,66,23,5/26/2005,AudioGO
16400,Money in the Bank,P.G. Wodehouse,4.13,1585676578,9781590000000.0,eng,290,321,27,04/07/2005,Harry N. Abrams
16401,The Luck of the Bodkins,P.G. Wodehouse,4.08,1585673366,9781590000000.0,eng,358,1290,88,10/23/2002,Harry N. Abrams
16414,Joy in the Morning,P.G. Wodehouse/Chris Miller,4.34,563557354,9780560000000.0,eng,2,49,7,04/06/1998,BBC Audiobooks
16425,The Labours of Hercules (Hercule Poirot  #27),Agatha Christie/Hugh Fraser,3.78,1572704578,9781570000000.0,eng,9,11167,297,7/13/2005,AudioGO
16427,Dead Man's Folly (Hercule Poirot  #33),Agatha Christie,3.79,7121075,9780010000000.0,eng,288,619,75,07/01/2008,HarperCollins Publishers
16428,Hercule Poirot's Casebook (Hercule Poirot  #42),Agatha Christie,4.31,399150218,9780400000000.0,eng,861,1865,52,12/01/1998,G.P. Putnam's Sons
16429,The Husband,Dean Koontz,3.8,553804790,9780550000000.0,eng,400,39604,1527,5/30/2006,Bantam
16430,City of Night (Dean Koontz's Frankenstein  #2),Dean Koontz/Ed Gorman,3.98,553587897,9780550000000.0,en-US,455,1060,116,7/26/2005,Bantam Books
16431,Sole Survivor,Dean Koontz,3.78,553589490,9780550000000.0,eng,403,23244,547,7/25/2006,Bantam Books
16433,Forever Odd (Odd Thomas  #2),Dean Koontz,3.97,553588265,9780550000000.0,eng,364,61555,2263,10/31/2006,Bantam Books
16435,Life Expectancy,Dean Koontz,4.01,553588249,9780550000000.0,eng,476,26983,1568,10/25/2005,Bantam Books
16441,The Raphael Affair (Jonathan Argyll  #1),Iain Pears,3.54,425178927,9780430000000.0,eng,257,102,10,02/01/2001,Berkley Books
16442,The Dream of Scipio,Iain Pears,3.73,1573229865,9781570000000.0,eng,416,3311,320,06/03/2003,Riverhead Books
16448,Welcome to the Great Mysterious,Lorna Landvik,3.78,345442741,9780350000000.0,eng,368,2432,202,01/02/2002,Ballantine Books
16449,Oh My Stars,Lorna Landvik,3.89,345468368,9780350000000.0,eng,416,5500,514,2/28/2006,Ballantine Books
16450,Your Oasis on Flame Lake,Lorna Landvik,3.59,449002985,9780450000000.0,eng,320,2194,129,6/16/1998,Ballantine Books
16451,Patty Jane's House of Curl,Lorna Landvik/Mechtild Sandberg-Ciletti/Mechtild Ciletti,3.86,804114609,9780800000000.0,eng,304,8950,505,6/28/1999,Ivy Books
16452,The Tall Pine Polka / Your Oasis on Flame Lake,Lorna Landvik,3.99,345487664,9780350000000.0,eng,752,177,7,10/04/2005,Ballantine Books
16459,Anne's House Of Dreams,L.M. Montgomery,4.14,1406942359,9781410000000.0,eng,192,2,0,11/03/2006,Hard Press
16464,Poirot: The Complete Ariadne Oliver  Vol. 2,Agatha Christie,4.21,7190689,9780010000000.0,en-US,727,85,4,06/01/2005,HarperCollins Publishers
16468,The Phantom Tollbooth,Norton Juster/Jules Feiffer,4.21,375806709,9780380000000.0,en-US,256,871,56,05/09/2000,Random House Books for Young Readers
16477,The Sixth Book of Lost Swords: Mindsword's Story (Lost Swords  #6),Fred Saberhagen,3.81,812511182,9780810000000.0,eng,250,1247,9,6/15/1991,Tom Doherty Associates
16478,The Fourth Book of Lost Swords: Farslayer's Story (Lost Swords  #4),Fred Saberhagen,3.84,812552849,9780810000000.0,en-US,252,1784,8,3/15/1990,Tor Books
16479,Berserkers: The Beginning (Berserkers  #1 & #5),Fred Saberhagen,3.7,671878840,9780670000000.0,eng,377,232,23,06/01/1998,Baen
16480,The Last Book of Swords: Shieldbreaker's Story (Lost Swords  #8),Fred Saberhagen,3.88,812505778,9780810000000.0,en-US,255,1233,11,6/15/1995,Tor Fantasy
16501,Ariadne's Web (Book of the Gods  #2),Fred Saberhagen,3.67,812590465,9780810000000.0,eng,432,172,3,1/15/2001,Tor Fantasy
16503,The Arms of Hercules (Book of the Gods  #3),Fred Saberhagen,3.7,812566807,9780810000000.0,eng,352,150,1,4/15/2002,Tor Books
16514,Berserker: Blue Death (Berserker  #8),Fred Saberhagen,3.71,812553292,9780810000000.0,en-US,282,254,8,9/28/1987,Tor Books
16527,Daughter of Fortune,Isabel Allende/Margaret Sayers Peden,3.91,61120251,9780060000000.0,eng,432,97539,2733,05/02/2006,Harper Perennial
16528,My Invented Country: A Nostalgic Journey Through Chile,Isabel Allende,3.85,006054564X,9780060000000.0,en-US,199,4844,359,5/27/2003,Harper
16530,Aphrodite: A Memoir of the Senses,Isabel Allende/Robert Shekter/Panchita Llona,3.64,60930179,9780060000000.0,eng,320,3732,195,04/07/1999,Harper Perennial
16532,Of Love and Shadows,Isabel Allende/Margaret Sayers Peden,3.97,553383833,9780550000000.0,eng,304,17808,403,8/30/2005,Dial Press Trade Paperback
16535,Strange Relations,Philip José Farmer,3.71,1416509348,9781420000000.0,eng,476,291,14,02/07/2006,Baen Books
16542,The Black Tower (Philip José Farmer's The Dungeon  #1),Richard A. Lupoff/Bruce Coville/Philip José Farmer/Charles de Lint/Robin Wayne Bailey/Robert Gould,3.29,553273469,9780550000000.0,eng,339,515,19,07/01/1988,Spectra Books
16543,Dayworld (Dayworld #1),Philip José Farmer,3.64,441140017,9780440000000.0,eng,258,1315,68,03/01/1986,Ace Books
16544,The Dungeon 2 (Philip José Farmer's The Dungeon  Omnibus Volume 2: Valley of Thunder/Lake of Fire),Charles de Lint/Robin Wayne Bailey/Philip José Farmer,3.5,743458532,9780740000000.0,eng,608,50,0,05/01/2003,iBooks
16546,Pictures by J.R.R. Tolkien,J.R.R. Tolkien/Christopher Tolkien,4.47,395606489,9780400000000.0,eng,102,531,14,10/01/1992,Houghton Mifflin
16547,The J.R.R. Tolkien Handbook: A Comprehensive Guide to His Life  Writings  and World of Middle-Earth,Colin Duriez/Brian Sibley,3.72,801030145,9780800000000.0,en-US,316,32,2,11/01/2002,Baker Books
16555,Mr. Majeika and the School Trip,Humphrey Carpenter,3.85,141303352,9780140000000.0,eng,89,50,2,4/29/1999,Puffin
16556,The Infinite Plan,Isabel Allende,3.72,60924985,9780060000000.0,eng,384,7347,300,03/04/1994,Harper Perennial
16562,Ines of My Soul,Isabel Allende/Margaret Sayers Peden,3.93,61161578,9780060000000.0,eng,528,62,13,11/07/2006,Harper
16566,Selected Non-Fictions,Jorge Luis Borges/Suzanne Jill Levine/Esther Allen/Eliot Weinberger,4.43,140290117,9780140000000.0,eng,560,2059,90,11/01/2000,Penguin Books
16568,The Book of Imaginary Beings,Jorge Luis Borges/Margarita Guerrero/Peter Sís/Andrew Hurley,4.09,143039938,9780140000000.0,eng,236,5007,238,9/26/2006,Penguin Books
16569,Ficciones,Jorge Luis Borges/Gordon Botherston/Peter Hulme,4.45,1853995908,9781850000000.0,spa,232,90,4,12/09/1999,BCP/Duckworth Publishing
16570,This Craft of Verse,Jorge Luis Borges/Călin-Andrei Mihăilescu,4.32,674008200,9780670000000.0,eng,160,811,70,3/30/2002,Harvard University Press
16572,Doyle Brunson's Super System,Doyle Brunson/Mike Caro/David  Reese/Joey Hawthorne/David Sklansky/Bobby Baldwin,3.94,1580420818,9781580000000.0,eng,605,2080,73,12/31/2002,Cardoza
16575,Color Drawing: Design Drawing Skills and Techniques for Architects  Landscape Architects  and Interior Designers,Michael E. Doyle,4.26,471292451,9780470000000.0,eng,360,161,3,6/30/1999,Wiley
16580,The Grail: A Year Ambling & Shambling Through an Oregon Vineyard in Pursuit of the Best Pinot Noir Wine in the Whole Wild World,Brian  Doyle/Mary Miller Doyle,4.01,870710931,9780870000000.0,eng,208,160,43,04/01/2006,Oregon State University Press
16593,The Coming of the Fairies,Arthur Conan Doyle/John M. Lynch,3.39,803266553,9780800000000.0,eng,189,208,38,10/01/2006,Bison Books
16595,Vampire Hunter D Volume 06: Pilgrimage of the Sacred and the Profane,Hideyuki Kikuchi/Yoshitaka Amano,4.1,1595821066,9781600000000.0,en-US,208,844,26,11/22/2006,Digital Manga Publishing / Dark Horse
16596,Vampire Hunter D Volume 05: The Stuff of Dreams,Hideyuki Kikuchi/Yoshitaka Amano,3.99,1595820949,9781600000000.0,en-US,208,1083,26,9/13/2006,Digital Manga Publishing / Dark Horse
16597,Demon Deathchase (Vampire Hunter D  #3),Hideyuki Kikuchi/Yoshitaka Amano,4.02,1595820310,9781600000000.0,eng,211,1506,53,1/18/2006,Digital Manga Publishing / Dark Horse
16598,Vampire Hunter D Volume 04: Tale of the Dead Town,Hideyuki Kikuchi/Yoshitaka Amano,3.92,1595820930,9781600000000.0,en-US,205,1158,30,5/24/2006,Digital Manga Publishing / Dark Horse
16601,Vampire Hunter D Volume 07: Mysterious Journey to the North Sea - Part One,Hideyuki Kikuchi/Yoshitaka Amano,4.27,1595821074,9781600000000.0,en-US,209,1062,19,05/07/2007,Digital Manga Publishing / Dark Horse
16602,Coffin: The Art of Vampire Hunter D,Yoshitaka Amano,4.58,1595820612,9781600000000.0,eng,199,596,16,11/01/2006,Dark Horse Books
16604,Paradise Lost and Paradise Regained,John Milton/Christopher Ricks/Susanne Woods,4.08,451527925,9780450000000.0,en-US,357,329,29,11/01/2001,Signet Classics
16605,Paradise Lost,John Milton/Merritt Y. Hughes/David Scott Kastan,3.82,872207331,9780870000000.0,eng,427,328,37,9/15/2005,Hackett Publishing Company  Inc.
16609,Leviathan,Thomas Hobbes/Edwin M. Curley,3.7,872201775,9780870000000.0,eng,672,500,32,03/01/1994,Hackett Publishing Company  Inc.
16616,The Book of Leviathan,Peter Blegvad,4.16,1585670987,9781590000000.0,en-US,160,631,52,4/23/2001,Harry N. Abrams
16619,Democracy in America,Alexis de Tocqueville/Isaac Kramnick/Gerald Bevan,4.02,140447601,9780140000000.0,eng,992,18925,523,4/24/2003,Penguin Classics
16621,Democracy in America,Alexis de Tocqueville/Harvey Mansfield/Delba Winthrop,4.02,226805360,9780230000000.0,eng,722,390,40,04/01/2002,University of Chicago Press
16627,Magic Carpet Ride: The Autobiography of John Kay and Steppenwolf,John     Kay/John Einarson,4.1,1550821083,9781550000000.0,eng,372,10,2,10/01/1994,Quarry Press
16630,Steppenwolf Theatre Company : Twenty-Five Years of an Actor's Theater,Victor Skrebneski,4.25,1570715831,9781570000000.0,eng,144,8,2,12/01/2000,Sourcebooks
16634,The Glass Bead Game,Hermann Hesse/Richard Winston/Clara Winston/Theodore Ziolkowski,4.11,312278497,9780310000000.0,eng,558,24967,934,12/06/2002,Picador
16640,The Sorrows of Young Werther,Johann Wolfgang von Goethe/Burton Pike/Edla Valdna,3.67,812969901,9780810000000.0,eng,149,45626,1721,02/08/2005,Modern Library
16641,The Sorrows of Young Werther and Selected Writings,Johann Wolfgang von Goethe/Catherine Hutter/Marcelle Clements,3.8,451529626,9780450000000.0,eng,255,971,38,07/05/2005,Signet Classics
16642,The Sorrows of Young Werther,Johann Wolfgang von Goethe/Nathan Haskell Dole/Thomas Carlyle/R. Dillon Boylan,3.67,159569045X,9781600000000.0,en-US,104,16,0,8/15/2006,MONDIAL
16647,The Dream Master,Roger Zelazny,3.64,575073438,9780580000000.0,eng,160,12,0,12/31/2010,Gollancz
16649,The Queen's Necklace,Teresa Edgerton,3.61,380789116,9780380000000.0,eng,592,99,14,07/03/2001,Harper Voyager
16653,Goblin Moon (The Goblin Moon Duology #1),Teresa Edgerton,3.79,441294278,9780440000000.0,eng,293,244,36,02/01/1991,Ace
16654,The Work of the Sun (The Green Lion Trilogy #3),Teresa Edgerton,4,441909116,9780440000000.0,eng,258,157,5,03/01/1990,Ace
16656,The Castle of  the Silver Wheel,Teresa Edgerton,3.94,441092756,9780440000000.0,eng,278,89,4,02/01/1993,Ace
16669,China and Japan (Myths and Legends),Donald A. Mackenzie,3.52,517604469,9780520000000.0,eng,404,23,3,3/27/1988,Crescent
16670,A Madman Dreams of Turing Machines,Janna Levin,3.68,1400040302,9781400000000.0,eng,230,1136,180,8/22/2006,Alfred A. Knopf
16675,Turing and the Universal Machine: The Making of the Modern Computer,Jon Agar/Jon Turney,3.33,1840462507,9781840000000.0,eng,153,56,6,4/23/1997,Totem Books
16677,Ad Infinitum... The Ghost in Turing's Machine: Taking God Out of Mathematics and Putting the Body Back In. An Essay in Corporeal Semiotics,Brian Rotman,4.06,804721289,9780800000000.0,en-US,224,17,2,09/01/1993,Stanford University Press
16681,Heart of Darkness,Joseph Conrad,3.42,1599869500,9781600000000.0,eng,101,1363,58,9/24/2006,Filiquarian Publishing  LLC.
16682,Rocket Ship Galileo (Heinlein's Juveniles  #1),Robert A. Heinlein,3.71,044101237X,9780440000000.0,eng,211,6329,145,12/28/2004,Ace
16683,Tunnel in the Sky (Heinlein's Juveniles  #9),Robert A. Heinlein,3.94,1416505512,9781420000000.0,eng,262,10249,356,04/01/2005,Pocket Books
16685,The Cat Who Walks Through Walls (The World As Myth),Robert A. Heinlein,3.7,441094996,9780440000000.0,en-US,388,19427,572,06/01/1988,Ace Books
16686,The Fantasies of Robert A. Heinlein,Robert A. Heinlein,3.9,312875576,9780310000000.0,en-US,342,788,45,5/17/2002,Tor Books
16689,Citizen of the Galaxy,Robert A. Heinlein,3.99,1416505520,9781420000000.0,eng,288,11800,413,05/01/2005,Pocket Books: Gallery Books
16690,The Moon is a Harsh Mistress,Robert A. Heinlein,4.17,340837942,9780340000000.0,eng,288,93782,2466,3/14/2005,Hodder & Stoughton
16692,Roverandom,J.R.R. Tolkien/Wayne G. Hammond/Christina Scull,3.87,395957990,9780400000000.0,eng,128,471,70,6/30/1999,Houghton Mifflin Harcourt
16697,The Mysteries of Pittsburgh,Michael Chabon,3.64,60790598,9780060000000.0,eng,320,21823,1518,07/05/2005,Harper Perennial
16702,Summerland,Michael Chabon,3.55,786816155,9780790000000.0,eng,500,619,69,03/01/2004,Miramax
16703,The Yiddish Policemen's Union,Michael Chabon,3.71,7149824,9780010000000.0,eng,414,53300,5699,05/01/2007,HarperCollins
16710,The Toy Maker: The Life and Times of Inventor Frank Hornby,Anthony Mcreavy,3,91895812,9780090000000.0,eng,352,1,1,08/01/2004,Ebury Press
16713,The Disappointment Artist,Jonathan Lethem,3.63,1400076811,9781400000000.0,eng,149,1613,129,3/14/2006,Vintage
16716,The Wall of the Sky  the Wall of the Eye,Jonathan Lethem,3.67,156032481,9780160000000.0,eng,304,1158,95,03/05/2007,Mariner Books
16717,You Don't Love Me Yet,Jonathan Lethem,2.81,038551218X,9780390000000.0,eng,225,3854,547,5/29/2007,Doubleday Books
16718,Gun  With Occasional Music,Jonathan Lethem,3.77,156028972,9780160000000.0,eng,271,8141,786,09/01/2003,Mariner Books
16720,As She Climbed Across the Table,Jonathan Lethem,3.67,375700129,9780380000000.0,eng,212,4488,380,2/24/1998,Vintage
16721,Living With the Passive-Aggressive Man,Scott Wetzler,4.03,671870742,9780670000000.0,en-US,208,208,30,10/01/1993,Touchstone
16726,Cypress Gardens (Images of America: Florida),Mary M. Flekke/Sarah E. MacDonald/Randall M. MacDonald,3,073854339X,9780740000000.0,eng,128,5,1,11/27/2006,Arcadia Publishing (SC)
16728,The Organized Student: Teaching Children the Skills for Success in School and Beyond,Donna Goldberg/Jennifer Zwiebel,3.82,743270207,9780740000000.0,en-US,246,222,26,07/05/2005,Touchstone
16729,Beach Music,Pat Conroy,4.15,553381539,9780550000000.0,eng,592,38496,2450,3/26/2002,Dial Press
16734,Der Gesang Des Meeres. Beach Music,Pat Conroy,4.15,340412801X,9783400000000.0,ger,894,7,2,04/01/1998,Lübbe
16735,The Prince of Tides,Pat Conroy,4.24,553381547,9780550000000.0,eng,679,178717,3473,3/26/2002,Dial Press Trade Paperback
16739,Blessings,Belva Plain,3.91,440243254,9780440000000.0,eng,393,2562,39,9/15/2010,Dell
16761,Seven Complete Perry Mason Novels - The Case Of: The Foot-Loose Doll / The Glamorous Ghost / The Long-Legged Models / The Lucky Loser  The Screaming Woman / The Terrified Typist / The Waylaid Wolf,Erle Stanley Gardner,4.01,517293633,9780520000000.0,eng,821,76,6,7/19/1994,Random House Value Publishing
16763,The Case of the Glamorous Ghost (Perry Mason),Erle Stanley Gardner,3.89,345437861,9780350000000.0,eng,232,604,35,2/29/2000,Fawcett Books
16767,The Case of the Half-Wakened Wife,Erle Stanley Gardner,3.88,034537147X,9780350000000.0,eng,245,435,23,3/13/1991,Fawcett
16776,I Dreamed I Married Perry Mason (A Cece Caruso Mystery  #1),Susan Kandel,3.47,60581069,9780060000000.0,eng,280,788,104,3/29/2005,Avon
16779,The Case of the Terrified Typist (Perry Mason #49),Erle Stanley Gardner,3.75,034591483X,9780350000000.0,eng,154,591,31,07/01/1999,Ballantine Books
16782,The Case of the Curious Bride (Perry Mason Mystery),Erle Stanley Gardner,3.87,345437837,9780350000000.0,eng,192,1559,61,01/04/2000,Fawcett
16788,Fragile Things: Short Fictions and Wonders,Neil Gaiman,4,60515228,9780060000000.0,eng,360,45473,2540,9/26/2006,William Morrow
16789,The Good Fairies of New York,Martin Millar/Neil Gaiman,3.51,1933368365,9781930000000.0,eng,242,4343,563,09/08/2006,Soft Skull Press
16790,Smoke and Mirrors: Short Fiction and Illusions,Neil Gaiman,4.04,380789027,9780380000000.0,eng,365,53464,1906,8/30/2005,Avon Books
16791,Death: The High Cost of Living,Neil Gaiman/Chris Bachalo/Mark Buckingham/Tori Amos,4.19,1852864982,9781850000000.0,eng,104,38276,462,06/09/1994,Titan Books
16793,Stardust,Neil Gaiman,4.08,61142026,9780060000000.0,eng,248,283274,11746,8/29/2006,Harper Perennial
16794,The Facts in the Case of the Departure of Miss Finch,Neil Gaiman/Michael Zulli,3.54,1593076673,9781590000000.0,eng,51,2038,198,04/01/2008,Dark Horse Books
16798,The Diagnosis,Alan Lightman,2.86,375725504,9780380000000.0,eng,384,898,123,2/19/2002,Vintage
16799,The Best American Science Writing 2002,Matt Ridley/Jesse Cohen/Alan Lightman/Joseph D'Agnese,3.85,60936509,9780060000000.0,eng,352,67,7,09/03/2002,Harper Perennial
16802,The Complete Poetry,John Milton/John T. Shawcross,4.06,385023510,9780390000000.0,en-US,672,3418,20,07/06/1971,Anchor
16803,The Complete Poems and Major Prose,John Milton/Merritt Y. Hughes,4.18,872206785,9780870000000.0,eng,1088,914,22,07/01/2003,Hackett Publishing Company  Inc.
16806,The Man and the Author: John Milton: Twentieth Century Perspectives,J. Martin Evans,0,415940478,9780420000000.0,eng,386,0,0,11/08/2002,Routledge
16807,The Major Works,John Milton/Jonathan Goldberg/Stephen Orgel,4.24,019280409X,9780190000000.0,eng,1008,285,12,04/03/2003,Oxford University Press
16809,Christopher and His Kind,Christopher Isherwood,4.11,816638632,9780820000000.0,eng,352,2261,88,9/18/2001,Univ Of Minnesota Press
16813,The Condor And The Cows: A South American Travel Diary,Christopher Isherwood/William Caskey/Jeffrey Meyers,3.8,816639825,9780820000000.0,eng,248,45,9,11/10/2003,Univ Of Minnesota Press
16842,A Single Man,Christopher Isherwood,4.1,816638624,9780820000000.0,eng,192,17451,1029,3/20/2001,Univ Of Minnesota Press
16844,Christopher et son monde  1929-1939,Christopher Isherwood,4.11,2010080874,9782010000000.0,fre,343,1,0,04/01/1981,Hachette Littérature
16857,The Love of the Last Tycoon,F. Scott Fitzgerald,3.65,20199856,9780020000000.0,eng,169,7135,386,4/14/1995,Scribner
16874,About This Life,Barry  Lopez,4.13,186046565X,9781860000000.0,eng,304,595,56,05/01/1999,The Harvill Press
16878,Arctic Dreams,Barry  Lopez,4.21,375727485,9780380000000.0,eng,496,5155,333,10/02/2001,Vintage
16879,Field Notes: The Grace Note of the Canyon Wren,Barry  Lopez,4.13,1400075122,9781400000000.0,eng,176,323,19,06/08/2004,Vintage
16881,The Rediscovery of North America,Barry  Lopez,4.06,679740996,9780680000000.0,eng,64,245,37,09/01/1992,Vintage
16886,Deadly Feasts: Tracking the Secrets of a Terrifying New Plague,Richard Rhodes,4,684844257,9780680000000.0,eng,272,1121,76,5/22/1998,Simon  Schuster
16887,How to Write: Advice and Reflections,Richard Rhodes,3.87,688149480,9780690000000.0,eng,240,162,19,10/16/1996,William Morrow Paperbacks
16888,John James Audubon,Richard Rhodes,4.13,037571393X,9780380000000.0,eng,528,460,65,04/11/2006,Vintage
16891,Masters of Death: The SS-Einsatzgruppen and the Invention of the Holocaust,Richard Rhodes,4.05,375708227,9780380000000.0,en-US,335,1864,93,12/18/2003,Vintage
16892,A Hole in the World: An American Boyhood,Richard Rhodes,3.9,700610383,9780700000000.0,eng,288,182,24,4/26/2000,University Press of Kansas
16893,The Crack-Up,F. Scott Fitzgerald/Edmund Wilson,3.92,811212475,9780810000000.0,eng,347,2477,133,4/30/2003,New Directions Publishing Corporation
16894,Walden & Resistance to Civil Government (Critical Edition),Owen  Thomas/William John Rossi/Henry David Thoreau/William Rossi,3.95,393959058,9780390000000.0,eng,482,233,23,8/19/1992,W.W. Norton & Company
16895,Collected Essays and Poems,Henry David Thoreau/Elizabeth Hall Witherell,4.22,1883011957,9781880000000.0,eng,703,328,9,4/23/2001,Library of America
16897,The Portable Thoreau,Henry David Thoreau/Carl Bode,4.18,140150315,9780140000000.0,eng,698,666,28,1/27/1977,Penguin Books
16898,True Harvest: Readings From Henry David Thoreau For Every Day Of The Year,Henry David Thoreau/Barry M. Andrews,4.75,1558964908,9781560000000.0,eng,304,8,2,10/07/2005,Skinner House Books
16900,Civil Disobedience and Other Essays,Henry David Thoreau,4.06,1420925229,9781420000000.0,eng,188,13736,189,01/01/2005,Digireads.com
16902,Walden,Henry David Thoreau,3.79,691096120,9780690000000.0,eng,352,128351,3652,4/18/2004,Princeton University Press
16908,Interrupted Music: The Making of Tolkien's Mythology,Verlyn Flieger,4.21,873388240,9780870000000.0,eng,192,131,8,3/31/2005,Kent State University Press
16914,The Tolkien Fan's Medieval Reader,David E. Smith (Turgon of TheOneRing.net, one of the founding members of this Tolkien website)/Verlyn Flieger/Turgon (=David E. Smith),3.58,1593600119.0,9.78159E+12,eng,400,26,4,Cold Spring Press
16918,Touchy and Feely (Sissy Sawyer  #1),Graham Masterton,3.37,072789160X,9780730000000.0,eng,208,86,12,02/01/2007,Severn House Publishers
16919,Prey,Graham Masterton,3.83,843946334,9780840000000.0,eng,352,812,51,11/01/1999,Leisure Books
16920,Hidden World,Graham Masterton,3.47,727859625,9780730000000.0,eng,182,58,5,03/01/2003,Severn House Publishers
16921,The House That Jack Built,Graham Masterton,3.88,843947462,9780840000000.0,eng,385,1596,64,06/01/2000,Leisure Books
16928,The Riverside Milton,John Milton/Roy C. Flannagan,4.26,395809991,9780400000000.0,eng,1248,772,19,03/09/1998,Cengage Learning
16940,How to Read a Poem,Terry Eagleton,3.73,1405151412,9781410000000.0,eng,182,445,44,10/20/2006,Wiley-Blackwell
16944,The Gatekeeper: A Memoir,Terry Eagleton,3.78,312316135,9780310000000.0,eng,192,96,10,06/02/2003,St. Martin's Griffin
16946,The Ideology of the Aesthetic,Terry Eagleton,4.11,631163026,9780630000000.0,eng,432,265,13,01/08/1991,Basil Blackwell (Cambridge  MA/Oxford)
16947,Marxism and Literary Criticism,Terry Eagleton,3.89,415285844,9780420000000.0,eng,84,646,33,6/13/2002,Routledge
16948,Children of God (The Sparrow  #2),Mary Doria Russell,4.06,044900483X,9780450000000.0,eng,451,15158,1417,02/02/1999,Ballantine Books
16951,When the Lion Feeds (Courtney  #1),Wilbur Smith,4.19,312940661,9780310000000.0,eng,544,10311,350,10/03/2006,St. Martin's Paperbacks
16954,Birds of Prey (Courtney #9),Wilbur Smith,4.19,312317115,9780310000000.0,eng,560,8082,191,5/16/2003,St. Martin's Griffin
16961,Alberic the Wise,Norton Juster/Leonard Baskin,3.73,887082432,9780890000000.0,eng,24,103,9,09/01/1992,Picture Book Studio Ltd
16963,The Hello  Goodbye Window,Norton Juster/Chris Raschka,3.87,786809140,9780790000000.0,en-US,32,8898,1311,4/26/2005,Little  Brown Books for Young Readers
16965,The Dot and the Line: A Romance in Lower Mathematics,Norton Juster,4.34,394733525,9780390000000.0,eng,62,57,6,02/12/1977,Random House
16966,Le Royaume fantôme,Norton Juster,4.21,2013218478,9782010000000.0,fre,251,3,1,1/15/2003,Hachette Jeunesse
16967,1632,Eric Flint,4.04,1416532811,9781420000000.0,eng,597,8406,638,6/15/2006,Baen Books
16968,Lützen 1632 : climax of the Thirty Years war,Richard Brzezinski/Graham Turner,3.56,1855325527,9781860000000.0,eng,96,15,1,2/25/2001,Osprey Publishing
16982,Marvels,Kurt Busiek/Alex Ross,4.22,785100490,9780790000000.0,eng,216,23519,482,01/10/2007,Marvel Comics
16986,Marvels,Kurt Busiek/Alex Ross,4.22,785113886,9780790000000.0,eng,398,146,25,01/01/2004,Marvel Comics Group
16987,Superman: Back in Action,Kurt Busiek/Fabian Nicieiza/Len Wein/Gerry Conway/Pete Woods/José Luis García-López,3.21,1401212638,9781400000000.0,en-US,144,140,12,1/31/2007,DC Comics
16989,Spider-Man: Saga of the Sandman,Stan Lee/Roy Thomas/Tom DeFalco/Kurt Busiek/Steve Ditko/Jack Kirby/Herb Trimpe/Ross Andru,3.43,785124977,9780790000000.0,eng,176,46,5,3/21/2007,Marvel
16991,Superman: Up  Up  and Away!,Kurt Busiek/Geoff Johns/Pete Woods/Renato Guedes,3.94,1401209548,9781400000000.0,eng,192,1681,51,9/27/2006,DC Comics
16992,Kingdom Come,Mark Waid/Alex Ross/Elliot S. Maggin,4.25,1563893304,9781560000000.0,eng,231,47513,1000,10/01/1997,DC Comics
16993,Fantastic Four  Volume 2,Mark Waid/Mike Wieringo/Howard Porter,3.92,078511775X,9780790000000.0,eng,264,96,8,3/16/2005,Marvel Comics Group
16994,The Flash: Dead Heat,Mark Waid/Oscar Jimenez/Humberto Ramos/José Marzán Jr./Wayne Faucher,3.93,1563896230,9781560000000.0,eng,144,216,10,08/01/2000,DC Comics
16995,Fantastic Four  Volume 3,Mark Waid/Mike Wieringo,3.95,785120114,9780790000000.0,eng,256,118,5,11/23/2005,Marvel Comics Group
16996,Underworld Unleashed,Mark Waid/Scott Peterson/Howard Porter/Dennis Janke/Phil Jimenez/J.H. Williams III/John Stokes/Mick Gray/Dan           Green,3.12,1563894475,9781560000000.0,eng,176,111,6,04/01/1998,DC Comics
16999,Fantastic Four  Vol 5: Disassembled,Mark Waid/Paco Medina,3.28,785115366,9780790000000.0,eng,136,192,13,01/01/2005,Marvel Comics Group
17005,Devilish,Maureen Johnson,3.46,1595140603,9781600000000.0,eng,263,4782,463,09/07/2006,Razorbill
17007,The Devilish Pleasures of a Duke (Boscastle  #6),Jillian Hunter,3.99,345487621,9780350000000.0,eng,345,938,46,7/31/2007,Ballantine Books
17011,A Devilish Dilemma,Judith A. Lansdowne,4.02,821758268,9780820000000.0,eng,288,54,6,01/01/1998,Zebra
17015,Paranoid Park,Blake Nelson,3.63,670061182,9780670000000.0,en-US,180,1109,145,9/21/2006,Viking Books
17018,Notes on a Scandal,Zoë Heller,3.71,141012250,9780140000000.0,eng,244,1154,149,03/04/2004,Penguin
17020,13 Little Blue Envelopes (Little Blue Envelope  #1),Maureen Johnson,3.64,60541431,9780060000000.0,eng,322,70689,4067,12/21/2010,HarperCollins Publishers
17022,My Ishmael (Ishmael  #3),Daniel Quinn,4.07,553379658,9780550000000.0,eng,293,8654,412,10/06/1998,Bantam
17026,Ishmael (Star Trek: The Original Series  #23),Barbara Hambly,3.93,671743554,9780670000000.0,eng,256,1485,85,09/01/1991,Pocket Books
17027,Mumbo Jumbo,Ishmael Reed/Gérard H. Durand,3.82,2879291488,9782880000000.0,fre,292,34,1,01/05/1998,Éditions de L'Olivier
17030,Flatland,Edwin A. Abbott/Rosemary Jann,3.82,192805983,9780190000000.0,eng,176,314,43,09/01/2006,Oxford University Press
17031,Flatland,Edwin A. Abbott/Ian Stewart,3.82,190398517X,9781900000000.0,eng,272,14,2,03/06/2002,Basic Books
17032,Flatland: A Romance of Many Dimensions,Edwin A. Abbott,3.82,1406503436,9781410000000.0,eng,100,11,1,1/16/2006,Dodo Press
17035,Flatland: A Romance of Many Dimensions,Edwin A. Abbott,3.82,1419120026,9781420000000.0,eng,64,4,0,6/17/2004,Kessinger Publishing
17039,Flatterland,Ian Stewart,3.71,330393774,9780330000000.0,eng,295,24,3,03/07/2003,Pan Publishing
17040,American Government: Continuity and Change,Karen  O'Connor/Larry J. Sabato,2.83,321209184,9780320000000.0,eng,792,1,0,03/04/2005,Longman Publishing Group
17043,Essentials of American Government: Continuity and Change,Karen  O'Connor/Larry J. Sabato,3.5,032127623X,9780320000000.0,eng,604,4,0,04/01/2005,Longman Publishing Group
17045,American Government: Continuity and Change  Texas Edition,Karen  O'Connor/Larry J. Sabato,2.83,321365607,9780320000000.0,eng,1088,0,0,5/26/2005,Longman Publishing Group
17054,Stardust of Yesterday (de Piaget  #9; de Paiget/MacLeod  #1),Lynn Kurland,4.09,042518238X,9780430000000.0,eng,368,3709,169,04/01/2001,Berkley Publishing
17056,Moonage Daydream: The Life & Times of Ziggy Stardust,David Bowie/Mick Rock,4.3,789313502,9780790000000.0,eng,320,450,17,9/20/2005,Universe
17057,From Sawdust to Stardust: The Biography of DeForest Kelley,Terry Lee Rioux,4.08,743457625,9780740000000.0,eng,362,185,36,02/01/2005,Gallery Books
17059,The Hitchhiker's Guide to the Galaxy (Hitchhiker's Guide  #1),Douglas Adams,4.22,1400052939,9781400000000.0,eng,271,212,18,10/19/2004,Crown Publishing Group (NY)
17061,Coraline,Neil Gaiman/Dave McKean,4.06,61139378,9780060000000.0,eng,162,403622,13096,8/29/2006,William Morrow Paperbacks
17067,Jurassic Park Institute Dinosaur Field Guide,Michael K. Brett-Surman/Thomas R. Holtz Jr./Bob Walters,4.15,375812938,9780380000000.0,en-US,160,2,1,06/12/2001,Random House Children's Books
17075,Lost World of Agharti: The Mystery of Vril Power,Alec MacLellan,3.84,285633147,9780290000000.0,eng,232,24,0,3/21/1996,Souvenir Press
17085,I Am the Blues: The Willie Dixon Story,Willie Dixon/Don Snowden,4.02,306804158,9780310000000.0,en-US,264,61,13,8/22/1990,Da Capo Press
17098,Isaac Newton,James Gleick,3.84,1400032954,9781400000000.0,eng,288,5495,324,06/08/2004,Vintage
17112,Things Fall Apart: An Adapted Classic,Chinua Achebe,3.66,130235016,9780130000000.0,eng,113,43,0,4/17/2000,Globe
17116,The Stranger,Albert Camus/Stuart Gilbert,3.98,394700023,9780390000000.0,en-US,154,1493,184,09/12/1954,Vintage
17118,Having Our Say: The Delany Sisters' First 100 Years,Emily Mann/Sarah L. Delany/A. Elizabeth Delany/Amy Hill Hearth,4.02,822215020,9780820000000.0,eng,62,81,9,03/01/1996,Dramatists Play Service
17122,Retrospective  1964-1984,H.R. Giger/Kathi Christen/Adrienne Theimer/Ernst  Fuchs,4.35,1883398290,9781880000000.0,eng,112,115,4,11/04/1997,Morpheus International
17123,Handmaid's Tale,Margaret Atwood,4.11,860688666,9780860000000.0,eng,324,400,35,4/14/1994,Virago Press Ltd
17125,One Day in the Life of Ivan Denisovich,Aleksandr Solzhenitsyn/H.T. Willetts,3.95,374529523,9780370000000.0,eng,182,73577,2521,3/16/2005,Farrar  Straus and Giroux
17133,The Two-Mile Time Machine: Ice Cores  Abrupt Climate Change  and Our Future,Richard B. Alley,3.98,691102961,9780690000000.0,eng,229,143,18,7/21/2002,Princeton University Press
17142,Collected Essays: Notes of a Native Son / Nobody Knows My Name / The Fire Next Time / No Name in the Street / The Devil Finds Work / Other Essays,James Baldwin/Toni Morrison,4.61,1883011523,9781880000000.0,eng,869,1495,75,02/01/1998,Library of America (NY)
17149,Love and Louis XIV: The Women in the Life of the Sun King,Antonia Fraser,3.9,385509847,9780390000000.0,eng,388,5680,216,3/20/2007,Nan A. Talese
17150,My Ántonia (Great Plains Trilogy  #3),Willa Cather,3.79,1583485090,9781580000000.0,eng,232,91539,4662,2/20/2000,New Millennium Library
17151,Marie Antoinette: The Journey,Antonia Fraser,3.93,385489498,9780390000000.0,eng,512,1102,154,11/12/2002,Anchor
17152,My Antonia (Great Plains trilogy #3),Willa Cather/Alyssa  Harad,3.79,743487699,9780740000000.0,eng,314,5985,507,03/04/2009,Pocket Books
17153,The Bush Agenda: Invading the World  One Economy at a Time,Antonia Juhasz,4.05,60846879,9780060000000.0,eng,400,52,6,4/25/2006,William Morrow
17157,Marie Antoinette: The Journey,Antonia Fraser,3.93,307277747,9780310000000.0,eng,512,27291,809,09/12/2006,Anchor Books
17158,Don Quixote: The Ormsby Translation  Revised  Backgrounds and Sources  Criticism,Miguel de Cervantes Saavedra/John Ormsby,3.87,393090183,9780390000000.0,eng,1003,56,9,11/01/1980,W. W. Norton & Company
17170,A Tale of Two Cities,Charles Dickens/Gillen D'Arcy Wood,3.84,1593083327,9781590000000.0,en-GB,409,301,44,10/21/2004,Barnes  Noble Classics
17174,A Yellow Raft in Blue Water,Michael Dorris,3.86,312421850,9780310000000.0,en-US,372,16190,897,03/05/2003,Picador USA
17176,The Sound and the Fury,William Faulkner,3.86,679600175,9780680000000.0,eng,368,518,80,09/05/1992,Modern Library
17178,The Sound and the Fury: An Authoritative Text  Backgrounds and Contexts  Criticism,William Faulkner/David Minter/Noel Polk/Ben Wasson/C. Vann Woodward/Robert Penn Warren/Richard H. King/Jean-Paul Sartre/Irving Howe/Ralph Ellison,3.86,393964817,9780390000000.0,eng,446,1020,126,12/17/1993,W. W. Norton & Company
17179,The Sound and the Fury,William Faulkner/Grover Gardner,3.86,739325353,9780740000000.0,eng,9,138,37,07/06/2005,Random House Audio
17181,CliffsNotes on Faulkner's The Sound and the Fury (Cliffs Notes),James Lamar Roberts/William Faulkner/CliffsNotes,3.74,822012197,9780820000000.0,en-GB,72,30,9,10/03/1963,Cliffs Notes
17184,The Invisible Man,H.G. Wells,3.64,451528522,9780450000000.0,eng,192,109551,3892,09/03/2002,Signet Classics
17185,The Invisible Man,H.G. Wells,3.64,812504674,9780810000000.0,eng,178,313,39,9/15/1992,Aerie
17188,Invisible Man,Ralph Ellison,3.86,679723137,9780680000000.0,eng,581,334,44,01/12/1990,Vintage
17189,The Invisible Man,H.G. Wells/Christopher Priest,3.64,014143998X,9780140000000.0,eng,161,871,84,3/31/2005,Penguin Classics
17202,To Sail Beyond the Sunset,Robert A. Heinlein,3.87,399132678,9780400000000.0,eng,416,98,6,07/07/1987,G.P. Putnam's Sons
17204,The Friday Night Knitting Club (Friday Night Knitting Club  #1),Kate Jacobs,3.42,399154094,9780400000000.0,eng,352,64473,7744,1/18/2007,G.P. Putnam's Sons
17206,Lady Friday (The Keys to the Kingdom  #5),Garth Nix,3.92,439700884,9780440000000.0,eng,320,19436,267,03/01/2007,Scholastic
17208,Friday,Robert A. Heinlein,3.84,345414004,9780350000000.0,eng,384,23064,476,6/17/1997,Del Rey
17214,Starship Troopers,Robert A. Heinlein,4.01,441783589,9780440000000.0,eng,335,164740,3962,5/15/1987,Ace Book
17215,Starship Troopers,Robert A. Heinlein,4.01,441014100,9780440000000.0,eng,280,1100,165,6/27/2006,Ace
17216,Starship Troopers,Robert A. Heinlein,4.01,1568654308,9781570000000.0,eng,205,172,20,08/01/1997,Ace/SFBC
17224,The Diamond Color Meditation: Color Pathway to the Soul,John  Diamond,5,1890995525,9781890000000.0,eng,74,5,3,02/01/2006,Square One Publishers
17228,Zodiac,Neal Stephenson/Jean-Pierre Pugi,3.72,2207252647,9782210000000.0,fre,391,65,0,04/09/2002,Denoël
17230,Sirens and Sea Monsters (Tales from the Odyssey #3),Mary Pope Osborne/Homer/Troy Howell,4.04,786809302,9780790000000.0,en-US,112,371,22,8/18/2003,Disney-Hyperion
17233,The Scarlet Letter,Nathaniel Hawthorne,3.4,1419542206,9781420000000.0,eng,553,23,4,11/01/2006,Kaplan
17236,Dracula,Bram Stoker/Jan Needle/Gary Blythe,3.99,744586534,9780740000000.0,eng,336,73,8,10/04/2004,Walker Books Ltd
17238,Dracula,Bram Stoker/Joseph Valente,3.99,743477367,9780740000000.0,eng,528,9871,431,10/01/2003,Pocket Books
17241,Dracula,Bram Stoker/Robert Whitfield,3.99,786180404,9780790000000.0,eng,15,53,12,12/01/1998,Blackstone Audiobooks
17243,The Bram Stoker Bedside Companion: 10 Stories by the Author of Dracula,Bram Stoker/Charles Osborne,3.44,800809637,9780800000000.0,eng,224,21,2,06/01/1973,Taplinger Publ. Company
17245,Dracula,Bram Stoker/Nina Auerbach/David J. Skal,3.99,393970124,9780390000000.0,eng,488,774987,14944,05/12/1986,Norton
17246,Macbeth,William Shakespeare/Paul Werstine/Barbara A. Mowat,3.9,743482794,9780740000000.0,eng,272,522,35,08/01/2004,Simon  Schuster
17247,Macbeth (No Fear Shakespeare),William Shakespeare/SparkNotes/John Crowther,3.9,1586638467,9781590000000.0,eng,219,1292,138,4/15/2003,SparkNotes
17248,Death of a Dreamer (Hamish Macbeth  #22),M.C. Beaton,3.83,892967897,9780890000000.0,eng,247,73,12,02/01/2006,Mysterious Press
17250,The Crucible,Arthur  Miller/Christopher Bigsby,3.58,142437336,9780140000000.0,eng,143,293374,6037,3/25/2003,Penguin Books
17252,Crucible of War: The Seven Years' War and the Fate of Empire in British North America  1754 - 1766,Fred Anderson,4.16,375706364,9780380000000.0,eng,912,3103,114,1/23/2001,Vintage
17253,Spock: The Fire and the Rose (Star Trek: Crucible  #2),David R. George III,3.96,743491696,9780740000000.0,eng,390,206,14,11/28/2006,Pocket Books
17255,McCoy: The Provenance Of Shadows (Star Trek: Crucible  #1),David R. George III,4.14,743491688,9780740000000.0,eng,640,332,38,8/29/2006,Pocket Books
17259,Kirk: The Star to Every Wandering (Star Trek: Crucible  #3),David R. George III,3.69,074349170X,9780740000000.0,eng,320,183,16,2/27/2007,Star Trek
17263,Mr Tompkins in Paperback (Canto),George Gamow/Roger Penrose,4.19,521447712,9780520000000.0,en-US,202,580,49,3/26/1993,Cambridge University Press
17265,Thirty Years that Shook Physics: The Story of Quantum Theory,George Gamow,4.19,048624895X,9780490000000.0,eng,224,958,28,07/01/1985,Dover Publications
17267,The Great Divorce,C.S. Lewis,4.28,6280560,9790010000000.0,eng,160,87527,3867,02/01/2002,HarperCollins
17271,The Metaphysics of Star Trek,Richard Hanley,3.82,465091245,9780470000000.0,eng,253,306,11,07/09/1997,Basic Books
17275,The Very Best of the Feynman Lectures,Richard P. Feynman,4.18,465099009,9780470000000.0,eng,180,123,21,10/04/2005,Basic Books
17276,The Feynman Lectures on Physics Vols 3-4,Richard P. Feynman,4.71,738209252,9780740000000.0,en-US,0,21,0,05/12/2004,Basic Books
17277,The Feynman Lectures on Physics Vols 7-8,Richard P. Feynman,4.8,738209279,9780740000000.0,en-US,0,20,0,01/03/2006,Basic Books
17279,The Feynman Lectures on Physics Vols 5-6,Richard P. Feynman,4.59,738202835,9780740000000.0,en-US,12,22,0,11/03/2004,Basic Books
17280,The Feynman Lectures on Physics Vol 3,Richard P. Feynman/Robert B. Leighton/Matthew L. Sands,4.63,805390499,9780810000000.0,eng,384,716,15,09/01/2005,Addison Wesley Publishing Company
17289,Galactic Goodnight (Disney's Little Einsteins),Susan Ring/Kirk Albert Etienne,4.42,786849738,9780790000000.0,eng,20,12,2,09/01/2006,Disney Press
17290,What Einstein Told His Cook: Kitchen Science Explained,Robert L. Wolke/Marlene Parrish,3.86,393011836,9780390000000.0,eng,320,3176,366,5/17/2002,W. W. Norton  Company
17292,Mission: Where's June? (Disney's Little Einstein),Susan Ring/Kirk Albert Etienne/Kirk Etienne Albert/Michael James Luzzi,4.5,786855398,9780790000000.0,eng,24,12,1,04/05/2006,Disney Press
17293,Babies (Baby Einstein),Julie Aigner-Clark,4,786808381,9780790000000.0,eng,20,31,2,04/02/2002,Disney Press
17294,Butterfly Suits (Disney's Little Einsteins),Marcy Kelman/Nadeem Zaidi/Andy Mastrocinque,3.68,078685538X,9780790000000.0,eng,32,26,4,09/01/2006,Disney Press
17295,Birthday Machine (Disney's Little Einsteins Early Reader),Susan Ring/Anna Okabe,4.29,786849711,9780790000000.0,eng,12,21,2,09/01/2006,Disney Press
17296,Music of the Meadow (Little Einsteins Early Reader),Susan Ring/Kelly Preston/Katie Nix,3.7,786855371,9780790000000.0,eng,28,26,1,09/01/2006,Disney Press
17297,1912 Manuscript on the Special Theory of Relativity,Albert Einstein/Hanoch Gutfreund,4.41,807615323,9780810000000.0,eng,174,17,0,5/17/2004,George Braziller Inc.
17303,Piercing the Darkness (Darkness  #2),Frank E. Peretti,4.32,1581345275,9781580000000.0,eng,448,50573,588,6/26/2003,Crossway Books
17309,This Present Darkness (Darkness  #1),Frank E. Peretti,4.22,1581345283,9781580000000.0,eng,376,86548,1637,6/26/2003,Crossway Books
17313,The Oath,Frank E. Peretti,4.07,1595540458,9781600000000.0,eng,576,32,4,8/28/2005,Thomas Nelson
17315,Oath of Swords (War God  #1),David Weber,4.01,1416520864,9781420000000.0,en-US,576,5582,128,12/26/2006,Baen
17316,Oath of Gold (The Deed of Paksenarrion  #3),Elizabeth Moon,4.27,671697986,9780670000000.0,eng,501,6200,183,01/02/1989,Baen
17319,The Oath (Dismas Hardy  #8),John Lescroart,4.02,451207645,9780450000000.0,eng,468,2781,133,01/07/2003,Signet
17320,Wind Rider's Oath (War God  #3),David Weber,4.02,1416508953,9781420000000.0,eng,570,2774,42,08/01/2005,Baen
17323,A Visitation of Spirits,Randall Kenan,3.76,375703977,9780380000000.0,eng,272,449,38,1/25/2000,Vintage
17328,Open My Eyes  Lord: A Practical Guide to Angelic Visitations and Heavenly Experiences,Gary Oates/Robert Paul Lamb/Randy Clark,4.31,975262203,9780980000000.0,eng,148,126,7,01/01/2004,Open Heaven Publications
17334,The Complete C.S. Lewis Signature Classics,C.S. Lewis,4.61,61208493,9780060000000.0,eng,746,925,40,02/06/2007,HarperOne
17341,The Collected Letters of C.S. Lewis  Volume 3: Narnia  Cambridge  and Joy  1950 - 1963,C.S. Lewis/Walter Hooper,4.47,60819227,9780060000000.0,eng,1840,144,16,01/09/2007,HarperOne
17344,Till We Have Faces: A Myth Retold,C.S. Lewis/Nadia May,4.19,786198389,9780790000000.0,eng,9,60,17,09/01/2000,Blackstone Publishing
17349,The Demon-Haunted World: Science as a Candle in the Dark,Carl Sagan/Ann Druyan,4.27,345409469,9780350000000.0,eng,459,50343,2084,2/25/1997,Ballantine Books
17352,Stephen Hawking's a Brief History of Time: A Reader's Companion,Stephen Hawking/Gene  Stone,4.08,553077724,9780550000000.0,eng,194,351,18,05/01/1992,Bantam Books
17355,The Illustrated A Brief History of Time,Stephen Hawking,4.17,593040597,9780590000000.0,eng,259,317,38,10/01/1997,Bantam
17356,Brevísima historia del tiempo,Stephen Hawking/Leonard Mlodinow/David Jou i Mirabent,4.22,8484326373,9788480000000.0,spa,198,64,4,03/08/2005,Critica (Grijalbo Mondadori)
17360,A First Course in String Theory,Barton Zwiebach,4.16,521831431,9780520000000.0,eng,578,189,8,6/28/2004,Cambridge University Press
17362,Black Holes & Time Warps: Einstein's Outrageous Legacy,Kip S. Thorne/Stephen Hawking/Frederick Seitz,4.18,393312763,9780390000000.0,eng,624,10216,165,1/17/1995,W. W. Norton  Company
17364,Surely You're Joking  Mr. Feynman!,Richard P. Feynman,4.28,009917331X,9780100000000.0,eng,350,1837,178,12/17/2006,Vintage
17366,Surely You're Joking  Mr. Feynman!: Adventures of a Curious Character,Richard P. Feynman/Raymond Todd,4.28,786177284,9780790000000.0,eng,356,74,16,01/01/1997,Blackstone Audiobooks
17375,The Meaning of It All: Thoughts of a Citizen-Scientist,Richard P. Feynman,4.05,465023940,9780470000000.0,eng,144,5907,290,04/06/2005,Basic Books
17384,Amor Y Respeto/love And Respect: El Respeto Que El Desesperadamente Necesita/ The Love She Most Desires And The Respect He Desperately Needs,Emerson Eggerichs,4.18,1591855101,9781590000000.0,spa,292,13,0,05/06/2005,Casa Creacion
17412,Chemistry: The Central Science,Theodore L. Brown/H. Eugene LeMay Jr./Bruce E. Bursten,3.88,130669970,9780130000000.0,eng,1046,539,16,5/17/2002,Prentice Hall
17426,Introduction to Linear Algebra and Differential Equations,John W. Dettman,3.5,486651916,9780490000000.0,eng,404,17,0,12/01/1986,Dover Publications
17435,Physics for Scientists and Engineers,Douglas C. Giancoli,4.01,132431068,9780130000000.0,en-US,976,110,10,1/20/2000,Prentice Hall
17437,Physics: for Scientists and Engineers with Modern Physics,Paul M. Fishbane/Stephen Gasiorowicz/Stephen T. Thornton,3.78,130352993,9780130000000.0,eng,1440,9,1,06/09/2004,Benjamin-Cummings Publishing Company
17461,Misty of Chincoteague (Misty  #1),Marguerite Henry/Wesley Dennis,4.05,1416927832,9781420000000.0,eng,176,38024,907,12/26/2006,Aladdin
17468,Black Beauty,Anna Sewell/Scott McKowen,3.96,1402714521,9781400000000.0,en-US,208,738,74,10/01/2004,Sterling
17473,Black Beauty (Coloring Book),Anna Sewell/John         Green,3.96,048629272X,9780490000000.0,eng,48,68,3,9/13/1996,Dover Publications
17488,Five on a Treasure Island (Famous Five  #1),Enid Blyton,4.09,340796146,9780340000000.0,eng,256,19173,658,6/14/2001,Hodder
17496,The Secret Seven (The Secret Seven  #1),Enid Blyton,3.87,340917547,9780340000000.0,eng,144,6881,187,4/20/2006,Hodder
17503,The Circus of Adventure,Enid Blyton,4.11,330244779,9780330000000.0,eng,192,12,0,8/22/1975,Pan
17506,La gata perdida = The Missing Cat (Las Aventuras de Nicolas = Adventures with Nicholas),Chris L. Demarest/Berlitz Publishing Company,4.14,9812468234,9789810000000.0,spa,64,0,0,8/15/2006,Berlitz Kids
17510,La Chatte Perdue = The Missing Cat (Les Aventures avec Nicolas = Adventures with Nicholas),Chris L. Demarest,4.14,981246820X,9789810000000.0,fre,64,1,0,8/15/2006,Berlitz Kids
17511,The Mystery of the Missing Cat,Gertrude Chandler Warner/Charles Tang,3.82,785759379,9780790000000.0,eng,119,5,0,01/01/1994,Turtleback Books
17513,Die Verschwundene Katze = The Missing Cat,Chris L. Demarest,4.14,2831557437,9782830000000.0,ger,64,1,0,01/01/1996,Berlitz Kids
17518,The Trolley Car Family,Eleanor Clymer/Ursula Koering,4.14,590407325,9780590000000.0,eng,256,314,46,07/01/1987,Scholastic
17533,Rose in Bloom (Eight Cousins  #2),Louisa May Alcott,4.04,316030899,9780320000000.0,eng,302,19389,382,09/01/1995,Little  Brown Books for Young Readers
17544,The Quiet Little Woman: A Christmas Story,Louisa May Alcott/C. Michael Dudash/Stephen W. Hines,3.67,1562926160,9781560000000.0,eng,122,1195,191,4/21/2009,Honor Books
17546,Louisa May Alcott on Race  Sex  and Slavery,Louisa May Alcott/Sarah Elbert,3.94,1555533078,9781560000000.0,eng,160,18,5,4/17/1997,Northeastern University Press
17548,An Old-Fashioned Thanksgiving,Louisa May Alcott/James Bernardin,3.71,60004509,9780060000000.0,eng,32,659,87,08/01/2005,HarperCollins Publishers
17550,Moods,Louisa May Alcott,3.4,813516706,9780810000000.0,eng,538,314,48,01/01/1991,Rutgers University Press
17557,The Girlhood Diary of Louisa May Alcott  1843-1846: Writings of a Young Author,Louisa May Alcott/Kerry A. Graves,3.91,736805990,9780740000000.0,eng,32,29,0,09/01/2000,Capstone Press
17580,These Happy Golden Years (Little House  #8),Laura Ingalls Wilder/Garth Williams,4.19,590488120,9780590000000.0,en-US,289,311,22,01/01/1971,Scholastic  Inc.
17581,Pioneer Girl: The Story of Laura Ingalls Wilder,William   Anderson/Dan Andreasen,4.14,006446234X,9780060000000.0,eng,32,440,36,02/02/2000,HarperCollins
17582,The Norton Anthology of Short Fiction,Richard Bausch,4.18,393926117,9780390000000.0,en-US,1776,663,15,01/05/2006,W. W. Norton & Company
17593,Red  White  and Black: The Peoples of Early North America,Gary B. Nash,3.79,139567569,9780140000000.0,eng,362,170,7,7/14/1999,Prentice Hall
17600,Homemade Love,bell hooks/Shane W. Evans,4.18,786806435,9780790000000.0,eng,32,222,33,12/23/2002,Jump At The Sun
